QFactoryLoader::QFactoryLoader() checking directory path "/home/ydssj233/文档/Sankteco/.venv/lib/python3.8/site-packages/PySide2/Qt/plugins" ...
QFactoryLoader::QFactoryLoader() checking directory path "/usr/bin" ...
QFactoryLoader::QFactoryLoader() looking at "/usr/bin/2to3-3.8"
QElfParser: '/usr/bin/2to3-3.8' is not an ELF object
"'/usr/bin/2to3-3.8' is not an ELF object" 
         not a plugin
QFactoryLoader::QFactoryLoader() looking at "/usr/bin/411toppm"
"Failed to extract plugin meta data from '/usr/bin/411toppm'" 
         not a plugin
QFactoryLoader::QFactoryLoader() looking at "/usr/bin/7z"
QElfParser: '/usr/bin/7z' is not an ELF object (file too small)
"'/usr/bin/7z' is not an ELF object (file too small)" 
         not a plugin
QFactoryLoader::QFactoryLoader() looking at "/usr/bin/7za"
QElfParser: '/usr/bin/7za' is not an ELF object (file too small)
"'/usr/bin/7za' is not an ELF object (file too small)" 
         not a plugin
QFactoryLoader::QFactoryLoader() looking at "/usr/bin/7zr"
QElfParser: '/usr/bin/7zr' is not an ELF object (file too small)
"'/usr/bin/7zr' is not an ELF object (file too small)" 
         not a plugin
QFactoryLoader::QFactoryLoader() looking at "/usr/bin/["
"Failed to extract plugin meta data from '/usr/bin/['" 
         not a plugin
QFactoryLoader::QFactoryLoader() looking at "/usr/bin/a2ping"
QElfParser: '/usr/share/texlive/texmf-dist/scripts/a2ping/a2ping.pl' is not an ELF object
"'/usr/share/texlive/texmf-dist/scripts/a2ping/a2ping.pl' is not an ELF object" 
         not a plugin
QFactoryLoader::QFactoryLoader() looking at "/usr/bin/a5booklet"
QElfParser: '/usr/bin/a5booklet' is not an ELF object
"'/usr/bin/a5booklet' is not an ELF object" 
         not a plugin
QFactoryLoader::QFactoryLoader() looking at "/usr/bin/a5toa4"
QElfParser: '/usr/share/texlive/texmf-dist/scripts/pfarrei/a5toa4.tlu' is not an ELF object
"'/usr/share/texlive/texmf-dist/scripts/pfarrei/a5toa4.tlu' is not an ELF object" 
         not a plugin
QFactoryLoader::QFactoryLoader() looking at "/usr/bin/aa-enabled"
"Failed to extract plugin meta data from '/usr/bin/aa-enabled'" 
         not a plugin
QFactoryLoader::QFactoryLoader() looking at "/usr/bin/aa-exec"
"Failed to extract plugin meta data from '/usr/bin/aa-exec'" 
         not a plugin
QFactoryLoader::QFactoryLoader() looking at "/usr/bin/aa-features-abi"
"Failed to extract plugin meta data from '/usr/bin/aa-features-abi'" 
         not a plugin
QFactoryLoader::QFactoryLoader() looking at "/usr/bin/aconnect"
"Failed to extract plugin meta data from '/usr/bin/aconnect'" 
         not a plugin
QFactoryLoader::QFactoryLoader() looking at "/usr/bin/acpi_listen"
"Failed to extract plugin meta data from '/usr/bin/acpi_listen'" 
         not a plugin
QFactoryLoader::QFactoryLoader() looking at "/usr/bin/acpidbg"
QElfParser: '/usr/bin/acpidbg' is not an ELF object
"'/usr/bin/acpidbg' is not an ELF object" 
         not a plugin
QFactoryLoader::QFactoryLoader() looking at "/usr/bin/acyclic"
"Failed to extract plugin meta data from '/usr/bin/acyclic'" 
         not a plugin
QFactoryLoader::QFactoryLoader() looking at "/usr/bin/add-apt-repository"
QElfParser: '/usr/bin/add-apt-repository' is not an ELF object
"'/usr/bin/add-apt-repository' is not an ELF object" 
         not a plugin
QFactoryLoader::QFactoryLoader() looking at "/usr/bin/addpart"
"Failed to extract plugin meta data from '/usr/bin/addpart'" 
         not a plugin
QFactoryLoader::QFactoryLoader() looking at "/usr/bin/adhocfilelist"
QElfParser: '/usr/share/texlive/texmf-dist/scripts/adhocfilelist/adhocfilelist.sh' is not an ELF object
"'/usr/share/texlive/texmf-dist/scripts/adhocfilelist/adhocfilelist.sh' is not an ELF object" 
         not a plugin
QFactoryLoader::QFactoryLoader() looking at "/usr/bin/afm2afm"
QElfParser: '/usr/share/texlive/texmf-dist/scripts/fontools/afm2afm' is not an ELF object
"'/usr/share/texlive/texmf-dist/scripts/fontools/afm2afm' is not an ELF object" 
         not a plugin
QFactoryLoader::QFactoryLoader() looking at "/usr/bin/afm2pl"
"Failed to extract plugin meta data from '/usr/bin/afm2pl'" 
         not a plugin
QFactoryLoader::QFactoryLoader() looking at "/usr/bin/afm2tfm"
"Failed to extract plugin meta data from '/usr/bin/afm2tfm'" 
         not a plugin
QFactoryLoader::QFactoryLoader() looking at "/usr/bin/airscan-discover"
"Failed to extract plugin meta data from '/usr/bin/airscan-discover'" 
         not a plugin
QFactoryLoader::QFactoryLoader() looking at "/usr/bin/aleph"
"Failed to extract plugin meta data from '/usr/bin/aleph'" 
         not a plugin
QFactoryLoader::QFactoryLoader() looking at "/usr/bin/allcm"
QElfParser: '/usr/share/texlive/texmf-dist/scripts/texlive-extra/allcm.sh' is not an ELF object
"'/usr/share/texlive/texmf-dist/scripts/texlive-extra/allcm.sh' is not an ELF object" 
         not a plugin
QFactoryLoader::QFactoryLoader() looking at "/usr/bin/allec"
QElfParser: '/usr/share/texlive/texmf-dist/scripts/texlive-extra/allcm.sh' is not an ELF object
"'/usr/share/texlive/texmf-dist/scripts/texlive-extra/allcm.sh' is not an ELF object" 
         not a plugin
QFactoryLoader::QFactoryLoader() looking at "/usr/bin/allneeded"
QElfParser: '/usr/share/texlive/texmf-dist/scripts/texlive-extra/allneeded.sh' is not an ELF object
"'/usr/share/texlive/texmf-dist/scripts/texlive-extra/allneeded.sh' is not an ELF object" 
         not a plugin
QFactoryLoader::QFactoryLoader() looking at "/usr/bin/alsabat"
"Failed to extract plugin meta data from '/usr/bin/alsabat'" 
         not a plugin
QFactoryLoader::QFactoryLoader() looking at "/usr/bin/alsaloop"
"Failed to extract plugin meta data from '/usr/bin/alsaloop'" 
         not a plugin
QFactoryLoader::QFactoryLoader() looking at "/usr/bin/alsamixer"
"Failed to extract plugin meta data from '/usr/bin/alsamixer'" 
         not a plugin
QFactoryLoader::QFactoryLoader() looking at "/usr/bin/alsatplg"
"Failed to extract plugin meta data from '/usr/bin/alsatplg'" 
         not a plugin
QFactoryLoader::QFactoryLoader() looking at "/usr/bin/alsaucm"
"Failed to extract plugin meta data from '/usr/bin/alsaucm'" 
         not a plugin
QFactoryLoader::QFactoryLoader() looking at "/usr/bin/amidi"
"Failed to extract plugin meta data from '/usr/bin/amidi'" 
         not a plugin
QFactoryLoader::QFactoryLoader() looking at "/usr/bin/amixer"
"Failed to extract plugin meta data from '/usr/bin/amixer'" 
         not a plugin
QFactoryLoader::QFactoryLoader() looking at "/usr/bin/amstex"
"Failed to extract plugin meta data from '/usr/bin/pdftex'" 
         not a plugin
QFactoryLoader::QFactoryLoader() looking at "/usr/bin/animate"
"Failed to extract plugin meta data from '/usr/bin/animate-im6.q16'" 
         not a plugin
QFactoryLoader::QFactoryLoader() looking at "/usr/bin/animate-im6"
"Failed to extract plugin meta data from '/usr/bin/animate-im6.q16'" 
         not a plugin
QFactoryLoader::QFactoryLoader() looking at "/usr/bin/animate-im6.q16"
"Failed to extract plugin meta data from '/usr/bin/animate-im6.q16'" 
         not a plugin
QFactoryLoader::QFactoryLoader() looking at "/usr/bin/anytopnm"
QElfParser: '/usr/bin/anytopnm' is not an ELF object
"'/usr/bin/anytopnm' is not an ELF object" 
         not a plugin
QFactoryLoader::QFactoryLoader() looking at "/usr/bin/aplay"
"Failed to extract plugin meta data from '/usr/bin/aplay'" 
         not a plugin
QFactoryLoader::QFactoryLoader() looking at "/usr/bin/aplaymidi"
"Failed to extract plugin meta data from '/usr/bin/aplaymidi'" 
         not a plugin
QFactoryLoader::QFactoryLoader() looking at "/usr/bin/apport-bug"
QElfParser: '/usr/bin/apport-bug' is not an ELF object
"'/usr/bin/apport-bug' is not an ELF object" 
         not a plugin
QFactoryLoader::QFactoryLoader() looking at "/usr/bin/apport-cli"
QElfParser: '/usr/bin/apport-cli' is not an ELF object
"'/usr/bin/apport-cli' is not an ELF object" 
         not a plugin
QFactoryLoader::QFactoryLoader() looking at "/usr/bin/apport-collect"
QElfParser: '/usr/bin/apport-bug' is not an ELF object
"'/usr/bin/apport-bug' is not an ELF object" 
         not a plugin
QFactoryLoader::QFactoryLoader() looking at "/usr/bin/apport-unpack"
QElfParser: '/usr/bin/apport-unpack' is not an ELF object
"'/usr/bin/apport-unpack' is not an ELF object" 
         not a plugin
QFactoryLoader::QFactoryLoader() looking at "/usr/bin/appres"
"Failed to extract plugin meta data from '/usr/bin/appres'" 
         not a plugin
QFactoryLoader::QFactoryLoader() looking at "/usr/bin/appstreamcli"
"Failed to extract plugin meta data from '/usr/bin/appstreamcli'" 
         not a plugin
QFactoryLoader::QFactoryLoader() looking at "/usr/bin/apropos"
"Failed to extract plugin meta data from '/usr/bin/whatis'" 
         not a plugin
QFactoryLoader::QFactoryLoader() looking at "/usr/bin/apt"
"Failed to extract plugin meta data from '/usr/bin/apt'" 
         not a plugin
QFactoryLoader::QFactoryLoader() looking at "/usr/bin/apt-add-repository"
QElfParser: '/usr/bin/add-apt-repository' is not an ELF object
"'/usr/bin/add-apt-repository' is not an ELF object" 
         not a plugin
QFactoryLoader::QFactoryLoader() looking at "/usr/bin/apt-cache"
"Failed to extract plugin meta data from '/usr/bin/apt-cache'" 
         not a plugin
QFactoryLoader::QFactoryLoader() looking at "/usr/bin/apt-cdrom"
"Failed to extract plugin meta data from '/usr/bin/apt-cdrom'" 
         not a plugin
QFactoryLoader::QFactoryLoader() looking at "/usr/bin/apt-config"
"Failed to extract plugin meta data from '/usr/bin/apt-config'" 
         not a plugin
QFactoryLoader::QFactoryLoader() looking at "/usr/bin/apt-extracttemplates"
"Failed to extract plugin meta data from '/usr/bin/apt-extracttemplates'" 
         not a plugin
QFactoryLoader::QFactoryLoader() looking at "/usr/bin/apt-ftparchive"
"Failed to extract plugin meta data from '/usr/bin/apt-ftparchive'" 
         not a plugin
QFactoryLoader::QFactoryLoader() looking at "/usr/bin/apt-get"
"Failed to extract plugin meta data from '/usr/bin/apt-get'" 
         not a plugin
QFactoryLoader::QFactoryLoader() looking at "/usr/bin/apt-key"
QElfParser: '/usr/bin/apt-key' is not an ELF object
"'/usr/bin/apt-key' is not an ELF object" 
         not a plugin
QFactoryLoader::QFactoryLoader() looking at "/usr/bin/apt-mark"
"Failed to extract plugin meta data from '/usr/bin/apt-mark'" 
         not a plugin
QFactoryLoader::QFactoryLoader() looking at "/usr/bin/apt-sortpkgs"
"Failed to extract plugin meta data from '/usr/bin/apt-sortpkgs'" 
         not a plugin
QFactoryLoader::QFactoryLoader() looking at "/usr/bin/aptdcon"
QElfParser: '/usr/bin/aptdcon' is not an ELF object
"'/usr/bin/aptdcon' is not an ELF object" 
         not a plugin
QFactoryLoader::QFactoryLoader() looking at "/usr/bin/apturl"
QElfParser: '/usr/bin/apturl' is not an ELF object
"'/usr/bin/apturl' is not an ELF object" 
         not a plugin
QFactoryLoader::QFactoryLoader() looking at "/usr/bin/apturl-gtk"
QElfParser: '/usr/bin/apturl-gtk' is not an ELF object
"'/usr/bin/apturl-gtk' is not an ELF object" 
         not a plugin
QFactoryLoader::QFactoryLoader() looking at "/usr/bin/arara"
QElfParser: '/usr/share/texlive/texmf-dist/scripts/arara/arara.sh' is not an ELF object
"'/usr/share/texlive/texmf-dist/scripts/arara/arara.sh' is not an ELF object" 
         not a plugin
QFactoryLoader::QFactoryLoader() looking at "/usr/bin/arch"
"Failed to extract plugin meta data from '/usr/bin/arch'" 
         not a plugin
QFactoryLoader::QFactoryLoader() looking at "/usr/bin/arecord"
"Failed to extract plugin meta data from '/usr/bin/aplay'" 
         not a plugin
QFactoryLoader::QFactoryLoader() looking at "/usr/bin/arecordmidi"
"Failed to extract plugin meta data from '/usr/bin/arecordmidi'" 
         not a plugin
QFactoryLoader::QFactoryLoader() looking at "/usr/bin/arlatex"
QElfParser: '/usr/share/texlive/texmf-dist/scripts/bundledoc/arlatex' is not an ELF object
"'/usr/share/texlive/texmf-dist/scripts/bundledoc/arlatex' is not an ELF object" 
         not a plugin
QFactoryLoader::QFactoryLoader() looking at "/usr/bin/arm2hpdl"
"Failed to extract plugin meta data from '/usr/bin/arm2hpdl'" 
         not a plugin
QFactoryLoader::QFactoryLoader() looking at "/usr/bin/asciitopgm"
"Failed to extract plugin meta data from '/usr/bin/asciitopgm'" 
         not a plugin
QFactoryLoader::QFactoryLoader() looking at "/usr/bin/aseqdump"
"Failed to extract plugin meta data from '/usr/bin/aseqdump'" 
         not a plugin
QFactoryLoader::QFactoryLoader() looking at "/usr/bin/aseqnet"
"Failed to extract plugin meta data from '/usr/bin/aseqnet'" 
         not a plugin
QFactoryLoader::QFactoryLoader() looking at "/usr/bin/aspell"
"Failed to extract plugin meta data from '/usr/bin/aspell'" 
         not a plugin
QFactoryLoader::QFactoryLoader() looking at "/usr/bin/aspell-import"
QElfParser: '/usr/bin/aspell-import' is not an ELF object
"'/usr/bin/aspell-import' is not an ELF object" 
         not a plugin
QFactoryLoader::QFactoryLoader() looking at "/usr/bin/asy"
"Failed to extract plugin meta data from '/usr/bin/asy'" 
         not a plugin
QFactoryLoader::QFactoryLoader() looking at "/usr/bin/atktopbm"
"Failed to extract plugin meta data from '/usr/bin/atktopbm'" 
         not a plugin
QFactoryLoader::QFactoryLoader() looking at "/usr/bin/atobm"
"Failed to extract plugin meta data from '/usr/bin/atobm'" 
         not a plugin
QFactoryLoader::QFactoryLoader() looking at "/usr/bin/atril"
"Failed to extract plugin meta data from '/usr/bin/atril'" 
         not a plugin
QFactoryLoader::QFactoryLoader() looking at "/usr/bin/atril-previewer"
"Failed to extract plugin meta data from '/usr/bin/atril-previewer'" 
         not a plugin
QFactoryLoader::QFactoryLoader() looking at "/usr/bin/atril-thumbnailer"
"Failed to extract plugin meta data from '/usr/bin/atril-thumbnailer'" 
         not a plugin
QFactoryLoader::QFactoryLoader() looking at "/usr/bin/authorindex"
QElfParser: '/usr/share/texlive/texmf-dist/scripts/authorindex/authorindex' is not an ELF object
"'/usr/share/texlive/texmf-dist/scripts/authorindex/authorindex' is not an ELF object" 
         not a plugin
QFactoryLoader::QFactoryLoader() looking at "/usr/bin/autoinst"
QElfParser: '/usr/share/texlive/texmf-dist/scripts/fontools/autoinst' is not an ELF object
"'/usr/share/texlive/texmf-dist/scripts/fontools/autoinst' is not an ELF object" 
         not a plugin
QFactoryLoader::QFactoryLoader() looking at "/usr/bin/autosp"
"Failed to extract plugin meta data from '/usr/bin/autosp'" 
         not a plugin
QFactoryLoader::QFactoryLoader() looking at "/usr/bin/avahi-browse"
"Failed to extract plugin meta data from '/usr/bin/avahi-browse'" 
         not a plugin
QFactoryLoader::QFactoryLoader() looking at "/usr/bin/avahi-browse-domains"
"Failed to extract plugin meta data from '/usr/bin/avahi-browse'" 
         not a plugin
QFactoryLoader::QFactoryLoader() looking at "/usr/bin/avahi-publish"
"Failed to extract plugin meta data from '/usr/bin/avahi-publish'" 
         not a plugin
QFactoryLoader::QFactoryLoader() looking at "/usr/bin/avahi-publish-address"
"Failed to extract plugin meta data from '/usr/bin/avahi-publish'" 
         not a plugin
QFactoryLoader::QFactoryLoader() looking at "/usr/bin/avahi-publish-service"
"Failed to extract plugin meta data from '/usr/bin/avahi-publish'" 
         not a plugin
QFactoryLoader::QFactoryLoader() looking at "/usr/bin/avahi-resolve"
"Failed to extract plugin meta data from '/usr/bin/avahi-resolve'" 
         not a plugin
QFactoryLoader::QFactoryLoader() looking at "/usr/bin/avahi-resolve-address"
"Failed to extract plugin meta data from '/usr/bin/avahi-resolve'" 
         not a plugin
QFactoryLoader::QFactoryLoader() looking at "/usr/bin/avahi-resolve-host-name"
"Failed to extract plugin meta data from '/usr/bin/avahi-resolve'" 
         not a plugin
QFactoryLoader::QFactoryLoader() looking at "/usr/bin/avahi-set-host-name"
"Failed to extract plugin meta data from '/usr/bin/avahi-set-host-name'" 
         not a plugin
QFactoryLoader::QFactoryLoader() looking at "/usr/bin/avinfo"
"Failed to extract plugin meta data from '/usr/bin/avinfo'" 
         not a plugin
QFactoryLoader::QFactoryLoader() looking at "/usr/bin/awk"
"Failed to extract plugin meta data from '/usr/bin/mawk'" 
         not a plugin
QFactoryLoader::QFactoryLoader() looking at "/usr/bin/axfer"
"Failed to extract plugin meta data from '/usr/bin/axfer'" 
         not a plugin
QFactoryLoader::QFactoryLoader() looking at "/usr/bin/axohelp"
"Failed to extract plugin meta data from '/usr/bin/axohelp'" 
         not a plugin
QFactoryLoader::QFactoryLoader() looking at "/usr/bin/b2sum"
"Failed to extract plugin meta data from '/usr/bin/b2sum'" 
         not a plugin
QFactoryLoader::QFactoryLoader() looking at "/usr/bin/baobab"
"Failed to extract plugin meta data from '/usr/bin/baobab'" 
         not a plugin
QFactoryLoader::QFactoryLoader() looking at "/usr/bin/base32"
"Failed to extract plugin meta data from '/usr/bin/base32'" 
         not a plugin
QFactoryLoader::QFactoryLoader() looking at "/usr/bin/base64"
"Failed to extract plugin meta data from '/usr/bin/base64'" 
         not a plugin
QFactoryLoader::QFactoryLoader() looking at "/usr/bin/basename"
"Failed to extract plugin meta data from '/usr/bin/basename'" 
         not a plugin
QFactoryLoader::QFactoryLoader() looking at "/usr/bin/basenc"
"Failed to extract plugin meta data from '/usr/bin/basenc'" 
         not a plugin
QFactoryLoader::QFactoryLoader() looking at "/usr/bin/bash"
"Failed to extract plugin meta data from '/usr/bin/bash'" 
         not a plugin
QFactoryLoader::QFactoryLoader() looking at "/usr/bin/bashbug"
QElfParser: '/usr/bin/bashbug' is not an ELF object
"'/usr/bin/bashbug' is not an ELF object" 
         not a plugin
QFactoryLoader::QFactoryLoader() looking at "/usr/bin/bbl2bib"
QElfParser: '/usr/share/texlive/texmf-dist/scripts/crossrefware/bbl2bib.pl' is not an ELF object
"'/usr/share/texlive/texmf-dist/scripts/crossrefware/bbl2bib.pl' is not an ELF object" 
         not a plugin
QFactoryLoader::QFactoryLoader() looking at "/usr/bin/bbox"
"Failed to extract plugin meta data from '/usr/bin/bbox'" 
         not a plugin
QFactoryLoader::QFactoryLoader() looking at "/usr/bin/bc"
"Failed to extract plugin meta data from '/usr/bin/bc'" 
         not a plugin
QFactoryLoader::QFactoryLoader() looking at "/usr/bin/bcomps"
"Failed to extract plugin meta data from '/usr/bin/bcomps'" 
         not a plugin
QFactoryLoader::QFactoryLoader() looking at "/usr/bin/bdftopcf"
"Failed to extract plugin meta data from '/usr/bin/bdftopcf'" 
         not a plugin
QFactoryLoader::QFactoryLoader() looking at "/usr/bin/bdftruncate"
"Failed to extract plugin meta data from '/usr/bin/bdftruncate'" 
         not a plugin
QFactoryLoader::QFactoryLoader() looking at "/usr/bin/bg5+latex"
QElfParser: '/usr/bin/bg5+latex' is not an ELF object
"'/usr/bin/bg5+latex' is not an ELF object" 
         not a plugin
QFactoryLoader::QFactoryLoader() looking at "/usr/bin/bg5+pdflatex"
QElfParser: '/usr/bin/bg5+pdflatex' is not an ELF object
"'/usr/bin/bg5+pdflatex' is not an ELF object" 
         not a plugin
QFactoryLoader::QFactoryLoader() looking at "/usr/bin/bg5conv"
"Failed to extract plugin meta data from '/usr/bin/bg5conv'" 
         not a plugin
QFactoryLoader::QFactoryLoader() looking at "/usr/bin/bg5latex"
QElfParser: '/usr/bin/bg5latex' is not an ELF object
"'/usr/bin/bg5latex' is not an ELF object" 
         not a plugin
QFactoryLoader::QFactoryLoader() looking at "/usr/bin/bg5pdflatex"
QElfParser: '/usr/bin/bg5pdflatex' is not an ELF object
"'/usr/bin/bg5pdflatex' is not an ELF object" 
         not a plugin
QFactoryLoader::QFactoryLoader() looking at "/usr/bin/bib2gls"
QElfParser: '/usr/share/texlive/texmf-dist/scripts/bib2gls/bib2gls.sh' is not an ELF object
"'/usr/share/texlive/texmf-dist/scripts/bib2gls/bib2gls.sh' is not an ELF object" 
         not a plugin
QFactoryLoader::QFactoryLoader() looking at "/usr/bin/bibdoiadd"
QElfParser: '/usr/share/texlive/texmf-dist/scripts/crossrefware/bibdoiadd.pl' is not an ELF object
"'/usr/share/texlive/texmf-dist/scripts/crossrefware/bibdoiadd.pl' is not an ELF object" 
         not a plugin
QFactoryLoader::QFactoryLoader() looking at "/usr/bin/biber"
QElfParser: '/usr/bin/biber' is not an ELF object
"'/usr/bin/biber' is not an ELF object" 
         not a plugin
QFactoryLoader::QFactoryLoader() looking at "/usr/bin/bibexport"
QElfParser: '/usr/share/texlive/texmf-dist/scripts/bibexport/bibexport.sh' is not an ELF object
"'/usr/share/texlive/texmf-dist/scripts/bibexport/bibexport.sh' is not an ELF object" 
         not a plugin
QFactoryLoader::QFactoryLoader() looking at "/usr/bin/bibmradd"
QElfParser: '/usr/share/texlive/texmf-dist/scripts/crossrefware/bibmradd.pl' is not an ELF object
"'/usr/share/texlive/texmf-dist/scripts/crossrefware/bibmradd.pl' is not an ELF object" 
         not a plugin
QFactoryLoader::QFactoryLoader() looking at "/usr/bin/bibtex"
"Failed to extract plugin meta data from '/usr/bin/bibtex.original'" 
         not a plugin
QFactoryLoader::QFactoryLoader() looking at "/usr/bin/bibtex.original"
"Failed to extract plugin meta data from '/usr/bin/bibtex.original'" 
         not a plugin
QFactoryLoader::QFactoryLoader() looking at "/usr/bin/bibtex8"
"Failed to extract plugin meta data from '/usr/bin/bibtex8'" 
         not a plugin
QFactoryLoader::QFactoryLoader() looking at "/usr/bin/bibtexu"
"Failed to extract plugin meta data from '/usr/bin/bibtexu'" 
         not a plugin
QFactoryLoader::QFactoryLoader() looking at "/usr/bin/biburl2doi"
QElfParser: '/usr/share/texlive/texmf-dist/scripts/crossrefware/biburl2doi.pl' is not an ELF object
"'/usr/share/texlive/texmf-dist/scripts/crossrefware/biburl2doi.pl' is not an ELF object" 
         not a plugin
QFactoryLoader::QFactoryLoader() looking at "/usr/bin/bibzbladd"
QElfParser: '/usr/share/texlive/texmf-dist/scripts/crossrefware/bibzbladd.pl' is not an ELF object
"'/usr/share/texlive/texmf-dist/scripts/crossrefware/bibzbladd.pl' is not an ELF object" 
         not a plugin
QFactoryLoader::QFactoryLoader() looking at "/usr/bin/bioradtopgm"
"Failed to extract plugin meta data from '/usr/bin/bioradtopgm'" 
         not a plugin
QFactoryLoader::QFactoryLoader() looking at "/usr/bin/bitmap"
"Failed to extract plugin meta data from '/usr/bin/bitmap'" 
         not a plugin
QFactoryLoader::QFactoryLoader() looking at "/usr/bin/blueman-adapters"
QElfParser: '/usr/bin/blueman-adapters' is not an ELF object
"'/usr/bin/blueman-adapters' is not an ELF object" 
         not a plugin
QFactoryLoader::QFactoryLoader() looking at "/usr/bin/blueman-applet"
QElfParser: '/usr/bin/blueman-applet' is not an ELF object
"'/usr/bin/blueman-applet' is not an ELF object" 
         not a plugin
QFactoryLoader::QFactoryLoader() looking at "/usr/bin/blueman-manager"
QElfParser: '/usr/bin/blueman-manager' is not an ELF object
"'/usr/bin/blueman-manager' is not an ELF object" 
         not a plugin
QFactoryLoader::QFactoryLoader() looking at "/usr/bin/blueman-sendto"
QElfParser: '/usr/bin/blueman-sendto' is not an ELF object
"'/usr/bin/blueman-sendto' is not an ELF object" 
         not a plugin
QFactoryLoader::QFactoryLoader() looking at "/usr/bin/blueman-services"
QElfParser: '/usr/bin/blueman-services' is not an ELF object
"'/usr/bin/blueman-services' is not an ELF object" 
         not a plugin
QFactoryLoader::QFactoryLoader() looking at "/usr/bin/blueman-tray"
QElfParser: '/usr/bin/blueman-tray' is not an ELF object
"'/usr/bin/blueman-tray' is not an ELF object" 
         not a plugin
QFactoryLoader::QFactoryLoader() looking at "/usr/bin/bluemoon"
"Failed to extract plugin meta data from '/usr/bin/bluemoon'" 
         not a plugin
QFactoryLoader::QFactoryLoader() looking at "/usr/bin/bluetoothctl"
"Failed to extract plugin meta data from '/usr/bin/bluetoothctl'" 
         not a plugin
QFactoryLoader::QFactoryLoader() looking at "/usr/bin/bmptopnm"
"Failed to extract plugin meta data from '/usr/bin/bmptopnm'" 
         not a plugin
QFactoryLoader::QFactoryLoader() looking at "/usr/bin/bmptoppm"
"Failed to extract plugin meta data from '/usr/bin/bmptopnm'" 
         not a plugin
QFactoryLoader::QFactoryLoader() looking at "/usr/bin/bmtoa"
"Failed to extract plugin meta data from '/usr/bin/bmtoa'" 
         not a plugin
QFactoryLoader::QFactoryLoader() looking at "/usr/bin/boltctl"
"Failed to extract plugin meta data from '/usr/bin/boltctl'" 
         not a plugin
QFactoryLoader::QFactoryLoader() looking at "/usr/bin/bootctl"
"Failed to extract plugin meta data from '/usr/bin/bootctl'" 
         not a plugin
QFactoryLoader::QFactoryLoader() looking at "/usr/bin/breeze-settings5"
"Failed to extract plugin meta data from '/usr/bin/breeze-settings5'" 
         not a plugin
QFactoryLoader::QFactoryLoader() looking at "/usr/bin/brltty"
"Failed to extract plugin meta data from '/usr/bin/brltty'" 
         not a plugin
QFactoryLoader::QFactoryLoader() looking at "/usr/bin/brltty-ctb"
"Failed to extract plugin meta data from '/usr/bin/brltty-ctb'" 
         not a plugin
QFactoryLoader::QFactoryLoader() looking at "/usr/bin/brltty-trtxt"
"Failed to extract plugin meta data from '/usr/bin/brltty-trtxt'" 
         not a plugin
QFactoryLoader::QFactoryLoader() looking at "/usr/bin/brltty-ttb"
"Failed to extract plugin meta data from '/usr/bin/brltty-ttb'" 
         not a plugin
QFactoryLoader::QFactoryLoader() looking at "/usr/bin/broadwayd"
"Failed to extract plugin meta data from '/usr/bin/broadwayd'" 
         not a plugin
QFactoryLoader::QFactoryLoader() looking at "/usr/bin/browse"
QElfParser: '/usr/bin/xdg-open' is not an ELF object
"'/usr/bin/xdg-open' is not an ELF object" 
         not a plugin
QFactoryLoader::QFactoryLoader() looking at "/usr/bin/brushtopbm"
"Failed to extract plugin meta data from '/usr/bin/brushtopbm'" 
         not a plugin
QFactoryLoader::QFactoryLoader() looking at "/usr/bin/btattach"
"Failed to extract plugin meta data from '/usr/bin/btattach'" 
         not a plugin
QFactoryLoader::QFactoryLoader() looking at "/usr/bin/btmgmt"
"Failed to extract plugin meta data from '/usr/bin/btmgmt'" 
         not a plugin
QFactoryLoader::QFactoryLoader() looking at "/usr/bin/btmon"
"Failed to extract plugin meta data from '/usr/bin/btmon'" 
         not a plugin
QFactoryLoader::QFactoryLoader() looking at "/usr/bin/bundle3.0"
QElfParser: '/usr/bin/bundle3.0' is not an ELF object
"'/usr/bin/bundle3.0' is not an ELF object" 
         not a plugin
QFactoryLoader::QFactoryLoader() looking at "/usr/bin/bundledoc"
QElfParser: '/usr/share/texlive/texmf-dist/scripts/bundledoc/bundledoc' is not an ELF object
"'/usr/share/texlive/texmf-dist/scripts/bundledoc/bundledoc' is not an ELF object" 
         not a plugin
QFactoryLoader::QFactoryLoader() looking at "/usr/bin/bundler3.0"
QElfParser: '/usr/bin/bundler3.0' is not an ELF object
"'/usr/bin/bundler3.0' is not an ELF object" 
         not a plugin
QFactoryLoader::QFactoryLoader() looking at "/usr/bin/bunzip2"
"Failed to extract plugin meta data from '/usr/bin/bunzip2'" 
         not a plugin
QFactoryLoader::QFactoryLoader() looking at "/usr/bin/busctl"
"Failed to extract plugin meta data from '/usr/bin/busctl'" 
         not a plugin
QFactoryLoader::QFactoryLoader() looking at "/usr/bin/busybox"
"Failed to extract plugin meta data from '/usr/bin/busybox'" 
         not a plugin
QFactoryLoader::QFactoryLoader() looking at "/usr/bin/bwrap"
"Failed to extract plugin meta data from '/usr/bin/bwrap'" 
         not a plugin
QFactoryLoader::QFactoryLoader() looking at "/usr/bin/bzcat"
"Failed to extract plugin meta data from '/usr/bin/bzcat'" 
         not a plugin
QFactoryLoader::QFactoryLoader() looking at "/usr/bin/bzcmp"
QElfParser: '/usr/bin/bzdiff' is not an ELF object
"'/usr/bin/bzdiff' is not an ELF object" 
         not a plugin
QFactoryLoader::QFactoryLoader() looking at "/usr/bin/bzdiff"
QElfParser: '/usr/bin/bzdiff' is not an ELF object
"'/usr/bin/bzdiff' is not an ELF object" 
         not a plugin
QFactoryLoader::QFactoryLoader() looking at "/usr/bin/bzegrep"
QElfParser: '/usr/bin/bzgrep' is not an ELF object
"'/usr/bin/bzgrep' is not an ELF object" 
         not a plugin
QFactoryLoader::QFactoryLoader() looking at "/usr/bin/bzexe"
QElfParser: '/usr/bin/bzexe' is not an ELF object
"'/usr/bin/bzexe' is not an ELF object" 
         not a plugin
QFactoryLoader::QFactoryLoader() looking at "/usr/bin/bzfgrep"
QElfParser: '/usr/bin/bzgrep' is not an ELF object
"'/usr/bin/bzgrep' is not an ELF object" 
         not a plugin
QFactoryLoader::QFactoryLoader() looking at "/usr/bin/bzgrep"
QElfParser: '/usr/bin/bzgrep' is not an ELF object
"'/usr/bin/bzgrep' is not an ELF object" 
         not a plugin
QFactoryLoader::QFactoryLoader() looking at "/usr/bin/bzip2"
"Failed to extract plugin meta data from '/usr/bin/bzip2'" 
         not a plugin
QFactoryLoader::QFactoryLoader() looking at "/usr/bin/bzip2recover"
"Failed to extract plugin meta data from '/usr/bin/bzip2recover'" 
         not a plugin
QFactoryLoader::QFactoryLoader() looking at "/usr/bin/bzless"
QElfParser: '/usr/bin/bzmore' is not an ELF object
"'/usr/bin/bzmore' is not an ELF object" 
         not a plugin
QFactoryLoader::QFactoryLoader() looking at "/usr/bin/bzmore"
QElfParser: '/usr/bin/bzmore' is not an ELF object
"'/usr/bin/bzmore' is not an ELF object" 
         not a plugin
QFactoryLoader::QFactoryLoader() looking at "/usr/bin/c_rehash"
QElfParser: '/usr/bin/c_rehash' is not an ELF object
"'/usr/bin/c_rehash' is not an ELF object" 
         not a plugin
QFactoryLoader::QFactoryLoader() looking at "/usr/bin/cachepic"
QElfParser: '/usr/share/texlive/texmf-dist/scripts/cachepic/cachepic.tlu' is not an ELF object
"'/usr/share/texlive/texmf-dist/scripts/cachepic/cachepic.tlu' is not an ELF object" 
         not a plugin
QFactoryLoader::QFactoryLoader() looking at "/usr/bin/calc_tickadj"
QElfParser: '/usr/bin/calc_tickadj' is not an ELF object
"'/usr/bin/calc_tickadj' is not an ELF object" 
         not a plugin
QFactoryLoader::QFactoryLoader() looking at "/usr/bin/calibrate_ppa"
"Failed to extract plugin meta data from '/usr/bin/calibrate_ppa'" 
         not a plugin
QFactoryLoader::QFactoryLoader() looking at "/usr/bin/cancel"
"Failed to extract plugin meta data from '/usr/bin/cancel'" 
         not a plugin
QFactoryLoader::QFactoryLoader() looking at "/usr/bin/captoinfo"
"Failed to extract plugin meta data from '/usr/bin/tic'" 
         not a plugin
QFactoryLoader::QFactoryLoader() looking at "/usr/bin/cat"
"Failed to extract plugin meta data from '/usr/bin/cat'" 
         not a plugin
QFactoryLoader::QFactoryLoader() looking at "/usr/bin/catdoc"
"Failed to extract plugin meta data from '/usr/bin/catdoc'" 
         not a plugin
QFactoryLoader::QFactoryLoader() looking at "/usr/bin/catfish"
QElfParser: '/usr/bin/catfish' is not an ELF object
"'/usr/bin/catfish' is not an ELF object" 
         not a plugin
QFactoryLoader::QFactoryLoader() looking at "/usr/bin/catman"
"Failed to extract plugin meta data from '/usr/bin/catman'" 
         not a plugin
QFactoryLoader::QFactoryLoader() looking at "/usr/bin/catppt"
"Failed to extract plugin meta data from '/usr/bin/catppt'" 
         not a plugin
QFactoryLoader::QFactoryLoader() looking at "/usr/bin/cautious-launcher"
QElfParser: '/usr/bin/cautious-launcher' is not an ELF object
"'/usr/bin/cautious-launcher' is not an ELF object" 
         not a plugin
QFactoryLoader::QFactoryLoader() looking at "/usr/bin/ccomps"
"Failed to extract plugin meta data from '/usr/bin/ccomps'" 
         not a plugin
QFactoryLoader::QFactoryLoader() looking at "/usr/bin/cct"
"Failed to extract plugin meta data from '/usr/bin/cct'" 
         not a plugin
QFactoryLoader::QFactoryLoader() looking at "/usr/bin/cd-create-profile"
"Failed to extract plugin meta data from '/usr/bin/cd-create-profile'" 
         not a plugin
QFactoryLoader::QFactoryLoader() looking at "/usr/bin/cd-fix-profile"
"Failed to extract plugin meta data from '/usr/bin/cd-fix-profile'" 
         not a plugin
QFactoryLoader::QFactoryLoader() looking at "/usr/bin/cd-iccdump"
"Failed to extract plugin meta data from '/usr/bin/cd-iccdump'" 
         not a plugin
QFactoryLoader::QFactoryLoader() looking at "/usr/bin/cd-it8"
"Failed to extract plugin meta data from '/usr/bin/cd-it8'" 
         not a plugin
QFactoryLoader::QFactoryLoader() looking at "/usr/bin/cef5conv"
"Failed to extract plugin meta data from '/usr/bin/cef5conv'" 
         not a plugin
QFactoryLoader::QFactoryLoader() looking at "/usr/bin/cef5latex"
QElfParser: '/usr/bin/cef5latex' is not an ELF object
"'/usr/bin/cef5latex' is not an ELF object" 
         not a plugin
QFactoryLoader::QFactoryLoader() looking at "/usr/bin/cef5pdflatex"
QElfParser: '/usr/bin/cef5pdflatex' is not an ELF object
"'/usr/bin/cef5pdflatex' is not an ELF object" 
         not a plugin
QFactoryLoader::QFactoryLoader() looking at "/usr/bin/cefconv"
"Failed to extract plugin meta data from '/usr/bin/cefconv'" 
         not a plugin
QFactoryLoader::QFactoryLoader() looking at "/usr/bin/ceflatex"
QElfParser: '/usr/bin/ceflatex' is not an ELF object
"'/usr/bin/ceflatex' is not an ELF object" 
         not a plugin
QFactoryLoader::QFactoryLoader() looking at "/usr/bin/cefpdflatex"
QElfParser: '/usr/bin/cefpdflatex' is not an ELF object
"'/usr/bin/cefpdflatex' is not an ELF object" 
         not a plugin
QFactoryLoader::QFactoryLoader() looking at "/usr/bin/cefsconv"
"Failed to extract plugin meta data from '/usr/bin/cefsconv'" 
         not a plugin
QFactoryLoader::QFactoryLoader() looking at "/usr/bin/cefslatex"
QElfParser: '/usr/bin/cefslatex' is not an ELF object
"'/usr/bin/cefslatex' is not an ELF object" 
         not a plugin
QFactoryLoader::QFactoryLoader() looking at "/usr/bin/cefspdflatex"
QElfParser: '/usr/bin/cefspdflatex' is not an ELF object
"'/usr/bin/cefspdflatex' is not an ELF object" 
         not a plugin
QFactoryLoader::QFactoryLoader() looking at "/usr/bin/certutil"
"Failed to extract plugin meta data from '/usr/bin/certutil'" 
         not a plugin
QFactoryLoader::QFactoryLoader() looking at "/usr/bin/cfftot1"
"Failed to extract plugin meta data from '/usr/bin/cfftot1'" 
         not a plugin
QFactoryLoader::QFactoryLoader() looking at "/usr/bin/chacl"
"Failed to extract plugin meta data from '/usr/bin/chacl'" 
         not a plugin
QFactoryLoader::QFactoryLoader() looking at "/usr/bin/chage"
"Failed to extract plugin meta data from '/usr/bin/chage'" 
         not a plugin
QFactoryLoader::QFactoryLoader() looking at "/usr/bin/chardet"
QElfParser: '/usr/bin/chardetect' is not an ELF object
"'/usr/bin/chardetect' is not an ELF object" 
         not a plugin
QFactoryLoader::QFactoryLoader() looking at "/usr/bin/chardetect"
QElfParser: '/usr/bin/chardetect' is not an ELF object
"'/usr/bin/chardetect' is not an ELF object" 
         not a plugin
QFactoryLoader::QFactoryLoader() looking at "/usr/bin/charmap"
"Failed to extract plugin meta data from '/usr/bin/gucharmap'" 
         not a plugin
QFactoryLoader::QFactoryLoader() looking at "/usr/bin/chattr"
"Failed to extract plugin meta data from '/usr/bin/chattr'" 
         not a plugin
QFactoryLoader::QFactoryLoader() looking at "/usr/bin/chcon"
"Failed to extract plugin meta data from '/usr/bin/chcon'" 
         not a plugin
QFactoryLoader::QFactoryLoader() looking at "/usr/bin/check-language-support"
QElfParser: '/usr/bin/check-language-support' is not an ELF object
"'/usr/bin/check-language-support' is not an ELF object" 
         not a plugin
QFactoryLoader::QFactoryLoader() looking at "/usr/bin/checkcites"
QElfParser: '/usr/share/texlive/texmf-dist/scripts/checkcites/checkcites.lua' is not an ELF object
"'/usr/share/texlive/texmf-dist/scripts/checkcites/checkcites.lua' is not an ELF object" 
         not a plugin
QFactoryLoader::QFactoryLoader() looking at "/usr/bin/checklistings"
QElfParser: '/usr/share/texlive/texmf-dist/scripts/checklistings/checklistings.sh' is not an ELF object
"'/usr/share/texlive/texmf-dist/scripts/checklistings/checklistings.sh' is not an ELF object" 
         not a plugin
QFactoryLoader::QFactoryLoader() looking at "/usr/bin/chfn"
"Failed to extract plugin meta data from '/usr/bin/chfn'" 
         not a plugin
QFactoryLoader::QFactoryLoader() looking at "/usr/bin/chgrp"
"Failed to extract plugin meta data from '/usr/bin/chgrp'" 
         not a plugin
QFactoryLoader::QFactoryLoader() looking at "/usr/bin/chkdvifont"
"Failed to extract plugin meta data from '/usr/bin/chkdvifont'" 
         not a plugin
QFactoryLoader::QFactoryLoader() looking at "/usr/bin/chklref"
QElfParser: '/usr/share/texlive/texmf-dist/scripts/chklref/chklref.pl' is not an ELF object
"'/usr/share/texlive/texmf-dist/scripts/chklref/chklref.pl' is not an ELF object" 
         not a plugin
QFactoryLoader::QFactoryLoader() looking at "/usr/bin/chktest"
"Failed to extract plugin meta data from '/usr/bin/chktest'" 
         not a plugin
QFactoryLoader::QFactoryLoader() looking at "/usr/bin/chktex"
"Failed to extract plugin meta data from '/usr/bin/chktex'" 
         not a plugin
QFactoryLoader::QFactoryLoader() looking at "/usr/bin/chkweb"
QElfParser: '/usr/bin/chkweb' is not an ELF object
"'/usr/bin/chkweb' is not an ELF object" 
         not a plugin
QFactoryLoader::QFactoryLoader() looking at "/usr/bin/chmod"
"Failed to extract plugin meta data from '/usr/bin/chmod'" 
         not a plugin
QFactoryLoader::QFactoryLoader() looking at "/usr/bin/choom"
"Failed to extract plugin meta data from '/usr/bin/choom'" 
         not a plugin
QFactoryLoader::QFactoryLoader() looking at "/usr/bin/chown"
"Failed to extract plugin meta data from '/usr/bin/chown'" 
         not a plugin
QFactoryLoader::QFactoryLoader() looking at "/usr/bin/chromium-browser"
QElfParser: '/usr/bin/chromium-browser' is not an ELF object
"'/usr/bin/chromium-browser' is not an ELF object" 
         not a plugin
QFactoryLoader::QFactoryLoader() looking at "/usr/bin/chrt"
"Failed to extract plugin meta data from '/usr/bin/chrt'" 
         not a plugin
QFactoryLoader::QFactoryLoader() looking at "/usr/bin/chsh"
"Failed to extract plugin meta data from '/usr/bin/chsh'" 
         not a plugin
QFactoryLoader::QFactoryLoader() looking at "/usr/bin/chvt"
"Failed to extract plugin meta data from '/usr/bin/chvt'" 
         not a plugin
QFactoryLoader::QFactoryLoader() looking at "/usr/bin/ciptool"
"Failed to extract plugin meta data from '/usr/bin/ciptool'" 
         not a plugin
QFactoryLoader::QFactoryLoader() looking at "/usr/bin/circo"
"Failed to extract plugin meta data from '/usr/sbin/libgvc6-config-update'" 
         not a plugin
QFactoryLoader::QFactoryLoader() looking at "/usr/bin/cjk-gs-integrate"
QElfParser: '/usr/share/texlive/texmf-dist/scripts/cjk-gs-integrate/cjk-gs-integrate.pl' is not an ELF object
"'/usr/share/texlive/texmf-dist/scripts/cjk-gs-integrate/cjk-gs-integrate.pl' is not an ELF object" 
         not a plugin
QFactoryLoader::QFactoryLoader() looking at "/usr/bin/ckbcomp"
QElfParser: '/usr/bin/ckbcomp' is not an ELF object
"'/usr/bin/ckbcomp' is not an ELF object" 
         not a plugin
QFactoryLoader::QFactoryLoader() looking at "/usr/bin/cksum"
"Failed to extract plugin meta data from '/usr/bin/cksum'" 
         not a plugin
QFactoryLoader::QFactoryLoader() looking at "/usr/bin/clear"
"Failed to extract plugin meta data from '/usr/bin/clear'" 
         not a plugin
QFactoryLoader::QFactoryLoader() looking at "/usr/bin/clear_console"
"Failed to extract plugin meta data from '/usr/bin/clear_console'" 
         not a plugin
QFactoryLoader::QFactoryLoader() looking at "/usr/bin/cluster"
"Failed to extract plugin meta data from '/usr/bin/cluster'" 
         not a plugin
QFactoryLoader::QFactoryLoader() looking at "/usr/bin/cluttex"
QElfParser: '/usr/share/texlive/texmf-dist/scripts/cluttex/cluttex.lua' is not an ELF object
"'/usr/share/texlive/texmf-dist/scripts/cluttex/cluttex.lua' is not an ELF object" 
         not a plugin
QFactoryLoader::QFactoryLoader() looking at "/usr/bin/cmp"
"Failed to extract plugin meta data from '/usr/bin/cmp'" 
         not a plugin
QFactoryLoader::QFactoryLoader() looking at "/usr/bin/cmsutil"
"Failed to extract plugin meta data from '/usr/bin/cmsutil'" 
         not a plugin
QFactoryLoader::QFactoryLoader() looking at "/usr/bin/cmuwmtopbm"
"Failed to extract plugin meta data from '/usr/bin/cmuwmtopbm'" 
         not a plugin
QFactoryLoader::QFactoryLoader() looking at "/usr/bin/code"
QElfParser: '/usr/share/code/bin/code' is not an ELF object
"'/usr/share/code/bin/code' is not an ELF object" 
         not a plugin
QFactoryLoader::QFactoryLoader() looking at "/usr/bin/codepage"
"Failed to extract plugin meta data from '/usr/bin/codepage'" 
         not a plugin
QFactoryLoader::QFactoryLoader() looking at "/usr/bin/col"
"Failed to extract plugin meta data from '/usr/bin/col'" 
         not a plugin
QFactoryLoader::QFactoryLoader() looking at "/usr/bin/colcrt"
"Failed to extract plugin meta data from '/usr/bin/colcrt'" 
         not a plugin
QFactoryLoader::QFactoryLoader() looking at "/usr/bin/colormgr"
"Failed to extract plugin meta data from '/usr/bin/colormgr'" 
         not a plugin
QFactoryLoader::QFactoryLoader() looking at "/usr/bin/colrm"
"Failed to extract plugin meta data from '/usr/bin/colrm'" 
         not a plugin
QFactoryLoader::QFactoryLoader() looking at "/usr/bin/column"
"Failed to extract plugin meta data from '/usr/bin/column'" 
         not a plugin
QFactoryLoader::QFactoryLoader() looking at "/usr/bin/comm"
"Failed to extract plugin meta data from '/usr/bin/comm'" 
         not a plugin
QFactoryLoader::QFactoryLoader() looking at "/usr/bin/compare"
"Failed to extract plugin meta data from '/usr/bin/compare-im6.q16'" 
         not a plugin
QFactoryLoader::QFactoryLoader() looking at "/usr/bin/compare-im6"
"Failed to extract plugin meta data from '/usr/bin/compare-im6.q16'" 
         not a plugin
QFactoryLoader::QFactoryLoader() looking at "/usr/bin/compare-im6.q16"
"Failed to extract plugin meta data from '/usr/bin/compare-im6.q16'" 
         not a plugin
QFactoryLoader::QFactoryLoader() looking at "/usr/bin/compose"
QElfParser: '/usr/bin/run-mailcap' is not an ELF object
"'/usr/bin/run-mailcap' is not an ELF object" 
         not a plugin
QFactoryLoader::QFactoryLoader() looking at "/usr/bin/composite"
"Failed to extract plugin meta data from '/usr/bin/composite-im6.q16'" 
         not a plugin
QFactoryLoader::QFactoryLoader() looking at "/usr/bin/composite-im6"
"Failed to extract plugin meta data from '/usr/bin/composite-im6.q16'" 
         not a plugin
QFactoryLoader::QFactoryLoader() looking at "/usr/bin/composite-im6.q16"
"Failed to extract plugin meta data from '/usr/bin/composite-im6.q16'" 
         not a plugin
QFactoryLoader::QFactoryLoader() looking at "/usr/bin/conjure"
"Failed to extract plugin meta data from '/usr/bin/conjure-im6.q16'" 
         not a plugin
QFactoryLoader::QFactoryLoader() looking at "/usr/bin/conjure-im6"
"Failed to extract plugin meta data from '/usr/bin/conjure-im6.q16'" 
         not a plugin
QFactoryLoader::QFactoryLoader() looking at "/usr/bin/conjure-im6.q16"
"Failed to extract plugin meta data from '/usr/bin/conjure-im6.q16'" 
         not a plugin
QFactoryLoader::QFactoryLoader() looking at "/usr/bin/context"
QElfParser: '/usr/bin/context' is not an ELF object (file too small)
"'/usr/bin/context' is not an ELF object (file too small)" 
         not a plugin
QFactoryLoader::QFactoryLoader() looking at "/usr/bin/contextjit"
QElfParser: '/usr/bin/contextjit' is not an ELF object
"'/usr/bin/contextjit' is not an ELF object" 
         not a plugin
QFactoryLoader::QFactoryLoader() looking at "/usr/bin/convbkmk"
QElfParser: '/usr/share/texlive/texmf-dist/scripts/convbkmk/convbkmk.rb' is not an ELF object
"'/usr/share/texlive/texmf-dist/scripts/convbkmk/convbkmk.rb' is not an ELF object" 
         not a plugin
QFactoryLoader::QFactoryLoader() looking at "/usr/bin/convert"
"Failed to extract plugin meta data from '/usr/bin/convert-im6.q16'" 
         not a plugin
QFactoryLoader::QFactoryLoader() looking at "/usr/bin/convert-im6"
"Failed to extract plugin meta data from '/usr/bin/convert-im6.q16'" 
         not a plugin
QFactoryLoader::QFactoryLoader() looking at "/usr/bin/convert-im6.q16"
"Failed to extract plugin meta data from '/usr/bin/convert-im6.q16'" 
         not a plugin
QFactoryLoader::QFactoryLoader() looking at "/usr/bin/convertgls2bib"
QElfParser: '/usr/share/texlive/texmf-dist/scripts/bib2gls/convertgls2bib.sh' is not an ELF object
"'/usr/share/texlive/texmf-dist/scripts/bib2gls/convertgls2bib.sh' is not an ELF object" 
         not a plugin
QFactoryLoader::QFactoryLoader() looking at "/usr/bin/corelist"
QElfParser: '/usr/bin/corelist' is not an ELF object
"'/usr/bin/corelist' is not an ELF object" 
         not a plugin
QFactoryLoader::QFactoryLoader() looking at "/usr/bin/cp"
"Failed to extract plugin meta data from '/usr/bin/cp'" 
         not a plugin
QFactoryLoader::QFactoryLoader() looking at "/usr/bin/cpan"
QElfParser: '/usr/bin/cpan' is not an ELF object
"'/usr/bin/cpan' is not an ELF object" 
         not a plugin
QFactoryLoader::QFactoryLoader() looking at "/usr/bin/cpan5.34-x86_64-linux-gnu"
QElfParser: '/usr/bin/cpan5.34-x86_64-linux-gnu' is not an ELF object
"'/usr/bin/cpan5.34-x86_64-linux-gnu' is not an ELF object" 
         not a plugin
QFactoryLoader::QFactoryLoader() looking at "/usr/bin/cpio"
"Failed to extract plugin meta data from '/usr/bin/cpio'" 
         not a plugin
QFactoryLoader::QFactoryLoader() looking at "/usr/bin/cpp"
"Failed to extract plugin meta data from '/usr/bin/x86_64-linux-gnu-cpp-11'" 
         not a plugin
QFactoryLoader::QFactoryLoader() looking at "/usr/bin/cpp-11"
"Failed to extract plugin meta data from '/usr/bin/x86_64-linux-gnu-cpp-11'" 
         not a plugin
QFactoryLoader::QFactoryLoader() looking at "/usr/bin/cpupower"
QElfParser: '/usr/bin/cpupower' is not an ELF object
"'/usr/bin/cpupower' is not an ELF object" 
         not a plugin
QFactoryLoader::QFactoryLoader() looking at "/usr/bin/crlutil"
"Failed to extract plugin meta data from '/usr/bin/crlutil'" 
         not a plugin
QFactoryLoader::QFactoryLoader() looking at "/usr/bin/crontab"
"Failed to extract plugin meta data from '/usr/bin/crontab'" 
         not a plugin
QFactoryLoader::QFactoryLoader() looking at "/usr/bin/cs2cs"
"Failed to extract plugin meta data from '/usr/bin/cs2cs'" 
         not a plugin
QFactoryLoader::QFactoryLoader() looking at "/usr/bin/cslatex"
"Failed to extract plugin meta data from '/usr/bin/pdftex'" 
         not a plugin
QFactoryLoader::QFactoryLoader() looking at "/usr/bin/csplain"
"Failed to extract plugin meta data from '/usr/bin/pdftex'" 
         not a plugin
QFactoryLoader::QFactoryLoader() looking at "/usr/bin/csplit"
"Failed to extract plugin meta data from '/usr/bin/csplit'" 
         not a plugin
QFactoryLoader::QFactoryLoader() looking at "/usr/bin/ctan-o-mat"
QElfParser: '/usr/share/texlive/texmf-dist/scripts/ctan-o-mat/ctan-o-mat.pl' is not an ELF object
"'/usr/share/texlive/texmf-dist/scripts/ctan-o-mat/ctan-o-mat.pl' is not an ELF object" 
         not a plugin
QFactoryLoader::QFactoryLoader() looking at "/usr/bin/ctanbib"
QElfParser: '/usr/share/texlive/texmf-dist/scripts/ctanbib/ctanbib' is not an ELF object
"'/usr/share/texlive/texmf-dist/scripts/ctanbib/ctanbib' is not an ELF object" 
         not a plugin
QFactoryLoader::QFactoryLoader() looking at "/usr/bin/ctangle"
"Failed to extract plugin meta data from '/usr/bin/ctangle'" 
         not a plugin
QFactoryLoader::QFactoryLoader() looking at "/usr/bin/ctanify"
QElfParser: '/usr/share/texlive/texmf-dist/scripts/ctanify/ctanify' is not an ELF object
"'/usr/share/texlive/texmf-dist/scripts/ctanify/ctanify' is not an ELF object" 
         not a plugin
QFactoryLoader::QFactoryLoader() looking at "/usr/bin/ctanupload"
QElfParser: '/usr/share/texlive/texmf-dist/scripts/ctanupload/ctanupload.pl' is not an ELF object
"'/usr/share/texlive/texmf-dist/scripts/ctanupload/ctanupload.pl' is not an ELF object" 
         not a plugin
QFactoryLoader::QFactoryLoader() looking at "/usr/bin/ctie"
"Failed to extract plugin meta data from '/usr/bin/ctie'" 
         not a plugin
QFactoryLoader::QFactoryLoader() looking at "/usr/bin/ctstat"
"Failed to extract plugin meta data from '/usr/bin/lnstat'" 
         not a plugin
QFactoryLoader::QFactoryLoader() looking at "/usr/bin/ctwill"
"Failed to extract plugin meta data from '/usr/bin/ctwill'" 
         not a plugin
QFactoryLoader::QFactoryLoader() looking at "/usr/bin/ctwill-refsort"
"Failed to extract plugin meta data from '/usr/bin/ctwill-refsort'" 
         not a plugin
QFactoryLoader::QFactoryLoader() looking at "/usr/bin/ctwill-twinx"
"Failed to extract plugin meta data from '/usr/bin/ctwill-twinx'" 
         not a plugin
QFactoryLoader::QFactoryLoader() looking at "/usr/bin/cupstestppd"
"Failed to extract plugin meta data from '/usr/bin/cupstestppd'" 
         not a plugin
QFactoryLoader::QFactoryLoader() looking at "/usr/bin/curl"
"Failed to extract plugin meta data from '/usr/bin/curl'" 
         not a plugin
QFactoryLoader::QFactoryLoader() looking at "/usr/bin/cut"
"Failed to extract plugin meta data from '/usr/bin/cut'" 
         not a plugin
QFactoryLoader::QFactoryLoader() looking at "/usr/bin/cvt"
"Failed to extract plugin meta data from '/usr/bin/cvt'" 
         not a plugin
QFactoryLoader::QFactoryLoader() looking at "/usr/bin/cvtsudoers"
"Failed to extract plugin meta data from '/usr/bin/cvtsudoers'" 
         not a plugin
QFactoryLoader::QFactoryLoader() looking at "/usr/bin/cweave"
"Failed to extract plugin meta data from '/usr/bin/cweave'" 
         not a plugin
QFactoryLoader::QFactoryLoader() looking at "/usr/bin/dash"
"Failed to extract plugin meta data from '/usr/bin/dash'" 
         not a plugin
QFactoryLoader::QFactoryLoader() looking at "/usr/bin/date"
"Failed to extract plugin meta data from '/usr/bin/date'" 
         not a plugin
QFactoryLoader::QFactoryLoader() looking at "/usr/bin/dbus-cleanup-sockets"
"Failed to extract plugin meta data from '/usr/bin/dbus-cleanup-sockets'" 
         not a plugin
QFactoryLoader::QFactoryLoader() looking at "/usr/bin/dbus-daemon"
"Failed to extract plugin meta data from '/usr/bin/dbus-daemon'" 
         not a plugin
QFactoryLoader::QFactoryLoader() looking at "/usr/bin/dbus-launch"
"Failed to extract plugin meta data from '/usr/bin/dbus-launch'" 
         not a plugin
QFactoryLoader::QFactoryLoader() looking at "/usr/bin/dbus-monitor"
"Failed to extract plugin meta data from '/usr/bin/dbus-monitor'" 
         not a plugin
QFactoryLoader::QFactoryLoader() looking at "/usr/bin/dbus-run-session"
"Failed to extract plugin meta data from '/usr/bin/dbus-run-session'" 
         not a plugin
QFactoryLoader::QFactoryLoader() looking at "/usr/bin/dbus-send"
"Failed to extract plugin meta data from '/usr/bin/dbus-send'" 
         not a plugin
QFactoryLoader::QFactoryLoader() looking at "/usr/bin/dbus-update-activation-environment"
"Failed to extract plugin meta data from '/usr/bin/dbus-update-activation-environment'" 
         not a plugin
QFactoryLoader::QFactoryLoader() looking at "/usr/bin/dbus-uuidgen"
"Failed to extract plugin meta data from '/usr/bin/dbus-uuidgen'" 
         not a plugin
QFactoryLoader::QFactoryLoader() looking at "/usr/bin/dbxtool"
"Failed to extract plugin meta data from '/usr/bin/dbxtool'" 
         not a plugin
QFactoryLoader::QFactoryLoader() looking at "/usr/bin/dc"
"Failed to extract plugin meta data from '/usr/bin/dc'" 
         not a plugin
QFactoryLoader::QFactoryLoader() looking at "/usr/bin/dd"
"Failed to extract plugin meta data from '/usr/bin/dd'" 
         not a plugin
QFactoryLoader::QFactoryLoader() looking at "/usr/bin/ddstdecode"
"Failed to extract plugin meta data from '/usr/bin/ddstdecode'" 
         not a plugin
QFactoryLoader::QFactoryLoader() looking at "/usr/bin/deallocvt"
"Failed to extract plugin meta data from '/usr/bin/deallocvt'" 
         not a plugin
QFactoryLoader::QFactoryLoader() looking at "/usr/bin/deb-systemd-helper"
QElfParser: '/usr/bin/deb-systemd-helper' is not an ELF object
"'/usr/bin/deb-systemd-helper' is not an ELF object" 
         not a plugin
QFactoryLoader::QFactoryLoader() looking at "/usr/bin/deb-systemd-invoke"
QElfParser: '/usr/bin/deb-systemd-invoke' is not an ELF object
"'/usr/bin/deb-systemd-invoke' is not an ELF object" 
         not a plugin
QFactoryLoader::QFactoryLoader() looking at "/usr/bin/debconf"
QElfParser: '/usr/bin/debconf' is not an ELF object
"'/usr/bin/debconf' is not an ELF object" 
         not a plugin
QFactoryLoader::QFactoryLoader() looking at "/usr/bin/debconf-apt-progress"
QElfParser: '/usr/bin/debconf-apt-progress' is not an ELF object
"'/usr/bin/debconf-apt-progress' is not an ELF object" 
         not a plugin
QFactoryLoader::QFactoryLoader() looking at "/usr/bin/debconf-communicate"
QElfParser: '/usr/bin/debconf-communicate' is not an ELF object
"'/usr/bin/debconf-communicate' is not an ELF object" 
         not a plugin
QFactoryLoader::QFactoryLoader() looking at "/usr/bin/debconf-copydb"
QElfParser: '/usr/bin/debconf-copydb' is not an ELF object
"'/usr/bin/debconf-copydb' is not an ELF object" 
         not a plugin
QFactoryLoader::QFactoryLoader() looking at "/usr/bin/debconf-escape"
QElfParser: '/usr/bin/debconf-escape' is not an ELF object
"'/usr/bin/debconf-escape' is not an ELF object" 
         not a plugin
QFactoryLoader::QFactoryLoader() looking at "/usr/bin/debconf-set-selections"
QElfParser: '/usr/bin/debconf-set-selections' is not an ELF object
"'/usr/bin/debconf-set-selections' is not an ELF object" 
         not a plugin
QFactoryLoader::QFactoryLoader() looking at "/usr/bin/debconf-show"
QElfParser: '/usr/bin/debconf-show' is not an ELF object
"'/usr/bin/debconf-show' is not an ELF object" 
         not a plugin
QFactoryLoader::QFactoryLoader() looking at "/usr/bin/debian-distro-info"
"Failed to extract plugin meta data from '/usr/bin/debian-distro-info'" 
         not a plugin
QFactoryLoader::QFactoryLoader() looking at "/usr/bin/delaunay"
"Failed to extract plugin meta data from '/usr/bin/delaunay'" 
         not a plugin
QFactoryLoader::QFactoryLoader() looking at "/usr/bin/delpart"
"Failed to extract plugin meta data from '/usr/bin/delpart'" 
         not a plugin
QFactoryLoader::QFactoryLoader() looking at "/usr/bin/delv"
"Failed to extract plugin meta data from '/usr/bin/delv'" 
         not a plugin
QFactoryLoader::QFactoryLoader() looking at "/usr/bin/depythontex"
QElfParser: '/usr/share/texlive/texmf-dist/scripts/pythontex/depythontex.py' is not an ELF object
"'/usr/share/texlive/texmf-dist/scripts/pythontex/depythontex.py' is not an ELF object" 
         not a plugin
QFactoryLoader::QFactoryLoader() looking at "/usr/bin/derdump"
"Failed to extract plugin meta data from '/usr/bin/derdump'" 
         not a plugin
QFactoryLoader::QFactoryLoader() looking at "/usr/bin/desktop-file-edit"
"Failed to extract plugin meta data from '/usr/bin/desktop-file-install'" 
         not a plugin
QFactoryLoader::QFactoryLoader() looking at "/usr/bin/desktop-file-install"
"Failed to extract plugin meta data from '/usr/bin/desktop-file-install'" 
         not a plugin
QFactoryLoader::QFactoryLoader() looking at "/usr/bin/desktop-file-validate"
"Failed to extract plugin meta data from '/usr/bin/desktop-file-validate'" 
         not a plugin
QFactoryLoader::QFactoryLoader() looking at "/usr/bin/detex"
"Failed to extract plugin meta data from '/usr/bin/detex'" 
         not a plugin
QFactoryLoader::QFactoryLoader() looking at "/usr/bin/devnag"
"Failed to extract plugin meta data from '/usr/bin/devnag'" 
         not a plugin
QFactoryLoader::QFactoryLoader() looking at "/usr/bin/deweb"
QElfParser: '/usr/bin/deweb' is not an ELF object
"'/usr/bin/deweb' is not an ELF object" 
         not a plugin
QFactoryLoader::QFactoryLoader() looking at "/usr/bin/df"
"Failed to extract plugin meta data from '/usr/bin/df'" 
         not a plugin
QFactoryLoader::QFactoryLoader() looking at "/usr/bin/dh_bash-completion"
QElfParser: '/usr/bin/dh_bash-completion' is not an ELF object
"'/usr/bin/dh_bash-completion' is not an ELF object" 
         not a plugin
QFactoryLoader::QFactoryLoader() looking at "/usr/bin/dh_installtex"
QElfParser: '/usr/bin/dh_installtex' is not an ELF object
"'/usr/bin/dh_installtex' is not an ELF object" 
         not a plugin
QFactoryLoader::QFactoryLoader() looking at "/usr/bin/dh_installxmlcatalogs"
QElfParser: '/usr/bin/dh_installxmlcatalogs' is not an ELF object
"'/usr/bin/dh_installxmlcatalogs' is not an ELF object" 
         not a plugin
QFactoryLoader::QFactoryLoader() looking at "/usr/bin/dh_perl_openssl"
QElfParser: '/usr/bin/dh_perl_openssl' is not an ELF object
"'/usr/bin/dh_perl_openssl' is not an ELF object" 
         not a plugin
QFactoryLoader::QFactoryLoader() looking at "/usr/bin/dh_python3-ply"
QElfParser: '/usr/bin/dh_python3-ply' is not an ELF object
"'/usr/bin/dh_python3-ply' is not an ELF object" 
         not a plugin
QFactoryLoader::QFactoryLoader() looking at "/usr/bin/diadia"
QElfParser: '/usr/share/texlive/texmf-dist/scripts/diadia/diadia.lua' is not an ELF object
"'/usr/share/texlive/texmf-dist/scripts/diadia/diadia.lua' is not an ELF object" 
         not a plugin
QFactoryLoader::QFactoryLoader() looking at "/usr/bin/diff"
"Failed to extract plugin meta data from '/usr/bin/diff'" 
         not a plugin
QFactoryLoader::QFactoryLoader() looking at "/usr/bin/diff3"
"Failed to extract plugin meta data from '/usr/bin/diff3'" 
         not a plugin
QFactoryLoader::QFactoryLoader() looking at "/usr/bin/diffimg"
"Failed to extract plugin meta data from '/usr/bin/diffimg'" 
         not a plugin
QFactoryLoader::QFactoryLoader() looking at "/usr/bin/dig"
"Failed to extract plugin meta data from '/usr/bin/dig'" 
         not a plugin
QFactoryLoader::QFactoryLoader() looking at "/usr/bin/dijkstra"
"Failed to extract plugin meta data from '/usr/bin/dijkstra'" 
         not a plugin
QFactoryLoader::QFactoryLoader() looking at "/usr/bin/dir"
"Failed to extract plugin meta data from '/usr/bin/dir'" 
         not a plugin
QFactoryLoader::QFactoryLoader() looking at "/usr/bin/dircolors"
"Failed to extract plugin meta data from '/usr/bin/dircolors'" 
         not a plugin
QFactoryLoader::QFactoryLoader() looking at "/usr/bin/dirmngr"
"Failed to extract plugin meta data from '/usr/bin/dirmngr'" 
         not a plugin
QFactoryLoader::QFactoryLoader() looking at "/usr/bin/dirmngr-client"
"Failed to extract plugin meta data from '/usr/bin/dirmngr-client'" 
         not a plugin
QFactoryLoader::QFactoryLoader() looking at "/usr/bin/dirname"
"Failed to extract plugin meta data from '/usr/bin/dirname'" 
         not a plugin
QFactoryLoader::QFactoryLoader() looking at "/usr/bin/disdvi"
"Failed to extract plugin meta data from '/usr/bin/disdvi'" 
         not a plugin
QFactoryLoader::QFactoryLoader() looking at "/usr/bin/display"
"Failed to extract plugin meta data from '/usr/bin/display-im6.q16'" 
         not a plugin
QFactoryLoader::QFactoryLoader() looking at "/usr/bin/display-im6"
"Failed to extract plugin meta data from '/usr/bin/display-im6.q16'" 
         not a plugin
QFactoryLoader::QFactoryLoader() looking at "/usr/bin/display-im6.q16"
"Failed to extract plugin meta data from '/usr/bin/display-im6.q16'" 
         not a plugin
QFactoryLoader::QFactoryLoader() looking at "/usr/bin/distro-info"
"Failed to extract plugin meta data from '/usr/bin/ubuntu-distro-info'" 
         not a plugin
QFactoryLoader::QFactoryLoader() looking at "/usr/bin/dm-tool"
"Failed to extract plugin meta data from '/usr/bin/dm-tool'" 
         not a plugin
QFactoryLoader::QFactoryLoader() looking at "/usr/bin/dmesg"
"Failed to extract plugin meta data from '/usr/bin/dmesg'" 
         not a plugin
QFactoryLoader::QFactoryLoader() looking at "/usr/bin/dnsdomainname"
"Failed to extract plugin meta data from '/usr/bin/hostname'" 
         not a plugin
QFactoryLoader::QFactoryLoader() looking at "/usr/bin/do-release-upgrade"
QElfParser: '/usr/bin/do-release-upgrade' is not an ELF object
"'/usr/bin/do-release-upgrade' is not an ELF object" 
         not a plugin
QFactoryLoader::QFactoryLoader() looking at "/usr/bin/domainname"
"Failed to extract plugin meta data from '/usr/bin/hostname'" 
         not a plugin
QFactoryLoader::QFactoryLoader() looking at "/usr/bin/dos2unix"
"Failed to extract plugin meta data from '/usr/bin/dos2unix'" 
         not a plugin
QFactoryLoader::QFactoryLoader() looking at "/usr/bin/dosepsbin"
QElfParser: '/usr/share/texlive/texmf-dist/scripts/dosepsbin/dosepsbin.pl' is not an ELF object
"'/usr/share/texlive/texmf-dist/scripts/dosepsbin/dosepsbin.pl' is not an ELF object" 
         not a plugin
QFactoryLoader::QFactoryLoader() looking at "/usr/bin/dot"
"Failed to extract plugin meta data from '/usr/sbin/libgvc6-config-update'" 
         not a plugin
QFactoryLoader::QFactoryLoader() looking at "/usr/bin/dot2gxl"
"Failed to extract plugin meta data from '/usr/bin/gxl2gv'" 
         not a plugin
QFactoryLoader::QFactoryLoader() looking at "/usr/bin/dot_builtins"
"Failed to extract plugin meta data from '/usr/bin/dot_builtins'" 
         not a plugin
QFactoryLoader::QFactoryLoader() looking at "/usr/bin/dotty"
QElfParser: '/usr/bin/dotty' is not an ELF object
"'/usr/bin/dotty' is not an ELF object" 
         not a plugin
QFactoryLoader::QFactoryLoader() looking at "/usr/bin/dpkg"
"Failed to extract plugin meta data from '/usr/bin/dpkg'" 
         not a plugin
QFactoryLoader::QFactoryLoader() looking at "/usr/bin/dpkg-deb"
"Failed to extract plugin meta data from '/usr/bin/dpkg-deb'" 
         not a plugin
QFactoryLoader::QFactoryLoader() looking at "/usr/bin/dpkg-divert"
"Failed to extract plugin meta data from '/usr/bin/dpkg-divert'" 
         not a plugin
QFactoryLoader::QFactoryLoader() looking at "/usr/bin/dpkg-maintscript-helper"
QElfParser: '/usr/bin/dpkg-maintscript-helper' is not an ELF object
"'/usr/bin/dpkg-maintscript-helper' is not an ELF object" 
         not a plugin
QFactoryLoader::QFactoryLoader() looking at "/usr/bin/dpkg-query"
"Failed to extract plugin meta data from '/usr/bin/dpkg-query'" 
         not a plugin
QFactoryLoader::QFactoryLoader() looking at "/usr/bin/dpkg-realpath"
QElfParser: '/usr/bin/dpkg-realpath' is not an ELF object
"'/usr/bin/dpkg-realpath' is not an ELF object" 
         not a plugin
QFactoryLoader::QFactoryLoader() looking at "/usr/bin/dpkg-split"
"Failed to extract plugin meta data from '/usr/bin/dpkg-split'" 
         not a plugin
QFactoryLoader::QFactoryLoader() looking at "/usr/bin/dpkg-statoverride"
"Failed to extract plugin meta data from '/usr/bin/dpkg-statoverride'" 
         not a plugin
QFactoryLoader::QFactoryLoader() looking at "/usr/bin/dpkg-trigger"
"Failed to extract plugin meta data from '/usr/bin/dpkg-trigger'" 
         not a plugin
QFactoryLoader::QFactoryLoader() looking at "/usr/bin/driverless"
"Failed to extract plugin meta data from '/usr/lib/cups/driver/driverless'" 
         not a plugin
QFactoryLoader::QFactoryLoader() looking at "/usr/bin/driverless-fax"
QElfParser: '/usr/lib/cups/driver/driverless-fax' is not an ELF object
"'/usr/lib/cups/driver/driverless-fax' is not an ELF object" 
         not a plugin
QFactoryLoader::QFactoryLoader() looking at "/usr/bin/dt2dv"
"Failed to extract plugin meta data from '/usr/bin/dt2dv'" 
         not a plugin
QFactoryLoader::QFactoryLoader() looking at "/usr/bin/dtxgen"
QElfParser: '/usr/share/texlive/texmf-dist/scripts/dtxgen/dtxgen' is not an ELF object
"'/usr/share/texlive/texmf-dist/scripts/dtxgen/dtxgen' is not an ELF object" 
         not a plugin
QFactoryLoader::QFactoryLoader() looking at "/usr/bin/du"
"Failed to extract plugin meta data from '/usr/bin/du'" 
         not a plugin
QFactoryLoader::QFactoryLoader() looking at "/usr/bin/dumpkeys"
"Failed to extract plugin meta data from '/usr/bin/dumpkeys'" 
         not a plugin
QFactoryLoader::QFactoryLoader() looking at "/usr/bin/dv2dt"
"Failed to extract plugin meta data from '/usr/bin/dv2dt'" 
         not a plugin
QFactoryLoader::QFactoryLoader() looking at "/usr/bin/dvi2fax"
QElfParser: '/usr/share/texlive/texmf-dist/scripts/texlive-extra/dvi2fax.sh' is not an ELF object
"'/usr/share/texlive/texmf-dist/scripts/texlive-extra/dvi2fax.sh' is not an ELF object" 
         not a plugin
QFactoryLoader::QFactoryLoader() looking at "/usr/bin/dvi2tty"
"Failed to extract plugin meta data from '/usr/bin/dvi2tty'" 
         not a plugin
QFactoryLoader::QFactoryLoader() looking at "/usr/bin/dviasm"
QElfParser: '/usr/share/texlive/texmf-dist/scripts/dviasm/dviasm.py' is not an ELF object
"'/usr/share/texlive/texmf-dist/scripts/dviasm/dviasm.py' is not an ELF object" 
         not a plugin
QFactoryLoader::QFactoryLoader() looking at "/usr/bin/dvibook"
"Failed to extract plugin meta data from '/usr/bin/dvibook'" 
         not a plugin
QFactoryLoader::QFactoryLoader() looking at "/usr/bin/dviconcat"
"Failed to extract plugin meta data from '/usr/bin/dviconcat'" 
         not a plugin
QFactoryLoader::QFactoryLoader() looking at "/usr/bin/dvicopy"
"Failed to extract plugin meta data from '/usr/bin/dvicopy'" 
         not a plugin
QFactoryLoader::QFactoryLoader() looking at "/usr/bin/dvidvi"
"Failed to extract plugin meta data from '/usr/bin/dvidvi'" 
         not a plugin
QFactoryLoader::QFactoryLoader() looking at "/usr/bin/dvigif"
"Failed to extract plugin meta data from '/usr/bin/dvipng'" 
         not a plugin
QFactoryLoader::QFactoryLoader() looking at "/usr/bin/dvihp"
QElfParser: '/usr/bin/dvihp' is not an ELF object
"'/usr/bin/dvihp' is not an ELF object" 
         not a plugin
QFactoryLoader::QFactoryLoader() looking at "/usr/bin/dviinfox"
QElfParser: '/usr/share/texlive/texmf-dist/scripts/dviinfox/dviinfox.pl' is not an ELF object
"'/usr/share/texlive/texmf-dist/scripts/dviinfox/dviinfox.pl' is not an ELF object" 
         not a plugin
QFactoryLoader::QFactoryLoader() looking at "/usr/bin/dvilj"
"Failed to extract plugin meta data from '/usr/bin/dvilj'" 
         not a plugin
QFactoryLoader::QFactoryLoader() looking at "/usr/bin/dvilj2p"
"Failed to extract plugin meta data from '/usr/bin/dvilj2p'" 
         not a plugin
QFactoryLoader::QFactoryLoader() looking at "/usr/bin/dvilj4"
"Failed to extract plugin meta data from '/usr/bin/dvilj4'" 
         not a plugin
QFactoryLoader::QFactoryLoader() looking at "/usr/bin/dvilj4l"
"Failed to extract plugin meta data from '/usr/bin/dvilj4l'" 
         not a plugin
QFactoryLoader::QFactoryLoader() looking at "/usr/bin/dvilj6"
"Failed to extract plugin meta data from '/usr/bin/dvilj4'" 
         not a plugin
QFactoryLoader::QFactoryLoader() looking at "/usr/bin/dvilualatex"
"Failed to extract plugin meta data from '/usr/bin/luatex'" 
         not a plugin
QFactoryLoader::QFactoryLoader() looking at "/usr/bin/dvilualatex-dev"
"Failed to extract plugin meta data from '/usr/bin/luatex'" 
         not a plugin
QFactoryLoader::QFactoryLoader() looking at "/usr/bin/dviluatex"
"Failed to extract plugin meta data from '/usr/bin/luatex'" 
         not a plugin
QFactoryLoader::QFactoryLoader() looking at "/usr/bin/dvipdf"
QElfParser: '/usr/bin/dvipdf' is not an ELF object
"'/usr/bin/dvipdf' is not an ELF object" 
         not a plugin
QFactoryLoader::QFactoryLoader() looking at "/usr/bin/dvipdfm"
"Failed to extract plugin meta data from '/usr/bin/xdvipdfmx'" 
         not a plugin
QFactoryLoader::QFactoryLoader() looking at "/usr/bin/dvipdfmx"
"Failed to extract plugin meta data from '/usr/bin/xdvipdfmx'" 
         not a plugin
QFactoryLoader::QFactoryLoader() looking at "/usr/bin/dvipdft"
QElfParser: '/usr/bin/dvipdft' is not an ELF object
"'/usr/bin/dvipdft' is not an ELF object" 
         not a plugin
QFactoryLoader::QFactoryLoader() looking at "/usr/bin/dvipng"
"Failed to extract plugin meta data from '/usr/bin/dvipng'" 
         not a plugin
QFactoryLoader::QFactoryLoader() looking at "/usr/bin/dvipos"
"Failed to extract plugin meta data from '/usr/bin/dvipos'" 
         not a plugin
QFactoryLoader::QFactoryLoader() looking at "/usr/bin/dvips"
"Failed to extract plugin meta data from '/usr/bin/dvips'" 
         not a plugin
QFactoryLoader::QFactoryLoader() looking at "/usr/bin/dvired"
QElfParser: '/usr/share/texlive/texmf-dist/scripts/texlive-extra/dvired.sh' is not an ELF object
"'/usr/share/texlive/texmf-dist/scripts/texlive-extra/dvired.sh' is not an ELF object" 
         not a plugin
QFactoryLoader::QFactoryLoader() looking at "/usr/bin/dviselect"
"Failed to extract plugin meta data from '/usr/bin/dviselect'" 
         not a plugin
QFactoryLoader::QFactoryLoader() looking at "/usr/bin/dvispc"
"Failed to extract plugin meta data from '/usr/bin/dvispc'" 
         not a plugin
QFactoryLoader::QFactoryLoader() looking at "/usr/bin/dvisvgm"
"Failed to extract plugin meta data from '/usr/bin/dvisvgm'" 
         not a plugin
QFactoryLoader::QFactoryLoader() looking at "/usr/bin/dvitodvi"
"Failed to extract plugin meta data from '/usr/bin/dvitodvi'" 
         not a plugin
QFactoryLoader::QFactoryLoader() looking at "/usr/bin/dvitomp"
"Failed to extract plugin meta data from '/usr/bin/mpost'" 
         not a plugin
QFactoryLoader::QFactoryLoader() looking at "/usr/bin/dvitype"
"Failed to extract plugin meta data from '/usr/bin/dvitype'" 
         not a plugin
QFactoryLoader::QFactoryLoader() looking at "/usr/bin/e2pall"
QElfParser: '/usr/share/texlive/texmf-dist/scripts/texlive-extra/e2pall.pl' is not an ELF object
"'/usr/share/texlive/texmf-dist/scripts/texlive-extra/e2pall.pl' is not an ELF object" 
         not a plugin
QFactoryLoader::QFactoryLoader() looking at "/usr/bin/ebb"
"Failed to extract plugin meta data from '/usr/bin/xdvipdfmx'" 
         not a plugin
QFactoryLoader::QFactoryLoader() looking at "/usr/bin/echo"
"Failed to extract plugin meta data from '/usr/bin/echo'" 
         not a plugin
QFactoryLoader::QFactoryLoader() looking at "/usr/bin/ed"
"Failed to extract plugin meta data from '/usr/bin/ed'" 
         not a plugin
QFactoryLoader::QFactoryLoader() looking at "/usr/bin/edgepaint"
"Failed to extract plugin meta data from '/usr/bin/edgepaint'" 
         not a plugin
QFactoryLoader::QFactoryLoader() looking at "/usr/bin/edit"
QElfParser: '/usr/bin/run-mailcap' is not an ELF object
"'/usr/bin/run-mailcap' is not an ELF object" 
         not a plugin
QFactoryLoader::QFactoryLoader() looking at "/usr/bin/editor"
"Failed to extract plugin meta data from '/usr/bin/nano'" 
         not a plugin
QFactoryLoader::QFactoryLoader() looking at "/usr/bin/editres"
"Failed to extract plugin meta data from '/usr/bin/editres'" 
         not a plugin
QFactoryLoader::QFactoryLoader() looking at "/usr/bin/efibootdump"
"Failed to extract plugin meta data from '/usr/bin/efibootdump'" 
         not a plugin
QFactoryLoader::QFactoryLoader() looking at "/usr/bin/efibootmgr"
"Failed to extract plugin meta data from '/usr/bin/efibootmgr'" 
         not a plugin
QFactoryLoader::QFactoryLoader() looking at "/usr/bin/eglinfo"
"Failed to extract plugin meta data from '/usr/bin/eglinfo.x86_64-linux-gnu'" 
         not a plugin
QFactoryLoader::QFactoryLoader() looking at "/usr/bin/eglinfo.x86_64-linux-gnu"
"Failed to extract plugin meta data from '/usr/bin/eglinfo.x86_64-linux-gnu'" 
         not a plugin
QFactoryLoader::QFactoryLoader() looking at "/usr/bin/egrep"
QElfParser: '/usr/bin/egrep' is not an ELF object (file too small)
"'/usr/bin/egrep' is not an ELF object (file too small)" 
         not a plugin
QFactoryLoader::QFactoryLoader() looking at "/usr/bin/eject"
"Failed to extract plugin meta data from '/usr/bin/eject'" 
         not a plugin
QFactoryLoader::QFactoryLoader() looking at "/usr/bin/enc2xs"
QElfParser: '/usr/bin/enc2xs' is not an ELF object
"'/usr/bin/enc2xs' is not an ELF object" 
         not a plugin
QFactoryLoader::QFactoryLoader() looking at "/usr/bin/encguess"
QElfParser: '/usr/bin/encguess' is not an ELF object
"'/usr/bin/encguess' is not an ELF object" 
         not a plugin
QFactoryLoader::QFactoryLoader() looking at "/usr/bin/enchant-2"
"Failed to extract plugin meta data from '/usr/bin/enchant-2'" 
         not a plugin
QFactoryLoader::QFactoryLoader() looking at "/usr/bin/enchant-lsmod-2"
"Failed to extract plugin meta data from '/usr/bin/enchant-lsmod-2'" 
         not a plugin
QFactoryLoader::QFactoryLoader() looking at "/usr/bin/engrampa"
"Failed to extract plugin meta data from '/usr/bin/engrampa'" 
         not a plugin
QFactoryLoader::QFactoryLoader() looking at "/usr/bin/env"
"Failed to extract plugin meta data from '/usr/bin/env'" 
         not a plugin
QFactoryLoader::QFactoryLoader() looking at "/usr/bin/envsubst"
"Failed to extract plugin meta data from '/usr/bin/envsubst'" 
         not a plugin
QFactoryLoader::QFactoryLoader() looking at "/usr/bin/eplain"
"Failed to extract plugin meta data from '/usr/bin/pdftex'" 
         not a plugin
QFactoryLoader::QFactoryLoader() looking at "/usr/bin/eps2eps"
QElfParser: '/usr/bin/eps2eps' is not an ELF object
"'/usr/bin/eps2eps' is not an ELF object" 
         not a plugin
QFactoryLoader::QFactoryLoader() looking at "/usr/bin/epsffit"
"Failed to extract plugin meta data from '/usr/bin/epsffit'" 
         not a plugin
QFactoryLoader::QFactoryLoader() looking at "/usr/bin/epspdf"
QElfParser: '/usr/share/texlive/texmf-dist/scripts/epspdf/epspdf.tlu' is not an ELF object
"'/usr/share/texlive/texmf-dist/scripts/epspdf/epspdf.tlu' is not an ELF object" 
         not a plugin
QFactoryLoader::QFactoryLoader() looking at "/usr/bin/epspdftk"
QElfParser: '/usr/share/texlive/texmf-dist/scripts/epspdf/epspdftk.tcl' is not an ELF object
"'/usr/share/texlive/texmf-dist/scripts/epspdf/epspdftk.tcl' is not an ELF object" 
         not a plugin
QFactoryLoader::QFactoryLoader() looking at "/usr/bin/epstopdf"
QElfParser: '/usr/share/texlive/texmf-dist/scripts/epstopdf/epstopdf.pl' is not an ELF object
"'/usr/share/texlive/texmf-dist/scripts/epstopdf/epstopdf.pl' is not an ELF object" 
         not a plugin
QFactoryLoader::QFactoryLoader() looking at "/usr/bin/eptex"
"Failed to extract plugin meta data from '/usr/bin/eptex'" 
         not a plugin
QFactoryLoader::QFactoryLoader() looking at "/usr/bin/eqn"
"Failed to extract plugin meta data from '/usr/bin/eqn'" 
         not a plugin
QFactoryLoader::QFactoryLoader() looking at "/usr/bin/erb"
QElfParser: '/usr/bin/erb3.0' is not an ELF object
"'/usr/bin/erb3.0' is not an ELF object" 
         not a plugin
QFactoryLoader::QFactoryLoader() looking at "/usr/bin/erb3.0"
QElfParser: '/usr/bin/erb3.0' is not an ELF object
"'/usr/bin/erb3.0' is not an ELF object" 
         not a plugin
QFactoryLoader::QFactoryLoader() looking at "/usr/bin/es2_info"
"Failed to extract plugin meta data from '/usr/bin/es2_info.x86_64-linux-gnu'" 
         not a plugin
QFactoryLoader::QFactoryLoader() looking at "/usr/bin/es2_info.x86_64-linux-gnu"
"Failed to extract plugin meta data from '/usr/bin/es2_info.x86_64-linux-gnu'" 
         not a plugin
QFactoryLoader::QFactoryLoader() looking at "/usr/bin/es2gears_wayland"
"Failed to extract plugin meta data from '/usr/bin/es2gears_wayland.x86_64-linux-gnu'" 
         not a plugin
QFactoryLoader::QFactoryLoader() looking at "/usr/bin/es2gears_wayland.x86_64-linux-gnu"
"Failed to extract plugin meta data from '/usr/bin/es2gears_wayland.x86_64-linux-gnu'" 
         not a plugin
QFactoryLoader::QFactoryLoader() looking at "/usr/bin/es2gears_x11"
"Failed to extract plugin meta data from '/usr/bin/es2gears_x11.x86_64-linux-gnu'" 
         not a plugin
QFactoryLoader::QFactoryLoader() looking at "/usr/bin/es2gears_x11.x86_64-linux-gnu"
"Failed to extract plugin meta data from '/usr/bin/es2gears_x11.x86_64-linux-gnu'" 
         not a plugin
QFactoryLoader::QFactoryLoader() looking at "/usr/bin/es2tri"
"Failed to extract plugin meta data from '/usr/bin/es2tri.x86_64-linux-gnu'" 
         not a plugin
QFactoryLoader::QFactoryLoader() looking at "/usr/bin/es2tri.x86_64-linux-gnu"
"Failed to extract plugin meta data from '/usr/bin/es2tri.x86_64-linux-gnu'" 
         not a plugin
QFactoryLoader::QFactoryLoader() looking at "/usr/bin/esc-m"
"Failed to extract plugin meta data from '/usr/bin/esc-m'" 
         not a plugin
QFactoryLoader::QFactoryLoader() looking at "/usr/bin/espeak"
"Failed to extract plugin meta data from '/usr/bin/espeak'" 
         not a plugin
QFactoryLoader::QFactoryLoader() looking at "/usr/bin/etex"
"Failed to extract plugin meta data from '/usr/bin/pdftex'" 
         not a plugin
QFactoryLoader::QFactoryLoader() looking at "/usr/bin/euptex"
"Failed to extract plugin meta data from '/usr/bin/euptex'" 
         not a plugin
QFactoryLoader::QFactoryLoader() looking at "/usr/bin/eutp"
"Failed to extract plugin meta data from '/usr/bin/eutp'" 
         not a plugin
QFactoryLoader::QFactoryLoader() looking at "/usr/bin/ex"
"Failed to extract plugin meta data from '/usr/bin/vim.tiny'" 
         not a plugin
QFactoryLoader::QFactoryLoader() looking at "/usr/bin/exceltex"
QElfParser: '/usr/share/texlive/texmf-dist/scripts/exceltex/exceltex' is not an ELF object
"'/usr/share/texlive/texmf-dist/scripts/exceltex/exceltex' is not an ELF object" 
         not a plugin
QFactoryLoader::QFactoryLoader() looking at "/usr/bin/exo-desktop-item-edit"
"Failed to extract plugin meta data from '/usr/bin/exo-desktop-item-edit'" 
         not a plugin
QFactoryLoader::QFactoryLoader() looking at "/usr/bin/exo-open"
"Failed to extract plugin meta data from '/usr/bin/exo-open'" 
         not a plugin
QFactoryLoader::QFactoryLoader() looking at "/usr/bin/expand"
"Failed to extract plugin meta data from '/usr/bin/expand'" 
         not a plugin
QFactoryLoader::QFactoryLoader() looking at "/usr/bin/expiry"
"Failed to extract plugin meta data from '/usr/bin/expiry'" 
         not a plugin
QFactoryLoader::QFactoryLoader() looking at "/usr/bin/expr"
"Failed to extract plugin meta data from '/usr/bin/expr'" 
         not a plugin
QFactoryLoader::QFactoryLoader() looking at "/usr/bin/extconv"
"Failed to extract plugin meta data from '/usr/bin/extconv'" 
         not a plugin
QFactoryLoader::QFactoryLoader() looking at "/usr/bin/extractbb"
"Failed to extract plugin meta data from '/usr/bin/xdvipdfmx'" 
         not a plugin
QFactoryLoader::QFactoryLoader() looking at "/usr/bin/extractres"
QElfParser: '/usr/bin/extractres' is not an ELF object
"'/usr/bin/extractres' is not an ELF object" 
         not a plugin
QFactoryLoader::QFactoryLoader() looking at "/usr/bin/eyuvtoppm"
"Failed to extract plugin meta data from '/usr/bin/eyuvtoppm'" 
         not a plugin
QFactoryLoader::QFactoryLoader() looking at "/usr/bin/factor"
"Failed to extract plugin meta data from '/usr/bin/factor'" 
         not a plugin
QFactoryLoader::QFactoryLoader() looking at "/usr/bin/faillog"
"Failed to extract plugin meta data from '/usr/bin/faillog'" 
         not a plugin
QFactoryLoader::QFactoryLoader() looking at "/usr/bin/fallocate"
"Failed to extract plugin meta data from '/usr/bin/fallocate'" 
         not a plugin
QFactoryLoader::QFactoryLoader() looking at "/usr/bin/false"
"Failed to extract plugin meta data from '/usr/bin/false'" 
         not a plugin
QFactoryLoader::QFactoryLoader() looking at "/usr/bin/fc-cache"
"Failed to extract plugin meta data from '/usr/bin/fc-cache'" 
         not a plugin
QFactoryLoader::QFactoryLoader() looking at "/usr/bin/fc-cat"
"Failed to extract plugin meta data from '/usr/bin/fc-cat'" 
         not a plugin
QFactoryLoader::QFactoryLoader() looking at "/usr/bin/fc-conflist"
"Failed to extract plugin meta data from '/usr/bin/fc-conflist'" 
         not a plugin
QFactoryLoader::QFactoryLoader() looking at "/usr/bin/fc-list"
"Failed to extract plugin meta data from '/usr/bin/fc-list'" 
         not a plugin
QFactoryLoader::QFactoryLoader() looking at "/usr/bin/fc-match"
"Failed to extract plugin meta data from '/usr/bin/fc-match'" 
         not a plugin
QFactoryLoader::QFactoryLoader() looking at "/usr/bin/fc-pattern"
"Failed to extract plugin meta data from '/usr/bin/fc-pattern'" 
         not a plugin
QFactoryLoader::QFactoryLoader() looking at "/usr/bin/fc-query"
"Failed to extract plugin meta data from '/usr/bin/fc-query'" 
         not a plugin
QFactoryLoader::QFactoryLoader() looking at "/usr/bin/fc-scan"
"Failed to extract plugin meta data from '/usr/bin/fc-scan'" 
         not a plugin
QFactoryLoader::QFactoryLoader() looking at "/usr/bin/fc-validate"
"Failed to extract plugin meta data from '/usr/bin/fc-validate'" 
         not a plugin
QFactoryLoader::QFactoryLoader() looking at "/usr/bin/fcitx5"
"Failed to extract plugin meta data from '/usr/bin/fcitx5'" 
         not a plugin
QFactoryLoader::QFactoryLoader() looking at "/usr/bin/fcitx5-config-qt"
"Failed to extract plugin meta data from '/usr/bin/fcitx5-config-qt'" 
         not a plugin
QFactoryLoader::QFactoryLoader() looking at "/usr/bin/fcitx5-configtool"
QElfParser: '/usr/bin/fcitx5-configtool' is not an ELF object
"'/usr/bin/fcitx5-configtool' is not an ELF object" 
         not a plugin
QFactoryLoader::QFactoryLoader() looking at "/usr/bin/fcitx5-diagnose"
QElfParser: '/usr/bin/fcitx5-diagnose' is not an ELF object
"'/usr/bin/fcitx5-diagnose' is not an ELF object" 
         not a plugin
QFactoryLoader::QFactoryLoader() looking at "/usr/bin/fcitx5-migrator"
Found metadata in lib /usr/bin/fcitx5-migrator, metadata=
{
    "IID": "org.fcitx.Fcitx.FcitxMigratorFactoryInterface",
    "MetaData": {
        "addon": "pinyin"
    },
    "archreq": 0,
    "className": "PinyinMigratorPlugin",
    "debug": false,
    "version": 331520
}


Got keys from plugin meta data ()
QFactoryLoader::QFactoryLoader() looking at "/usr/bin/fcitx5-remote"
"Failed to extract plugin meta data from '/usr/bin/fcitx5-remote'" 
         not a plugin
QFactoryLoader::QFactoryLoader() looking at "/usr/bin/fdp"
"Failed to extract plugin meta data from '/usr/sbin/libgvc6-config-update'" 
         not a plugin
QFactoryLoader::QFactoryLoader() looking at "/usr/bin/feynmf"
QElfParser: '/usr/bin/feynmf' is not an ELF object
"'/usr/bin/feynmf' is not an ELF object" 
         not a plugin
QFactoryLoader::QFactoryLoader() looking at "/usr/bin/ffmpeg"
"Failed to extract plugin meta data from '/usr/bin/ffmpeg'" 
         not a plugin
QFactoryLoader::QFactoryLoader() looking at "/usr/bin/ffplay"
"Failed to extract plugin meta data from '/usr/bin/ffplay'" 
         not a plugin
QFactoryLoader::QFactoryLoader() looking at "/usr/bin/ffprobe"
"Failed to extract plugin meta data from '/usr/bin/ffprobe'" 
         not a plugin
QFactoryLoader::QFactoryLoader() looking at "/usr/bin/fgconsole"
"Failed to extract plugin meta data from '/usr/bin/fgconsole'" 
         not a plugin
QFactoryLoader::QFactoryLoader() looking at "/usr/bin/fgrep"
QElfParser: '/usr/bin/fgrep' is not an ELF object (file too small)
"'/usr/bin/fgrep' is not an ELF object (file too small)" 
         not a plugin
QFactoryLoader::QFactoryLoader() looking at "/usr/bin/fiascotopnm"
"Failed to extract plugin meta data from '/usr/bin/fiascotopnm'" 
         not a plugin
QFactoryLoader::QFactoryLoader() looking at "/usr/bin/fig4latex"
QElfParser: '/usr/share/texlive/texmf-dist/scripts/fig4latex/fig4latex' is not an ELF object
"'/usr/share/texlive/texmf-dist/scripts/fig4latex/fig4latex' is not an ELF object" 
         not a plugin
QFactoryLoader::QFactoryLoader() looking at "/usr/bin/filan"
"Failed to extract plugin meta data from '/usr/bin/filan'" 
         not a plugin
QFactoryLoader::QFactoryLoader() looking at "/usr/bin/file"
"Failed to extract plugin meta data from '/usr/bin/file'" 
         not a plugin
QFactoryLoader::QFactoryLoader() looking at "/usr/bin/file2brl"
"Failed to extract plugin meta data from '/usr/bin/file2brl'" 
         not a plugin
QFactoryLoader::QFactoryLoader() looking at "/usr/bin/fincore"
"Failed to extract plugin meta data from '/usr/bin/fincore'" 
         not a plugin
QFactoryLoader::QFactoryLoader() looking at "/usr/bin/find"
"Failed to extract plugin meta data from '/usr/bin/find'" 
         not a plugin
QFactoryLoader::QFactoryLoader() looking at "/usr/bin/findhyph"
QElfParser: '/usr/share/texlive/texmf-dist/scripts/findhyph/findhyph' is not an ELF object
"'/usr/share/texlive/texmf-dist/scripts/findhyph/findhyph' is not an ELF object" 
         not a plugin
QFactoryLoader::QFactoryLoader() looking at "/usr/bin/findmnt"
"Failed to extract plugin meta data from '/usr/bin/findmnt'" 
         not a plugin
QFactoryLoader::QFactoryLoader() looking at "/usr/bin/findrule"
QElfParser: '/usr/bin/findrule' is not an ELF object
"'/usr/bin/findrule' is not an ELF object" 
         not a plugin
QFactoryLoader::QFactoryLoader() looking at "/usr/bin/fitstopnm"
"Failed to extract plugin meta data from '/usr/bin/fitstopnm'" 
         not a plugin
QFactoryLoader::QFactoryLoader() looking at "/usr/bin/fixdlsrps"
QElfParser: '/usr/bin/fixdlsrps' is not an ELF object
"'/usr/bin/fixdlsrps' is not an ELF object" 
         not a plugin
QFactoryLoader::QFactoryLoader() looking at "/usr/bin/fixfmps"
QElfParser: '/usr/bin/fixfmps' is not an ELF object
"'/usr/bin/fixfmps' is not an ELF object" 
         not a plugin
QFactoryLoader::QFactoryLoader() looking at "/usr/bin/fixpsditps"
QElfParser: '/usr/bin/fixpsditps' is not an ELF object
"'/usr/bin/fixpsditps' is not an ELF object" 
         not a plugin
QFactoryLoader::QFactoryLoader() looking at "/usr/bin/fixpspps"
QElfParser: '/usr/bin/fixpspps' is not an ELF object
"'/usr/bin/fixpspps' is not an ELF object" 
         not a plugin
QFactoryLoader::QFactoryLoader() looking at "/usr/bin/fixscribeps"
QElfParser: '/usr/bin/fixscribeps' is not an ELF object
"'/usr/bin/fixscribeps' is not an ELF object" 
         not a plugin
QFactoryLoader::QFactoryLoader() looking at "/usr/bin/fixtpps"
QElfParser: '/usr/bin/fixtpps' is not an ELF object
"'/usr/bin/fixtpps' is not an ELF object" 
         not a plugin
QFactoryLoader::QFactoryLoader() looking at "/usr/bin/fixwfwps"
QElfParser: '/usr/bin/fixwfwps' is not an ELF object
"'/usr/bin/fixwfwps' is not an ELF object" 
         not a plugin
QFactoryLoader::QFactoryLoader() looking at "/usr/bin/fixwpps"
QElfParser: '/usr/bin/fixwpps' is not an ELF object
"'/usr/bin/fixwpps' is not an ELF object" 
         not a plugin
QFactoryLoader::QFactoryLoader() looking at "/usr/bin/fixwwps"
QElfParser: '/usr/bin/fixwwps' is not an ELF object
"'/usr/bin/fixwwps' is not an ELF object" 
         not a plugin
QFactoryLoader::QFactoryLoader() looking at "/usr/bin/flock"
"Failed to extract plugin meta data from '/usr/bin/flock'" 
         not a plugin
QFactoryLoader::QFactoryLoader() looking at "/usr/bin/fmt"
"Failed to extract plugin meta data from '/usr/bin/fmt'" 
         not a plugin
QFactoryLoader::QFactoryLoader() looking at "/usr/bin/fmtutil"
QElfParser: '/usr/share/texlive/texmf-dist/scripts/texlive/fmtutil.pl' is not an ELF object
"'/usr/share/texlive/texmf-dist/scripts/texlive/fmtutil.pl' is not an ELF object" 
         not a plugin
QFactoryLoader::QFactoryLoader() looking at "/usr/bin/fmtutil-sys"
QElfParser: '/usr/share/texlive/texmf-dist/scripts/texlive/fmtutil-sys.sh' is not an ELF object
"'/usr/share/texlive/texmf-dist/scripts/texlive/fmtutil-sys.sh' is not an ELF object" 
         not a plugin
QFactoryLoader::QFactoryLoader() looking at "/usr/bin/fmtutil-user"
QElfParser: '/usr/share/texlive/texmf-dist/scripts/texlive/fmtutil-user.sh' is not an ELF object
"'/usr/share/texlive/texmf-dist/scripts/texlive/fmtutil-user.sh' is not an ELF object" 
         not a plugin
QFactoryLoader::QFactoryLoader() looking at "/usr/bin/fold"
"Failed to extract plugin meta data from '/usr/bin/fold'" 
         not a plugin
QFactoryLoader::QFactoryLoader() looking at "/usr/bin/font-manager"
"Failed to extract plugin meta data from '/usr/bin/font-manager'" 
         not a plugin
QFactoryLoader::QFactoryLoader() looking at "/usr/bin/fontinst"
QElfParser: '/usr/share/texlive/texmf-dist/scripts/texlive-extra/fontinst.sh' is not an ELF object
"'/usr/share/texlive/texmf-dist/scripts/texlive-extra/fontinst.sh' is not an ELF object" 
         not a plugin
QFactoryLoader::QFactoryLoader() looking at "/usr/bin/fonttosfnt"
"Failed to extract plugin meta data from '/usr/bin/fonttosfnt'" 
         not a plugin
QFactoryLoader::QFactoryLoader() looking at "/usr/bin/foo2ddst"
"Failed to extract plugin meta data from '/usr/bin/foo2ddst'" 
         not a plugin
QFactoryLoader::QFactoryLoader() looking at "/usr/bin/foo2ddst-wrapper"
QElfParser: '/usr/bin/foo2ddst-wrapper' is not an ELF object
"'/usr/bin/foo2ddst-wrapper' is not an ELF object" 
         not a plugin
QFactoryLoader::QFactoryLoader() looking at "/usr/bin/foo2hbpl2"
"Failed to extract plugin meta data from '/usr/bin/foo2hbpl2'" 
         not a plugin
QFactoryLoader::QFactoryLoader() looking at "/usr/bin/foo2hbpl2-wrapper"
QElfParser: '/usr/bin/foo2hbpl2-wrapper' is not an ELF object
"'/usr/bin/foo2hbpl2-wrapper' is not an ELF object" 
         not a plugin
QFactoryLoader::QFactoryLoader() looking at "/usr/bin/foo2hiperc"
"Failed to extract plugin meta data from '/usr/bin/foo2hiperc'" 
         not a plugin
QFactoryLoader::QFactoryLoader() looking at "/usr/bin/foo2hiperc-wrapper"
QElfParser: '/usr/bin/foo2hiperc-wrapper' is not an ELF object
"'/usr/bin/foo2hiperc-wrapper' is not an ELF object" 
         not a plugin
QFactoryLoader::QFactoryLoader() looking at "/usr/bin/foo2hp"
"Failed to extract plugin meta data from '/usr/bin/foo2hp'" 
         not a plugin
QFactoryLoader::QFactoryLoader() looking at "/usr/bin/foo2hp2600-wrapper"
QElfParser: '/usr/bin/foo2hp2600-wrapper' is not an ELF object
"'/usr/bin/foo2hp2600-wrapper' is not an ELF object" 
         not a plugin
QFactoryLoader::QFactoryLoader() looking at "/usr/bin/foo2lava"
"Failed to extract plugin meta data from '/usr/bin/foo2lava'" 
         not a plugin
QFactoryLoader::QFactoryLoader() looking at "/usr/bin/foo2lava-wrapper"
QElfParser: '/usr/bin/foo2lava-wrapper' is not an ELF object
"'/usr/bin/foo2lava-wrapper' is not an ELF object" 
         not a plugin
QFactoryLoader::QFactoryLoader() looking at "/usr/bin/foo2oak"
"Failed to extract plugin meta data from '/usr/bin/foo2oak'" 
         not a plugin
QFactoryLoader::QFactoryLoader() looking at "/usr/bin/foo2oak-wrapper"
QElfParser: '/usr/bin/foo2oak-wrapper' is not an ELF object
"'/usr/bin/foo2oak-wrapper' is not an ELF object" 
         not a plugin
QFactoryLoader::QFactoryLoader() looking at "/usr/bin/foo2qpdl"
"Failed to extract plugin meta data from '/usr/bin/foo2qpdl'" 
         not a plugin
QFactoryLoader::QFactoryLoader() looking at "/usr/bin/foo2qpdl-wrapper"
QElfParser: '/usr/bin/foo2qpdl-wrapper' is not an ELF object
"'/usr/bin/foo2qpdl-wrapper' is not an ELF object" 
         not a plugin
QFactoryLoader::QFactoryLoader() looking at "/usr/bin/foo2slx"
"Failed to extract plugin meta data from '/usr/bin/foo2slx'" 
         not a plugin
QFactoryLoader::QFactoryLoader() looking at "/usr/bin/foo2slx-wrapper"
QElfParser: '/usr/bin/foo2slx-wrapper' is not an ELF object
"'/usr/bin/foo2slx-wrapper' is not an ELF object" 
         not a plugin
QFactoryLoader::QFactoryLoader() looking at "/usr/bin/foo2xqx"
"Failed to extract plugin meta data from '/usr/bin/foo2xqx'" 
         not a plugin
QFactoryLoader::QFactoryLoader() looking at "/usr/bin/foo2xqx-wrapper"
QElfParser: '/usr/bin/foo2xqx-wrapper' is not an ELF object
"'/usr/bin/foo2xqx-wrapper' is not an ELF object" 
         not a plugin
QFactoryLoader::QFactoryLoader() looking at "/usr/bin/foo2zjs"
"Failed to extract plugin meta data from '/usr/bin/foo2zjs'" 
         not a plugin
QFactoryLoader::QFactoryLoader() looking at "/usr/bin/foo2zjs-icc2ps"
"Failed to extract plugin meta data from '/usr/bin/psicc'" 
         not a plugin
QFactoryLoader::QFactoryLoader() looking at "/usr/bin/foo2zjs-pstops"
QElfParser: '/usr/bin/foo2zjs-pstops' is not an ELF object
"'/usr/bin/foo2zjs-pstops' is not an ELF object" 
         not a plugin
QFactoryLoader::QFactoryLoader() looking at "/usr/bin/foo2zjs-wrapper"
QElfParser: '/usr/bin/foo2zjs-wrapper' is not an ELF object
"'/usr/bin/foo2zjs-wrapper' is not an ELF object" 
         not a plugin
QFactoryLoader::QFactoryLoader() looking at "/usr/bin/foomatic-rip"
"Failed to extract plugin meta data from '/usr/lib/cups/filter/foomatic-rip'" 
         not a plugin
QFactoryLoader::QFactoryLoader() looking at "/usr/bin/fragmaster"
QElfParser: '/usr/bin/fragmaster' is not an ELF object
"'/usr/bin/fragmaster' is not an ELF object" 
         not a plugin
QFactoryLoader::QFactoryLoader() looking at "/usr/bin/free"
"Failed to extract plugin meta data from '/usr/bin/free'" 
         not a plugin
QFactoryLoader::QFactoryLoader() looking at "/usr/bin/fstopgm"
"Failed to extract plugin meta data from '/usr/bin/fstopgm'" 
         not a plugin
QFactoryLoader::QFactoryLoader() looking at "/usr/bin/ftp"
"Failed to extract plugin meta data from '/usr/bin/tnftp'" 
         not a plugin
QFactoryLoader::QFactoryLoader() looking at "/usr/bin/funzip"
"Failed to extract plugin meta data from '/usr/bin/funzip'" 
         not a plugin
QFactoryLoader::QFactoryLoader() looking at "/usr/bin/fuser"
"Failed to extract plugin meta data from '/usr/bin/fuser'" 
         not a plugin
QFactoryLoader::QFactoryLoader() looking at "/usr/bin/fusermount"
"Failed to extract plugin meta data from '/usr/bin/fusermount3'" 
         not a plugin
QFactoryLoader::QFactoryLoader() looking at "/usr/bin/fusermount3"
"Failed to extract plugin meta data from '/usr/bin/fusermount3'" 
         not a plugin
QFactoryLoader::QFactoryLoader() looking at "/usr/bin/fwupdmgr"
"Failed to extract plugin meta data from '/usr/bin/fwupdmgr'" 
         not a plugin
QFactoryLoader::QFactoryLoader() looking at "/usr/bin/fwupdtool"
"Failed to extract plugin meta data from '/usr/bin/fwupdtool'" 
         not a plugin
QFactoryLoader::QFactoryLoader() looking at "/usr/bin/g3topbm"
"Failed to extract plugin meta data from '/usr/bin/g3topbm'" 
         not a plugin
QFactoryLoader::QFactoryLoader() looking at "/usr/bin/gamma4scanimage"
"Failed to extract plugin meta data from '/usr/bin/gamma4scanimage'" 
         not a plugin
QFactoryLoader::QFactoryLoader() looking at "/usr/bin/gapplication"
"Failed to extract plugin meta data from '/usr/bin/gapplication'" 
         not a plugin
QFactoryLoader::QFactoryLoader() looking at "/usr/bin/gatttool"
"Failed to extract plugin meta data from '/usr/bin/gatttool'" 
         not a plugin
QFactoryLoader::QFactoryLoader() looking at "/usr/bin/gbklatex"
QElfParser: '/usr/bin/gbklatex' is not an ELF object
"'/usr/bin/gbklatex' is not an ELF object" 
         not a plugin
QFactoryLoader::QFactoryLoader() looking at "/usr/bin/gbkpdflatex"
QElfParser: '/usr/bin/gbkpdflatex' is not an ELF object
"'/usr/bin/gbkpdflatex' is not an ELF object" 
         not a plugin
QFactoryLoader::QFactoryLoader() looking at "/usr/bin/gc"
"Failed to extract plugin meta data from '/usr/bin/gc'" 
         not a plugin
QFactoryLoader::QFactoryLoader() looking at "/usr/bin/gcore"
QElfParser: '/usr/bin/gcore' is not an ELF object
"'/usr/bin/gcore' is not an ELF object" 
         not a plugin
QFactoryLoader::QFactoryLoader() looking at "/usr/bin/gcr-viewer"
"Failed to extract plugin meta data from '/usr/bin/gcr-viewer'" 
         not a plugin
QFactoryLoader::QFactoryLoader() looking at "/usr/bin/gdb"
"Failed to extract plugin meta data from '/usr/bin/gdb'" 
         not a plugin
QFactoryLoader::QFactoryLoader() looking at "/usr/bin/gdb-add-index"
QElfParser: '/usr/bin/gdb-add-index' is not an ELF object
"'/usr/bin/gdb-add-index' is not an ELF object" 
         not a plugin
QFactoryLoader::QFactoryLoader() looking at "/usr/bin/gdbtui"
QElfParser: '/usr/bin/gdbtui' is not an ELF object
"'/usr/bin/gdbtui' is not an ELF object" 
         not a plugin
QFactoryLoader::QFactoryLoader() looking at "/usr/bin/gdbus"
"Failed to extract plugin meta data from '/usr/bin/gdbus'" 
         not a plugin
QFactoryLoader::QFactoryLoader() looking at "/usr/bin/gdialog"
QElfParser: '/usr/bin/gdialog' is not an ELF object
"'/usr/bin/gdialog' is not an ELF object" 
         not a plugin
QFactoryLoader::QFactoryLoader() looking at "/usr/bin/gdk-pixbuf-csource"
"Failed to extract plugin meta data from '/usr/bin/gdk-pixbuf-csource'" 
         not a plugin
QFactoryLoader::QFactoryLoader() looking at "/usr/bin/gdk-pixbuf-pixdata"
"Failed to extract plugin meta data from '/usr/bin/gdk-pixbuf-pixdata'" 
         not a plugin
QFactoryLoader::QFactoryLoader() looking at "/usr/bin/gdk-pixbuf-thumbnailer"
"Failed to extract plugin meta data from '/usr/bin/gdk-pixbuf-thumbnailer'" 
         not a plugin
QFactoryLoader::QFactoryLoader() looking at "/usr/bin/gem"
QElfParser: '/usr/bin/gem' is not an ELF object
"'/usr/bin/gem' is not an ELF object" 
         not a plugin
QFactoryLoader::QFactoryLoader() looking at "/usr/bin/gem3.0"
QElfParser: '/usr/bin/gem3.0' is not an ELF object
"'/usr/bin/gem3.0' is not an ELF object" 
         not a plugin
QFactoryLoader::QFactoryLoader() looking at "/usr/bin/gemtopbm"
"Failed to extract plugin meta data from '/usr/bin/gemtopnm'" 
         not a plugin
QFactoryLoader::QFactoryLoader() looking at "/usr/bin/gemtopnm"
"Failed to extract plugin meta data from '/usr/bin/gemtopnm'" 
         not a plugin
QFactoryLoader::QFactoryLoader() looking at "/usr/bin/geod"
"Failed to extract plugin meta data from '/usr/bin/geod'" 
         not a plugin
QFactoryLoader::QFactoryLoader() looking at "/usr/bin/geqn"
"Failed to extract plugin meta data from '/usr/bin/eqn'" 
         not a plugin
QFactoryLoader::QFactoryLoader() looking at "/usr/bin/GET"
QElfParser: '/usr/bin/lwp-request' is not an ELF object
"'/usr/bin/lwp-request' is not an ELF object" 
         not a plugin
QFactoryLoader::QFactoryLoader() looking at "/usr/bin/getafm"
QElfParser: '/usr/bin/getafm' is not an ELF object
"'/usr/bin/getafm' is not an ELF object" 
         not a plugin
QFactoryLoader::QFactoryLoader() looking at "/usr/bin/getconf"
"Failed to extract plugin meta data from '/usr/bin/getconf'" 
         not a plugin
QFactoryLoader::QFactoryLoader() looking at "/usr/bin/getent"
"Failed to extract plugin meta data from '/usr/bin/getent'" 
         not a plugin
QFactoryLoader::QFactoryLoader() looking at "/usr/bin/getfacl"
"Failed to extract plugin meta data from '/usr/bin/getfacl'" 
         not a plugin
QFactoryLoader::QFactoryLoader() looking at "/usr/bin/getkeycodes"
"Failed to extract plugin meta data from '/usr/bin/getkeycodes'" 
         not a plugin
QFactoryLoader::QFactoryLoader() looking at "/usr/bin/getmapdl"
QElfParser: '/usr/share/texlive/texmf-dist/scripts/getmap/getmapdl.lua' is not an ELF object
"'/usr/share/texlive/texmf-dist/scripts/getmap/getmapdl.lua' is not an ELF object" 
         not a plugin
QFactoryLoader::QFactoryLoader() looking at "/usr/bin/getopt"
"Failed to extract plugin meta data from '/usr/bin/getopt'" 
         not a plugin
QFactoryLoader::QFactoryLoader() looking at "/usr/bin/gettext"
"Failed to extract plugin meta data from '/usr/bin/gettext'" 
         not a plugin
QFactoryLoader::QFactoryLoader() looking at "/usr/bin/gettext.sh"
QElfParser: '/usr/bin/gettext.sh' is not an ELF object
"'/usr/bin/gettext.sh' is not an ELF object" 
         not a plugin
QFactoryLoader::QFactoryLoader() looking at "/usr/bin/gettextize"
QElfParser: '/usr/bin/gettextize' is not an ELF object
"'/usr/bin/gettextize' is not an ELF object" 
         not a plugin
QFactoryLoader::QFactoryLoader() looking at "/usr/bin/gftodvi"
"Failed to extract plugin meta data from '/usr/bin/gftodvi'" 
         not a plugin
QFactoryLoader::QFactoryLoader() looking at "/usr/bin/gftopk"
"Failed to extract plugin meta data from '/usr/bin/gftopk'" 
         not a plugin
QFactoryLoader::QFactoryLoader() looking at "/usr/bin/gftype"
"Failed to extract plugin meta data from '/usr/bin/gftype'" 
         not a plugin
QFactoryLoader::QFactoryLoader() looking at "/usr/bin/ghostscript"
"Failed to extract plugin meta data from '/usr/bin/gs'" 
         not a plugin
QFactoryLoader::QFactoryLoader() looking at "/usr/bin/gie"
"Failed to extract plugin meta data from '/usr/bin/gie'" 
         not a plugin
QFactoryLoader::QFactoryLoader() looking at "/usr/bin/giftopnm"
"Failed to extract plugin meta data from '/usr/bin/giftopnm'" 
         not a plugin
QFactoryLoader::QFactoryLoader() looking at "/usr/bin/gigolo"
"Failed to extract plugin meta data from '/usr/bin/gigolo'" 
         not a plugin
QFactoryLoader::QFactoryLoader() looking at "/usr/bin/gimp"
"Failed to extract plugin meta data from '/usr/bin/gimp-2.10'" 
         not a plugin
QFactoryLoader::QFactoryLoader() looking at "/usr/bin/gimp-2.10"
"Failed to extract plugin meta data from '/usr/bin/gimp-2.10'" 
         not a plugin
QFactoryLoader::QFactoryLoader() looking at "/usr/bin/gimp-console"
"Failed to extract plugin meta data from '/usr/bin/gimp-console-2.10'" 
         not a plugin
QFactoryLoader::QFactoryLoader() looking at "/usr/bin/gimp-console-2.10"
"Failed to extract plugin meta data from '/usr/bin/gimp-console-2.10'" 
         not a plugin
QFactoryLoader::QFactoryLoader() looking at "/usr/bin/gimp-test-clipboard-2.0"
"Failed to extract plugin meta data from '/usr/bin/gimp-test-clipboard-2.0'" 
         not a plugin
QFactoryLoader::QFactoryLoader() looking at "/usr/bin/ginstall-info"
"Failed to extract plugin meta data from '/usr/bin/install-info'" 
         not a plugin
QFactoryLoader::QFactoryLoader() looking at "/usr/bin/gio"
"Failed to extract plugin meta data from '/usr/bin/gio'" 
         not a plugin
QFactoryLoader::QFactoryLoader() looking at "/usr/bin/gio-querymodules"
"Failed to extract plugin meta data from '/usr/lib/x86_64-linux-gnu/glib-2.0/gio-querymodules'" 
         not a plugin
QFactoryLoader::QFactoryLoader() looking at "/usr/bin/gipddecode"
"Failed to extract plugin meta data from '/usr/bin/gipddecode'" 
         not a plugin
QFactoryLoader::QFactoryLoader() looking at "/usr/bin/git"
"Failed to extract plugin meta data from '/usr/bin/git'" 
         not a plugin
QFactoryLoader::QFactoryLoader() looking at "/usr/bin/git-latexdiff"
QElfParser: '/usr/share/texlive/texmf-dist/scripts/git-latexdiff/git-latexdiff' is not an ELF object
"'/usr/share/texlive/texmf-dist/scripts/git-latexdiff/git-latexdiff' is not an ELF object" 
         not a plugin
QFactoryLoader::QFactoryLoader() looking at "/usr/bin/git-receive-pack"
"Failed to extract plugin meta data from '/usr/bin/git'" 
         not a plugin
QFactoryLoader::QFactoryLoader() looking at "/usr/bin/git-shell"
"Failed to extract plugin meta data from '/usr/bin/git-shell'" 
         not a plugin
QFactoryLoader::QFactoryLoader() looking at "/usr/bin/git-upload-archive"
"Failed to extract plugin meta data from '/usr/bin/git'" 
         not a plugin
QFactoryLoader::QFactoryLoader() looking at "/usr/bin/git-upload-pack"
"Failed to extract plugin meta data from '/usr/bin/git'" 
         not a plugin
QFactoryLoader::QFactoryLoader() looking at "/usr/bin/glib-compile-schemas"
"Failed to extract plugin meta data from '/usr/lib/x86_64-linux-gnu/glib-2.0/glib-compile-schemas'" 
         not a plugin
QFactoryLoader::QFactoryLoader() looking at "/usr/bin/glxdemo"
"Failed to extract plugin meta data from '/usr/bin/glxdemo.x86_64-linux-gnu'" 
         not a plugin
QFactoryLoader::QFactoryLoader() looking at "/usr/bin/glxdemo.x86_64-linux-gnu"
"Failed to extract plugin meta data from '/usr/bin/glxdemo.x86_64-linux-gnu'" 
         not a plugin
QFactoryLoader::QFactoryLoader() looking at "/usr/bin/glxgears"
"Failed to extract plugin meta data from '/usr/bin/glxgears.x86_64-linux-gnu'" 
         not a plugin
QFactoryLoader::QFactoryLoader() looking at "/usr/bin/glxgears.x86_64-linux-gnu"
"Failed to extract plugin meta data from '/usr/bin/glxgears.x86_64-linux-gnu'" 
         not a plugin
QFactoryLoader::QFactoryLoader() looking at "/usr/bin/glxheads"
"Failed to extract plugin meta data from '/usr/bin/glxheads.x86_64-linux-gnu'" 
         not a plugin
QFactoryLoader::QFactoryLoader() looking at "/usr/bin/glxheads.x86_64-linux-gnu"
"Failed to extract plugin meta data from '/usr/bin/glxheads.x86_64-linux-gnu'" 
         not a plugin
QFactoryLoader::QFactoryLoader() looking at "/usr/bin/glxinfo"
"Failed to extract plugin meta data from '/usr/bin/glxinfo.x86_64-linux-gnu'" 
         not a plugin
QFactoryLoader::QFactoryLoader() looking at "/usr/bin/glxinfo.x86_64-linux-gnu"
"Failed to extract plugin meta data from '/usr/bin/glxinfo.x86_64-linux-gnu'" 
         not a plugin
QFactoryLoader::QFactoryLoader() looking at "/usr/bin/gml2gv"
"Failed to extract plugin meta data from '/usr/bin/gml2gv'" 
         not a plugin
QFactoryLoader::QFactoryLoader() looking at "/usr/bin/gnome-disk-image-mounter"
"Failed to extract plugin meta data from '/usr/bin/gnome-disk-image-mounter'" 
         not a plugin
QFactoryLoader::QFactoryLoader() looking at "/usr/bin/gnome-disks"
"Failed to extract plugin meta data from '/usr/bin/gnome-disks'" 
         not a plugin
QFactoryLoader::QFactoryLoader() looking at "/usr/bin/gnome-help"
"Failed to extract plugin meta data from '/usr/bin/yelp'" 
         not a plugin
QFactoryLoader::QFactoryLoader() looking at "/usr/bin/gnome-keyring"
"Failed to extract plugin meta data from '/usr/bin/gnome-keyring-3'" 
         not a plugin
QFactoryLoader::QFactoryLoader() looking at "/usr/bin/gnome-keyring-3"
"Failed to extract plugin meta data from '/usr/bin/gnome-keyring-3'" 
         not a plugin
QFactoryLoader::QFactoryLoader() looking at "/usr/bin/gnome-keyring-daemon"
"Failed to extract plugin meta data from '/usr/bin/gnome-keyring-daemon'" 
         not a plugin
QFactoryLoader::QFactoryLoader() looking at "/usr/bin/gnome-language-selector"
QElfParser: '/usr/bin/gnome-language-selector' is not an ELF object
"'/usr/bin/gnome-language-selector' is not an ELF object" 
         not a plugin
QFactoryLoader::QFactoryLoader() looking at "/usr/bin/gnome-software"
"Failed to extract plugin meta data from '/usr/bin/gnome-software'" 
         not a plugin
QFactoryLoader::QFactoryLoader() looking at "/usr/bin/gnome-www-browser"
QElfParser: '/usr/bin/chromium-browser' is not an ELF object
"'/usr/bin/chromium-browser' is not an ELF object" 
         not a plugin
QFactoryLoader::QFactoryLoader() looking at "/usr/bin/gouldtoppm"
"Failed to extract plugin meta data from '/usr/bin/gouldtoppm'" 
         not a plugin
QFactoryLoader::QFactoryLoader() looking at "/usr/bin/gpasswd"
"Failed to extract plugin meta data from '/usr/bin/gpasswd'" 
         not a plugin
QFactoryLoader::QFactoryLoader() looking at "/usr/bin/gpg"
"Failed to extract plugin meta data from '/usr/bin/gpg'" 
         not a plugin
QFactoryLoader::QFactoryLoader() looking at "/usr/bin/gpg-agent"
"Failed to extract plugin meta data from '/usr/bin/gpg-agent'" 
         not a plugin
QFactoryLoader::QFactoryLoader() looking at "/usr/bin/gpg-connect-agent"
"Failed to extract plugin meta data from '/usr/bin/gpg-connect-agent'" 
         not a plugin
QFactoryLoader::QFactoryLoader() looking at "/usr/bin/gpg-wks-server"
"Failed to extract plugin meta data from '/usr/bin/gpg-wks-server'" 
         not a plugin
QFactoryLoader::QFactoryLoader() looking at "/usr/bin/gpg-zip"
QElfParser: '/usr/bin/gpg-zip' is not an ELF object
"'/usr/bin/gpg-zip' is not an ELF object" 
         not a plugin
QFactoryLoader::QFactoryLoader() looking at "/usr/bin/gpgcompose"
"Failed to extract plugin meta data from '/usr/bin/gpgcompose'" 
         not a plugin
QFactoryLoader::QFactoryLoader() looking at "/usr/bin/gpgconf"
"Failed to extract plugin meta data from '/usr/bin/gpgconf'" 
         not a plugin
QFactoryLoader::QFactoryLoader() looking at "/usr/bin/gpgparsemail"
"Failed to extract plugin meta data from '/usr/bin/gpgparsemail'" 
         not a plugin
QFactoryLoader::QFactoryLoader() looking at "/usr/bin/gpgsm"
"Failed to extract plugin meta data from '/usr/bin/gpgsm'" 
         not a plugin
QFactoryLoader::QFactoryLoader() looking at "/usr/bin/gpgsplit"
"Failed to extract plugin meta data from '/usr/bin/gpgsplit'" 
         not a plugin
QFactoryLoader::QFactoryLoader() looking at "/usr/bin/gpgtar"
"Failed to extract plugin meta data from '/usr/bin/gpgtar'" 
         not a plugin
QFactoryLoader::QFactoryLoader() looking at "/usr/bin/gpgv"
"Failed to extract plugin meta data from '/usr/bin/gpgv'" 
         not a plugin
QFactoryLoader::QFactoryLoader() looking at "/usr/bin/gpic"
"Failed to extract plugin meta data from '/usr/bin/pic'" 
         not a plugin
QFactoryLoader::QFactoryLoader() looking at "/usr/bin/gpu-manager"
"Failed to extract plugin meta data from '/usr/bin/gpu-manager'" 
         not a plugin
QFactoryLoader::QFactoryLoader() looking at "/usr/bin/graphml2gv"
"Failed to extract plugin meta data from '/usr/bin/graphml2gv'" 
         not a plugin
QFactoryLoader::QFactoryLoader() looking at "/usr/bin/gregorio"
"Failed to extract plugin meta data from '/usr/bin/gregorio'" 
         not a plugin
QFactoryLoader::QFactoryLoader() looking at "/usr/bin/grep"
"Failed to extract plugin meta data from '/usr/bin/grep'" 
         not a plugin
QFactoryLoader::QFactoryLoader() looking at "/usr/bin/gresource"
"Failed to extract plugin meta data from '/usr/bin/gresource'" 
         not a plugin
QFactoryLoader::QFactoryLoader() looking at "/usr/bin/groff"
"Failed to extract plugin meta data from '/usr/bin/groff'" 
         not a plugin
QFactoryLoader::QFactoryLoader() looking at "/usr/bin/grog"
QElfParser: '/usr/bin/grog' is not an ELF object
"'/usr/bin/grog' is not an ELF object" 
         not a plugin
QFactoryLoader::QFactoryLoader() looking at "/usr/bin/grops"
"Failed to extract plugin meta data from '/usr/bin/grops'" 
         not a plugin
QFactoryLoader::QFactoryLoader() looking at "/usr/bin/grotty"
"Failed to extract plugin meta data from '/usr/bin/grotty'" 
         not a plugin
QFactoryLoader::QFactoryLoader() looking at "/usr/bin/groups"
"Failed to extract plugin meta data from '/usr/bin/groups'" 
         not a plugin
QFactoryLoader::QFactoryLoader() looking at "/usr/bin/grub-editenv"
"Failed to extract plugin meta data from '/usr/bin/grub-editenv'" 
         not a plugin
QFactoryLoader::QFactoryLoader() looking at "/usr/bin/grub-file"
"Failed to extract plugin meta data from '/usr/bin/grub-file'" 
         not a plugin
QFactoryLoader::QFactoryLoader() looking at "/usr/bin/grub-fstest"
"Failed to extract plugin meta data from '/usr/bin/grub-fstest'" 
         not a plugin
QFactoryLoader::QFactoryLoader() looking at "/usr/bin/grub-glue-efi"
"Failed to extract plugin meta data from '/usr/bin/grub-glue-efi'" 
         not a plugin
QFactoryLoader::QFactoryLoader() looking at "/usr/bin/grub-kbdcomp"
QElfParser: '/usr/bin/grub-kbdcomp' is not an ELF object
"'/usr/bin/grub-kbdcomp' is not an ELF object" 
         not a plugin
QFactoryLoader::QFactoryLoader() looking at "/usr/bin/grub-menulst2cfg"
"Failed to extract plugin meta data from '/usr/bin/grub-menulst2cfg'" 
         not a plugin
QFactoryLoader::QFactoryLoader() looking at "/usr/bin/grub-mkfont"
"Failed to extract plugin meta data from '/usr/bin/grub-mkfont'" 
         not a plugin
QFactoryLoader::QFactoryLoader() looking at "/usr/bin/grub-mkimage"
"Failed to extract plugin meta data from '/usr/bin/grub-mkimage'" 
         not a plugin
QFactoryLoader::QFactoryLoader() looking at "/usr/bin/grub-mklayout"
"Failed to extract plugin meta data from '/usr/bin/grub-mklayout'" 
         not a plugin
QFactoryLoader::QFactoryLoader() looking at "/usr/bin/grub-mknetdir"
"Failed to extract plugin meta data from '/usr/bin/grub-mknetdir'" 
         not a plugin
QFactoryLoader::QFactoryLoader() looking at "/usr/bin/grub-mkpasswd-pbkdf2"
"Failed to extract plugin meta data from '/usr/bin/grub-mkpasswd-pbkdf2'" 
         not a plugin
QFactoryLoader::QFactoryLoader() looking at "/usr/bin/grub-mkrelpath"
"Failed to extract plugin meta data from '/usr/bin/grub-mkrelpath'" 
         not a plugin
QFactoryLoader::QFactoryLoader() looking at "/usr/bin/grub-mkrescue"
"Failed to extract plugin meta data from '/usr/bin/grub-mkrescue'" 
         not a plugin
QFactoryLoader::QFactoryLoader() looking at "/usr/bin/grub-mkstandalone"
"Failed to extract plugin meta data from '/usr/bin/grub-mkstandalone'" 
         not a plugin
QFactoryLoader::QFactoryLoader() looking at "/usr/bin/grub-mount"
"Failed to extract plugin meta data from '/usr/bin/grub-mount'" 
         not a plugin
QFactoryLoader::QFactoryLoader() looking at "/usr/bin/grub-ntldr-img"
"Failed to extract plugin meta data from '/usr/lib/grub/i386-pc/grub-ntldr-img'" 
         not a plugin
QFactoryLoader::QFactoryLoader() looking at "/usr/bin/grub-render-label"
"Failed to extract plugin meta data from '/usr/bin/grub-render-label'" 
         not a plugin
QFactoryLoader::QFactoryLoader() looking at "/usr/bin/grub-script-check"
"Failed to extract plugin meta data from '/usr/bin/grub-script-check'" 
         not a plugin
QFactoryLoader::QFactoryLoader() looking at "/usr/bin/grub-syslinux2cfg"
"Failed to extract plugin meta data from '/usr/bin/grub-syslinux2cfg'" 
         not a plugin
QFactoryLoader::QFactoryLoader() looking at "/usr/bin/gs"
"Failed to extract plugin meta data from '/usr/bin/gs'" 
         not a plugin
QFactoryLoader::QFactoryLoader() looking at "/usr/bin/gsbj"
QElfParser: '/usr/bin/gsbj' is not an ELF object
"'/usr/bin/gsbj' is not an ELF object" 
         not a plugin
QFactoryLoader::QFactoryLoader() looking at "/usr/bin/gsdj"
QElfParser: '/usr/bin/gsdj' is not an ELF object
"'/usr/bin/gsdj' is not an ELF object" 
         not a plugin
QFactoryLoader::QFactoryLoader() looking at "/usr/bin/gsdj500"
QElfParser: '/usr/bin/gsdj500' is not an ELF object
"'/usr/bin/gsdj500' is not an ELF object" 
         not a plugin
QFactoryLoader::QFactoryLoader() looking at "/usr/bin/gsettings"
"Failed to extract plugin meta data from '/usr/bin/gsettings'" 
         not a plugin
QFactoryLoader::QFactoryLoader() looking at "/usr/bin/gsftopk"
"Failed to extract plugin meta data from '/usr/bin/gsftopk'" 
         not a plugin
QFactoryLoader::QFactoryLoader() looking at "/usr/bin/gslj"
QElfParser: '/usr/bin/gslj' is not an ELF object
"'/usr/bin/gslj' is not an ELF object" 
         not a plugin
QFactoryLoader::QFactoryLoader() looking at "/usr/bin/gslp"
QElfParser: '/usr/bin/gslp' is not an ELF object
"'/usr/bin/gslp' is not an ELF object" 
         not a plugin
QFactoryLoader::QFactoryLoader() looking at "/usr/bin/gsnd"
QElfParser: '/usr/bin/gsnd' is not an ELF object
"'/usr/bin/gsnd' is not an ELF object" 
         not a plugin
QFactoryLoader::QFactoryLoader() looking at "/usr/bin/gst-inspect-1.0"
"Failed to extract plugin meta data from '/usr/bin/gst-inspect-1.0'" 
         not a plugin
QFactoryLoader::QFactoryLoader() looking at "/usr/bin/gst-launch-1.0"
"Failed to extract plugin meta data from '/usr/bin/gst-launch-1.0'" 
         not a plugin
QFactoryLoader::QFactoryLoader() looking at "/usr/bin/gst-stats-1.0"
"Failed to extract plugin meta data from '/usr/bin/gst-stats-1.0'" 
         not a plugin
QFactoryLoader::QFactoryLoader() looking at "/usr/bin/gst-tester-1.0"
"Failed to extract plugin meta data from '/usr/bin/gst-tester-1.0'" 
         not a plugin
QFactoryLoader::QFactoryLoader() looking at "/usr/bin/gst-typefind-1.0"
"Failed to extract plugin meta data from '/usr/bin/gst-typefind-1.0'" 
         not a plugin
QFactoryLoader::QFactoryLoader() looking at "/usr/bin/gtbl"
"Failed to extract plugin meta data from '/usr/bin/tbl'" 
         not a plugin
QFactoryLoader::QFactoryLoader() looking at "/usr/bin/gtf"
"Failed to extract plugin meta data from '/usr/bin/gtf'" 
         not a plugin
QFactoryLoader::QFactoryLoader() looking at "/usr/bin/gtk-builder-tool"
"Failed to extract plugin meta data from '/usr/bin/gtk-builder-tool'" 
         not a plugin
QFactoryLoader::QFactoryLoader() looking at "/usr/bin/gtk-encode-symbolic-svg"
"Failed to extract plugin meta data from '/usr/bin/gtk-encode-symbolic-svg'" 
         not a plugin
QFactoryLoader::QFactoryLoader() looking at "/usr/bin/gtk-launch"
"Failed to extract plugin meta data from '/usr/bin/gtk-launch'" 
         not a plugin
QFactoryLoader::QFactoryLoader() looking at "/usr/bin/gtk-query-settings"
"Failed to extract plugin meta data from '/usr/bin/gtk-query-settings'" 
         not a plugin
QFactoryLoader::QFactoryLoader() looking at "/usr/bin/gtk-update-icon-cache"
"Failed to extract plugin meta data from '/usr/bin/gtk-update-icon-cache'" 
         not a plugin
QFactoryLoader::QFactoryLoader() looking at "/usr/bin/gtk4-builder-tool"
"Failed to extract plugin meta data from '/usr/bin/gtk4-builder-tool'" 
         not a plugin
QFactoryLoader::QFactoryLoader() looking at "/usr/bin/gtk4-encode-symbolic-svg"
"Failed to extract plugin meta data from '/usr/bin/gtk4-encode-symbolic-svg'" 
         not a plugin
QFactoryLoader::QFactoryLoader() looking at "/usr/bin/gtk4-launch"
"Failed to extract plugin meta data from '/usr/bin/gtk4-launch'" 
         not a plugin
QFactoryLoader::QFactoryLoader() looking at "/usr/bin/gtk4-query-settings"
"Failed to extract plugin meta data from '/usr/bin/gtk4-query-settings'" 
         not a plugin
QFactoryLoader::QFactoryLoader() looking at "/usr/bin/gtk4-update-icon-cache"
"Failed to extract plugin meta data from '/usr/bin/gtk4-update-icon-cache'" 
         not a plugin
QFactoryLoader::QFactoryLoader() looking at "/usr/bin/gts-config"
QElfParser: '/usr/bin/gts-config' is not an ELF object
"'/usr/bin/gts-config' is not an ELF object" 
         not a plugin
QFactoryLoader::QFactoryLoader() looking at "/usr/bin/gts2dxf"
"Failed to extract plugin meta data from '/usr/bin/gts2dxf'" 
         not a plugin
QFactoryLoader::QFactoryLoader() looking at "/usr/bin/gts2oogl"
"Failed to extract plugin meta data from '/usr/bin/gts2oogl'" 
         not a plugin
QFactoryLoader::QFactoryLoader() looking at "/usr/bin/gts2stl"
"Failed to extract plugin meta data from '/usr/bin/gts2stl'" 
         not a plugin
QFactoryLoader::QFactoryLoader() looking at "/usr/bin/gts2xyz"
"Failed to extract plugin meta data from '/usr/bin/gts2xyz'" 
         not a plugin
QFactoryLoader::QFactoryLoader() looking at "/usr/bin/gtscheck"
"Failed to extract plugin meta data from '/usr/bin/gtscheck'" 
         not a plugin
QFactoryLoader::QFactoryLoader() looking at "/usr/bin/gtscompare"
"Failed to extract plugin meta data from '/usr/bin/gtscompare'" 
         not a plugin
QFactoryLoader::QFactoryLoader() looking at "/usr/bin/gtstemplate"
QElfParser: '/usr/bin/gtstemplate' is not an ELF object
"'/usr/bin/gtstemplate' is not an ELF object" 
         not a plugin
QFactoryLoader::QFactoryLoader() looking at "/usr/bin/gucharmap"
"Failed to extract plugin meta data from '/usr/bin/gucharmap'" 
         not a plugin
QFactoryLoader::QFactoryLoader() looking at "/usr/bin/gunzip"
QElfParser: '/usr/bin/gunzip' is not an ELF object
"'/usr/bin/gunzip' is not an ELF object" 
         not a plugin
QFactoryLoader::QFactoryLoader() looking at "/usr/bin/gv2gml"
"Failed to extract plugin meta data from '/usr/bin/gv2gml'" 
         not a plugin
QFactoryLoader::QFactoryLoader() looking at "/usr/bin/gv2gxl"
"Failed to extract plugin meta data from '/usr/bin/gxl2gv'" 
         not a plugin
QFactoryLoader::QFactoryLoader() looking at "/usr/bin/gvcolor"
"Failed to extract plugin meta data from '/usr/bin/gvcolor'" 
         not a plugin
QFactoryLoader::QFactoryLoader() looking at "/usr/bin/gvgen"
"Failed to extract plugin meta data from '/usr/bin/gvgen'" 
         not a plugin
QFactoryLoader::QFactoryLoader() looking at "/usr/bin/gvmap"
"Failed to extract plugin meta data from '/usr/bin/gvmap'" 
         not a plugin
QFactoryLoader::QFactoryLoader() looking at "/usr/bin/gvmap.sh"
QElfParser: '/usr/bin/gvmap.sh' is not an ELF object
"'/usr/bin/gvmap.sh' is not an ELF object" 
         not a plugin
QFactoryLoader::QFactoryLoader() looking at "/usr/bin/gvpack"
"Failed to extract plugin meta data from '/usr/bin/gvpack'" 
         not a plugin
QFactoryLoader::QFactoryLoader() looking at "/usr/bin/gvpr"
"Failed to extract plugin meta data from '/usr/bin/gvpr'" 
         not a plugin
QFactoryLoader::QFactoryLoader() looking at "/usr/bin/gxl2dot"
"Failed to extract plugin meta data from '/usr/bin/gxl2gv'" 
         not a plugin
QFactoryLoader::QFactoryLoader() looking at "/usr/bin/gxl2gv"
"Failed to extract plugin meta data from '/usr/bin/gxl2gv'" 
         not a plugin
QFactoryLoader::QFactoryLoader() looking at "/usr/bin/gzexe"
QElfParser: '/usr/bin/gzexe' is not an ELF object
"'/usr/bin/gzexe' is not an ELF object" 
         not a plugin
QFactoryLoader::QFactoryLoader() looking at "/usr/bin/gzip"
"Failed to extract plugin meta data from '/usr/bin/gzip'" 
         not a plugin
QFactoryLoader::QFactoryLoader() looking at "/usr/bin/h2ph"
QElfParser: '/usr/bin/h2ph' is not an ELF object
"'/usr/bin/h2ph' is not an ELF object" 
         not a plugin
QFactoryLoader::QFactoryLoader() looking at "/usr/bin/h2xs"
QElfParser: '/usr/bin/h2xs' is not an ELF object
"'/usr/bin/h2xs' is not an ELF object" 
         not a plugin
QFactoryLoader::QFactoryLoader() looking at "/usr/bin/hardlink"
"Failed to extract plugin meta data from '/usr/bin/hardlink'" 
         not a plugin
QFactoryLoader::QFactoryLoader() looking at "/usr/bin/hbf2gf"
"Failed to extract plugin meta data from '/usr/bin/hbf2gf'" 
         not a plugin
QFactoryLoader::QFactoryLoader() looking at "/usr/bin/hbpldecode"
"Failed to extract plugin meta data from '/usr/bin/hbpldecode'" 
         not a plugin
QFactoryLoader::QFactoryLoader() looking at "/usr/bin/hciattach"
"Failed to extract plugin meta data from '/usr/bin/hciattach'" 
         not a plugin
QFactoryLoader::QFactoryLoader() looking at "/usr/bin/hciconfig"
"Failed to extract plugin meta data from '/usr/bin/hciconfig'" 
         not a plugin
QFactoryLoader::QFactoryLoader() looking at "/usr/bin/hcitool"
"Failed to extract plugin meta data from '/usr/bin/hcitool'" 
         not a plugin
QFactoryLoader::QFactoryLoader() looking at "/usr/bin/hd"
"Failed to extract plugin meta data from '/usr/bin/hexdump'" 
         not a plugin
QFactoryLoader::QFactoryLoader() looking at "/usr/bin/head"
"Failed to extract plugin meta data from '/usr/bin/head'" 
         not a plugin
QFactoryLoader::QFactoryLoader() looking at "/usr/bin/HEAD"
QElfParser: '/usr/bin/lwp-request' is not an ELF object
"'/usr/bin/lwp-request' is not an ELF object" 
         not a plugin
QFactoryLoader::QFactoryLoader() looking at "/usr/bin/helpztags"
QElfParser: '/usr/bin/helpztags' is not an ELF object
"'/usr/bin/helpztags' is not an ELF object" 
         not a plugin
QFactoryLoader::QFactoryLoader() looking at "/usr/bin/hex2hcd"
"Failed to extract plugin meta data from '/usr/bin/hex2hcd'" 
         not a plugin
QFactoryLoader::QFactoryLoader() looking at "/usr/bin/hexchat"
"Failed to extract plugin meta data from '/usr/bin/hexchat'" 
         not a plugin
QFactoryLoader::QFactoryLoader() looking at "/usr/bin/hexdump"
"Failed to extract plugin meta data from '/usr/bin/hexdump'" 
         not a plugin
QFactoryLoader::QFactoryLoader() looking at "/usr/bin/hipercdecode"
"Failed to extract plugin meta data from '/usr/bin/hipercdecode'" 
         not a plugin
QFactoryLoader::QFactoryLoader() looking at "/usr/bin/hipstopgm"
"Failed to extract plugin meta data from '/usr/bin/hipstopgm'" 
         not a plugin
QFactoryLoader::QFactoryLoader() looking at "/usr/bin/host"
"Failed to extract plugin meta data from '/usr/bin/host'" 
         not a plugin
QFactoryLoader::QFactoryLoader() looking at "/usr/bin/hostid"
"Failed to extract plugin meta data from '/usr/bin/hostid'" 
         not a plugin
QFactoryLoader::QFactoryLoader() looking at "/usr/bin/hostname"
"Failed to extract plugin meta data from '/usr/bin/hostname'" 
         not a plugin
QFactoryLoader::QFactoryLoader() looking at "/usr/bin/hostnamectl"
"Failed to extract plugin meta data from '/usr/bin/hostnamectl'" 
         not a plugin
QFactoryLoader::QFactoryLoader() looking at "/usr/bin/hp-align"
QElfParser: '/usr/share/hplip/align.py' is not an ELF object
"'/usr/share/hplip/align.py' is not an ELF object" 
         not a plugin
QFactoryLoader::QFactoryLoader() looking at "/usr/bin/hp-check"
QElfParser: '/usr/share/hplip/check.py' is not an ELF object
"'/usr/share/hplip/check.py' is not an ELF object" 
         not a plugin
QFactoryLoader::QFactoryLoader() looking at "/usr/bin/hp-clean"
QElfParser: '/usr/share/hplip/clean.py' is not an ELF object
"'/usr/share/hplip/clean.py' is not an ELF object" 
         not a plugin
QFactoryLoader::QFactoryLoader() looking at "/usr/bin/hp-colorcal"
QElfParser: '/usr/share/hplip/colorcal.py' is not an ELF object
"'/usr/share/hplip/colorcal.py' is not an ELF object" 
         not a plugin
QFactoryLoader::QFactoryLoader() looking at "/usr/bin/hp-config_usb_printer"
QElfParser: '/usr/share/hplip/config_usb_printer.py' is not an ELF object
"'/usr/share/hplip/config_usb_printer.py' is not an ELF object" 
         not a plugin
QFactoryLoader::QFactoryLoader() looking at "/usr/bin/hp-doctor"
QElfParser: '/usr/share/hplip/doctor.py' is not an ELF object
"'/usr/share/hplip/doctor.py' is not an ELF object" 
         not a plugin
QFactoryLoader::QFactoryLoader() looking at "/usr/bin/hp-firmware"
QElfParser: '/usr/share/hplip/firmware.py' is not an ELF object
"'/usr/share/hplip/firmware.py' is not an ELF object" 
         not a plugin
QFactoryLoader::QFactoryLoader() looking at "/usr/bin/hp-info"
QElfParser: '/usr/share/hplip/info.py' is not an ELF object
"'/usr/share/hplip/info.py' is not an ELF object" 
         not a plugin
QFactoryLoader::QFactoryLoader() looking at "/usr/bin/hp-levels"
QElfParser: '/usr/share/hplip/levels.py' is not an ELF object
"'/usr/share/hplip/levels.py' is not an ELF object" 
         not a plugin
QFactoryLoader::QFactoryLoader() looking at "/usr/bin/hp-logcapture"
QElfParser: '/usr/share/hplip/logcapture.py' is not an ELF object
"'/usr/share/hplip/logcapture.py' is not an ELF object" 
         not a plugin
QFactoryLoader::QFactoryLoader() looking at "/usr/bin/hp-makeuri"
QElfParser: '/usr/share/hplip/makeuri.py' is not an ELF object
"'/usr/share/hplip/makeuri.py' is not an ELF object" 
         not a plugin
QFactoryLoader::QFactoryLoader() looking at "/usr/bin/hp-pkservice"
QElfParser: '/usr/share/hplip/pkservice.py' is not an ELF object
"'/usr/share/hplip/pkservice.py' is not an ELF object" 
         not a plugin
QFactoryLoader::QFactoryLoader() looking at "/usr/bin/hp-plugin"
QElfParser: '/usr/share/hplip/plugin.py' is not an ELF object
"'/usr/share/hplip/plugin.py' is not an ELF object" 
         not a plugin
QFactoryLoader::QFactoryLoader() looking at "/usr/bin/hp-plugin-ubuntu"
QElfParser: '/usr/bin/hp-plugin-ubuntu' is not an ELF object
"'/usr/bin/hp-plugin-ubuntu' is not an ELF object" 
         not a plugin
QFactoryLoader::QFactoryLoader() looking at "/usr/bin/hp-probe"
QElfParser: '/usr/share/hplip/probe.py' is not an ELF object
"'/usr/share/hplip/probe.py' is not an ELF object" 
         not a plugin
QFactoryLoader::QFactoryLoader() looking at "/usr/bin/hp-query"
QElfParser: '/usr/share/hplip/query.py' is not an ELF object
"'/usr/share/hplip/query.py' is not an ELF object" 
         not a plugin
QFactoryLoader::QFactoryLoader() looking at "/usr/bin/hp-scan"
QElfParser: '/usr/share/hplip/scan.py' is not an ELF object
"'/usr/share/hplip/scan.py' is not an ELF object" 
         not a plugin
QFactoryLoader::QFactoryLoader() looking at "/usr/bin/hp-setup"
QElfParser: '/usr/share/hplip/setup.py' is not an ELF object
"'/usr/share/hplip/setup.py' is not an ELF object" 
         not a plugin
QFactoryLoader::QFactoryLoader() looking at "/usr/bin/hp-testpage"
QElfParser: '/usr/share/hplip/testpage.py' is not an ELF object
"'/usr/share/hplip/testpage.py' is not an ELF object" 
         not a plugin
QFactoryLoader::QFactoryLoader() looking at "/usr/bin/hp-timedate"
QElfParser: '/usr/share/hplip/timedate.py' is not an ELF object
"'/usr/share/hplip/timedate.py' is not an ELF object" 
         not a plugin
QFactoryLoader::QFactoryLoader() looking at "/usr/bin/ht"
QElfParser: '/usr/share/texlive/texmf-dist/scripts/tex4ht/ht.sh' is not an ELF object
"'/usr/share/texlive/texmf-dist/scripts/tex4ht/ht.sh' is not an ELF object" 
         not a plugin
QFactoryLoader::QFactoryLoader() looking at "/usr/bin/htcontext"
QElfParser: '/usr/share/texlive/texmf-dist/scripts/tex4ht/htcontext.sh' is not an ELF object
"'/usr/share/texlive/texmf-dist/scripts/tex4ht/htcontext.sh' is not an ELF object" 
         not a plugin
QFactoryLoader::QFactoryLoader() looking at "/usr/bin/htlatex"
QElfParser: '/usr/share/texlive/texmf-dist/scripts/tex4ht/htlatex.sh' is not an ELF object
"'/usr/share/texlive/texmf-dist/scripts/tex4ht/htlatex.sh' is not an ELF object" 
         not a plugin
QFactoryLoader::QFactoryLoader() looking at "/usr/bin/htmex"
QElfParser: '/usr/share/texlive/texmf-dist/scripts/tex4ht/htmex.sh' is not an ELF object
"'/usr/share/texlive/texmf-dist/scripts/tex4ht/htmex.sh' is not an ELF object" 
         not a plugin
QFactoryLoader::QFactoryLoader() looking at "/usr/bin/httex"
QElfParser: '/usr/share/texlive/texmf-dist/scripts/tex4ht/httex.sh' is not an ELF object
"'/usr/share/texlive/texmf-dist/scripts/tex4ht/httex.sh' is not an ELF object" 
         not a plugin
QFactoryLoader::QFactoryLoader() looking at "/usr/bin/httexi"
QElfParser: '/usr/share/texlive/texmf-dist/scripts/tex4ht/httexi.sh' is not an ELF object
"'/usr/share/texlive/texmf-dist/scripts/tex4ht/httexi.sh' is not an ELF object" 
         not a plugin
QFactoryLoader::QFactoryLoader() looking at "/usr/bin/httpserv"
"Failed to extract plugin meta data from '/usr/bin/httpserv'" 
         not a plugin
QFactoryLoader::QFactoryLoader() looking at "/usr/bin/htxelatex"
QElfParser: '/usr/share/texlive/texmf-dist/scripts/tex4ht/htxelatex.sh' is not an ELF object
"'/usr/share/texlive/texmf-dist/scripts/tex4ht/htxelatex.sh' is not an ELF object" 
         not a plugin
QFactoryLoader::QFactoryLoader() looking at "/usr/bin/htxetex"
QElfParser: '/usr/share/texlive/texmf-dist/scripts/tex4ht/htxetex.sh' is not an ELF object
"'/usr/share/texlive/texmf-dist/scripts/tex4ht/htxetex.sh' is not an ELF object" 
         not a plugin
QFactoryLoader::QFactoryLoader() looking at "/usr/bin/hwe-support-status"
QElfParser: '/usr/bin/hwe-support-status' is not an ELF object
"'/usr/bin/hwe-support-status' is not an ELF object" 
         not a plugin
QFactoryLoader::QFactoryLoader() looking at "/usr/bin/i386"
"Failed to extract plugin meta data from '/usr/bin/setarch'" 
         not a plugin
QFactoryLoader::QFactoryLoader() looking at "/usr/bin/iceauth"
"Failed to extract plugin meta data from '/usr/bin/iceauth'" 
         not a plugin
QFactoryLoader::QFactoryLoader() looking at "/usr/bin/ico"
"Failed to extract plugin meta data from '/usr/bin/ico'" 
         not a plugin
QFactoryLoader::QFactoryLoader() looking at "/usr/bin/icontopbm"
"Failed to extract plugin meta data from '/usr/bin/icontopbm'" 
         not a plugin
QFactoryLoader::QFactoryLoader() looking at "/usr/bin/iconv"
"Failed to extract plugin meta data from '/usr/bin/iconv'" 
         not a plugin
QFactoryLoader::QFactoryLoader() looking at "/usr/bin/id"
"Failed to extract plugin meta data from '/usr/bin/id'" 
         not a plugin
QFactoryLoader::QFactoryLoader() looking at "/usr/bin/identify"
"Failed to extract plugin meta data from '/usr/bin/identify-im6.q16'" 
         not a plugin
QFactoryLoader::QFactoryLoader() looking at "/usr/bin/identify-im6"
"Failed to extract plugin meta data from '/usr/bin/identify-im6.q16'" 
         not a plugin
QFactoryLoader::QFactoryLoader() looking at "/usr/bin/identify-im6.q16"
"Failed to extract plugin meta data from '/usr/bin/identify-im6.q16'" 
         not a plugin
QFactoryLoader::QFactoryLoader() looking at "/usr/bin/iecset"
"Failed to extract plugin meta data from '/usr/bin/iecset'" 
         not a plugin
QFactoryLoader::QFactoryLoader() looking at "/usr/bin/ijs_pxljr"
"Failed to extract plugin meta data from '/usr/bin/ijs_pxljr'" 
         not a plugin
QFactoryLoader::QFactoryLoader() looking at "/usr/bin/ilbmtoppm"
"Failed to extract plugin meta data from '/usr/bin/ilbmtoppm'" 
         not a plugin
QFactoryLoader::QFactoryLoader() looking at "/usr/bin/im-config"
QElfParser: '/usr/bin/im-config' is not an ELF object
"'/usr/bin/im-config' is not an ELF object" 
         not a plugin
QFactoryLoader::QFactoryLoader() looking at "/usr/bin/im-launch"
QElfParser: '/usr/bin/im-launch' is not an ELF object
"'/usr/bin/im-launch' is not an ELF object" 
         not a plugin
QFactoryLoader::QFactoryLoader() looking at "/usr/bin/imagetops"
QElfParser: '/usr/bin/imagetops' is not an ELF object
"'/usr/bin/imagetops' is not an ELF object" 
         not a plugin
QFactoryLoader::QFactoryLoader() looking at "/usr/bin/imgtoppm"
"Failed to extract plugin meta data from '/usr/bin/imgtoppm'" 
         not a plugin
QFactoryLoader::QFactoryLoader() looking at "/usr/bin/import"
"Failed to extract plugin meta data from '/usr/bin/import-im6.q16'" 
         not a plugin
QFactoryLoader::QFactoryLoader() looking at "/usr/bin/import-im6"
"Failed to extract plugin meta data from '/usr/bin/import-im6.q16'" 
         not a plugin
QFactoryLoader::QFactoryLoader() looking at "/usr/bin/import-im6.q16"
"Failed to extract plugin meta data from '/usr/bin/import-im6.q16'" 
         not a plugin
QFactoryLoader::QFactoryLoader() looking at "/usr/bin/includeres"
QElfParser: '/usr/bin/includeres' is not an ELF object
"'/usr/bin/includeres' is not an ELF object" 
         not a plugin
QFactoryLoader::QFactoryLoader() looking at "/usr/bin/info"
"Failed to extract plugin meta data from '/usr/bin/info'" 
         not a plugin
QFactoryLoader::QFactoryLoader() looking at "/usr/bin/infobrowser"
"Failed to extract plugin meta data from '/usr/bin/info'" 
         not a plugin
QFactoryLoader::QFactoryLoader() looking at "/usr/bin/infocmp"
"Failed to extract plugin meta data from '/usr/bin/infocmp'" 
         not a plugin
QFactoryLoader::QFactoryLoader() looking at "/usr/bin/infotocap"
"Failed to extract plugin meta data from '/usr/bin/tic'" 
         not a plugin
QFactoryLoader::QFactoryLoader() looking at "/usr/bin/inimf"
"Failed to extract plugin meta data from '/usr/bin/mf'" 
         not a plugin
QFactoryLoader::QFactoryLoader() looking at "/usr/bin/initex"
"Failed to extract plugin meta data from '/usr/bin/tex'" 
         not a plugin
QFactoryLoader::QFactoryLoader() looking at "/usr/bin/inputattach"
"Failed to extract plugin meta data from '/usr/bin/inputattach'" 
         not a plugin
QFactoryLoader::QFactoryLoader() looking at "/usr/bin/install"
"Failed to extract plugin meta data from '/usr/bin/install'" 
         not a plugin
QFactoryLoader::QFactoryLoader() looking at "/usr/bin/install-info"
"Failed to extract plugin meta data from '/usr/bin/install-info'" 
         not a plugin
QFactoryLoader::QFactoryLoader() looking at "/usr/bin/install-printerdriver"
QElfParser: '/usr/bin/install-printerdriver' is not an ELF object
"'/usr/bin/install-printerdriver' is not an ELF object" 
         not a plugin
QFactoryLoader::QFactoryLoader() looking at "/usr/bin/installfont-tl"
QElfParser: '/usr/share/texlive/texmf-dist/scripts/installfont/installfont-tl' is not an ELF object
"'/usr/share/texlive/texmf-dist/scripts/installfont/installfont-tl' is not an ELF object" 
         not a plugin
QFactoryLoader::QFactoryLoader() looking at "/usr/bin/instmodsh"
QElfParser: '/usr/bin/instmodsh' is not an ELF object
"'/usr/bin/instmodsh' is not an ELF object" 
         not a plugin
QFactoryLoader::QFactoryLoader() looking at "/usr/bin/intel-virtual-output"
"Failed to extract plugin meta data from '/usr/bin/intel-virtual-output'" 
         not a plugin
QFactoryLoader::QFactoryLoader() looking at "/usr/bin/invgeod"
"Failed to extract plugin meta data from '/usr/bin/geod'" 
         not a plugin
QFactoryLoader::QFactoryLoader() looking at "/usr/bin/invproj"
"Failed to extract plugin meta data from '/usr/bin/proj'" 
         not a plugin
QFactoryLoader::QFactoryLoader() looking at "/usr/bin/inxi"
QElfParser: '/usr/bin/inxi' is not an ELF object
"'/usr/bin/inxi' is not an ELF object" 
         not a plugin
QFactoryLoader::QFactoryLoader() looking at "/usr/bin/ionice"
"Failed to extract plugin meta data from '/usr/bin/ionice'" 
         not a plugin
QFactoryLoader::QFactoryLoader() looking at "/usr/bin/ip"
"Failed to extract plugin meta data from '/usr/bin/ip'" 
         not a plugin
QFactoryLoader::QFactoryLoader() looking at "/usr/bin/ipcmk"
"Failed to extract plugin meta data from '/usr/bin/ipcmk'" 
         not a plugin
QFactoryLoader::QFactoryLoader() looking at "/usr/bin/ipcrm"
"Failed to extract plugin meta data from '/usr/bin/ipcrm'" 
         not a plugin
QFactoryLoader::QFactoryLoader() looking at "/usr/bin/ipcs"
"Failed to extract plugin meta data from '/usr/bin/ipcs'" 
         not a plugin
QFactoryLoader::QFactoryLoader() looking at "/usr/bin/ipod-read-sysinfo-extended"
"Failed to extract plugin meta data from '/usr/bin/ipod-read-sysinfo-extended'" 
         not a plugin
QFactoryLoader::QFactoryLoader() looking at "/usr/bin/ipod-time-sync"
"Failed to extract plugin meta data from '/usr/bin/ipod-time-sync'" 
         not a plugin
QFactoryLoader::QFactoryLoader() looking at "/usr/bin/ippfind"
"Failed to extract plugin meta data from '/usr/bin/ippfind'" 
         not a plugin
QFactoryLoader::QFactoryLoader() looking at "/usr/bin/ipptool"
"Failed to extract plugin meta data from '/usr/bin/ipptool'" 
         not a plugin
QFactoryLoader::QFactoryLoader() looking at "/usr/bin/iptables-xml"
"Failed to extract plugin meta data from '/usr/sbin/xtables-legacy-multi'" 
         not a plugin
QFactoryLoader::QFactoryLoader() looking at "/usr/bin/irb"
QElfParser: '/usr/bin/irb3.0' is not an ELF object
"'/usr/bin/irb3.0' is not an ELF object" 
         not a plugin
QFactoryLoader::QFactoryLoader() looking at "/usr/bin/irb3.0"
QElfParser: '/usr/bin/irb3.0' is not an ELF object
"'/usr/bin/irb3.0' is not an ELF object" 
         not a plugin
QFactoryLoader::QFactoryLoader() looking at "/usr/bin/ischroot"
"Failed to extract plugin meta data from '/usr/bin/ischroot'" 
         not a plugin
QFactoryLoader::QFactoryLoader() looking at "/usr/bin/isdv4-serial-debugger"
"Failed to extract plugin meta data from '/usr/bin/isdv4-serial-debugger'" 
         not a plugin
QFactoryLoader::QFactoryLoader() looking at "/usr/bin/isdv4-serial-inputattach"
"Failed to extract plugin meta data from '/usr/bin/isdv4-serial-inputattach'" 
         not a plugin
QFactoryLoader::QFactoryLoader() looking at "/usr/bin/ispell-wrapper"
QElfParser: '/usr/bin/ispell-wrapper' is not an ELF object
"'/usr/bin/ispell-wrapper' is not an ELF object" 
         not a plugin
QFactoryLoader::QFactoryLoader() looking at "/usr/bin/jadetex"
"Failed to extract plugin meta data from '/usr/bin/pdftex'" 
         not a plugin
QFactoryLoader::QFactoryLoader() looking at "/usr/bin/jamo-normalize"
QElfParser: '/usr/share/texlive/texmf-dist/scripts/kotex-utils/jamo-normalize.pl' is not an ELF object
"'/usr/share/texlive/texmf-dist/scripts/kotex-utils/jamo-normalize.pl' is not an ELF object" 
         not a plugin
QFactoryLoader::QFactoryLoader() looking at "/usr/bin/jfmutil"
QElfParser: '/usr/share/texlive/texmf-dist/scripts/jfmutil/jfmutil.pl' is not an ELF object
"'/usr/share/texlive/texmf-dist/scripts/jfmutil/jfmutil.pl' is not an ELF object" 
         not a plugin
QFactoryLoader::QFactoryLoader() looking at "/usr/bin/join"
"Failed to extract plugin meta data from '/usr/bin/join'" 
         not a plugin
QFactoryLoader::QFactoryLoader() looking at "/usr/bin/journalctl"
"Failed to extract plugin meta data from '/usr/bin/journalctl'" 
         not a plugin
QFactoryLoader::QFactoryLoader() looking at "/usr/bin/jpegtopnm"
"Failed to extract plugin meta data from '/usr/bin/jpegtopnm'" 
         not a plugin
QFactoryLoader::QFactoryLoader() looking at "/usr/bin/jpgicc"
"Failed to extract plugin meta data from '/usr/bin/jpgicc'" 
         not a plugin
QFactoryLoader::QFactoryLoader() looking at "/usr/bin/jq"
"Failed to extract plugin meta data from '/usr/bin/jq'" 
         not a plugin
QFactoryLoader::QFactoryLoader() looking at "/usr/bin/json_pp"
QElfParser: '/usr/bin/json_pp' is not an ELF object
"'/usr/bin/json_pp' is not an ELF object" 
         not a plugin
QFactoryLoader::QFactoryLoader() looking at "/usr/bin/json_xs"
QElfParser: '/usr/bin/json_xs' is not an ELF object
"'/usr/bin/json_xs' is not an ELF object" 
         not a plugin
QFactoryLoader::QFactoryLoader() looking at "/usr/bin/JxrDecApp"
"Failed to extract plugin meta data from '/usr/bin/JxrDecApp'" 
         not a plugin
QFactoryLoader::QFactoryLoader() looking at "/usr/bin/JxrEncApp"
"Failed to extract plugin meta data from '/usr/bin/JxrEncApp'" 
         not a plugin
QFactoryLoader::QFactoryLoader() looking at "/usr/bin/kactivities-cli"
"Failed to extract plugin meta data from '/usr/bin/kactivities-cli'" 
         not a plugin
QFactoryLoader::QFactoryLoader() looking at "/usr/bin/kanji-config-updmap"
QElfParser: '/usr/share/texlive/texmf-dist/scripts/ptex-fontmaps/kanji-config-updmap.pl' is not an ELF object
"'/usr/share/texlive/texmf-dist/scripts/ptex-fontmaps/kanji-config-updmap.pl' is not an ELF object" 
         not a plugin
QFactoryLoader::QFactoryLoader() looking at "/usr/bin/kanji-config-updmap-sys"
QElfParser: '/usr/share/texlive/texmf-dist/scripts/ptex-fontmaps/kanji-config-updmap-sys.sh' is not an ELF object
"'/usr/share/texlive/texmf-dist/scripts/ptex-fontmaps/kanji-config-updmap-sys.sh' is not an ELF object" 
         not a plugin
QFactoryLoader::QFactoryLoader() looking at "/usr/bin/kanji-config-updmap-user"
QElfParser: '/usr/share/texlive/texmf-dist/scripts/ptex-fontmaps/kanji-config-updmap-user.sh' is not an ELF object
"'/usr/share/texlive/texmf-dist/scripts/ptex-fontmaps/kanji-config-updmap-user.sh' is not an ELF object" 
         not a plugin
QFactoryLoader::QFactoryLoader() looking at "/usr/bin/kanji-fontmap-creator"
QElfParser: '/usr/share/texlive/texmf-dist/scripts/ptex-fontmaps/kanji-fontmap-creator.pl' is not an ELF object
"'/usr/share/texlive/texmf-dist/scripts/ptex-fontmaps/kanji-fontmap-creator.pl' is not an ELF object" 
         not a plugin
QFactoryLoader::QFactoryLoader() looking at "/usr/bin/kbd-layout-viewer5"
"Failed to extract plugin meta data from '/usr/bin/kbd-layout-viewer5'" 
         not a plugin
QFactoryLoader::QFactoryLoader() looking at "/usr/bin/kbd_mode"
"Failed to extract plugin meta data from '/usr/bin/kbd_mode'" 
         not a plugin
QFactoryLoader::QFactoryLoader() looking at "/usr/bin/kbdinfo"
"Failed to extract plugin meta data from '/usr/bin/kbdinfo'" 
         not a plugin
QFactoryLoader::QFactoryLoader() looking at "/usr/bin/kbookmarkmerger"
"Failed to extract plugin meta data from '/usr/bin/kbookmarkmerger'" 
         not a plugin
QFactoryLoader::QFactoryLoader() looking at "/usr/bin/kbuildsycoca5"
"Failed to extract plugin meta data from '/usr/bin/kbuildsycoca5'" 
         not a plugin
QFactoryLoader::QFactoryLoader() looking at "/usr/bin/kbxutil"
"Failed to extract plugin meta data from '/usr/bin/kbxutil'" 
         not a plugin
QFactoryLoader::QFactoryLoader() looking at "/usr/bin/kcookiejar5"
"Failed to extract plugin meta data from '/usr/bin/kcookiejar5'" 
         not a plugin
QFactoryLoader::QFactoryLoader() looking at "/usr/bin/kde-geo-uri-handler"
"Failed to extract plugin meta data from '/usr/bin/kde-geo-uri-handler'" 
         not a plugin
QFactoryLoader::QFactoryLoader() looking at "/usr/bin/kdeconnect-app"
"Failed to extract plugin meta data from '/usr/bin/kdeconnect-app'" 
         not a plugin
QFactoryLoader::QFactoryLoader() looking at "/usr/bin/kdeconnect-cli"
"Failed to extract plugin meta data from '/usr/bin/kdeconnect-cli'" 
         not a plugin
QFactoryLoader::QFactoryLoader() looking at "/usr/bin/kdeconnect-handler"
"Failed to extract plugin meta data from '/usr/bin/kdeconnect-handler'" 
         not a plugin
QFactoryLoader::QFactoryLoader() looking at "/usr/bin/kdeconnect-indicator"
"Failed to extract plugin meta data from '/usr/bin/kdeconnect-indicator'" 
         not a plugin
QFactoryLoader::QFactoryLoader() looking at "/usr/bin/kdeconnect-settings"
"Failed to extract plugin meta data from '/usr/bin/kdeconnect-settings'" 
         not a plugin
QFactoryLoader::QFactoryLoader() looking at "/usr/bin/kdeconnect-sms"
"Failed to extract plugin meta data from '/usr/bin/kdeconnect-sms'" 
         not a plugin
QFactoryLoader::QFactoryLoader() looking at "/usr/bin/kded5"
"Failed to extract plugin meta data from '/usr/bin/kded5'" 
         not a plugin
QFactoryLoader::QFactoryLoader() looking at "/usr/bin/kdeinit5"
"Failed to extract plugin meta data from '/usr/bin/kdeinit5'" 
         not a plugin
QFactoryLoader::QFactoryLoader() looking at "/usr/bin/kdeinit5_shutdown"
"Failed to extract plugin meta data from '/usr/bin/kdeinit5_shutdown'" 
         not a plugin
QFactoryLoader::QFactoryLoader() looking at "/usr/bin/kdeinit5_wrapper"
"Failed to extract plugin meta data from '/usr/bin/kdeinit5_wrapper'" 
         not a plugin
QFactoryLoader::QFactoryLoader() looking at "/usr/bin/kdenlive"
"Failed to extract plugin meta data from '/usr/bin/kdenlive'" 
         not a plugin
QFactoryLoader::QFactoryLoader() looking at "/usr/bin/kdenlive_render"
"Failed to extract plugin meta data from '/usr/bin/kdenlive_render'" 
         not a plugin
QFactoryLoader::QFactoryLoader() looking at "/usr/bin/keditbookmarks"
"Failed to extract plugin meta data from '/usr/bin/keditbookmarks'" 
         not a plugin
QFactoryLoader::QFactoryLoader() looking at "/usr/bin/kernel-install"
QElfParser: '/usr/bin/kernel-install' is not an ELF object
"'/usr/bin/kernel-install' is not an ELF object" 
         not a plugin
QFactoryLoader::QFactoryLoader() looking at "/usr/bin/kerneloops-submit"
"Failed to extract plugin meta data from '/usr/bin/kerneloops-submit'" 
         not a plugin
QFactoryLoader::QFactoryLoader() looking at "/usr/bin/ketcindy"
QElfParser: '/usr/share/texlive/texmf-dist/scripts/ketcindy/ketcindy.pl' is not an ELF object
"'/usr/share/texlive/texmf-dist/scripts/ketcindy/ketcindy.pl' is not an ELF object" 
         not a plugin
QFactoryLoader::QFactoryLoader() looking at "/usr/bin/keyring"
QElfParser: '/usr/bin/keyring' is not an ELF object
"'/usr/bin/keyring' is not an ELF object" 
         not a plugin
QFactoryLoader::QFactoryLoader() looking at "/usr/bin/kglobalaccel5"
"Failed to extract plugin meta data from '/usr/bin/kglobalaccel5'" 
         not a plugin
QFactoryLoader::QFactoryLoader() looking at "/usr/bin/kiconfinder5"
"Failed to extract plugin meta data from '/usr/bin/kiconfinder5'" 
         not a plugin
QFactoryLoader::QFactoryLoader() looking at "/usr/bin/kill"
"Failed to extract plugin meta data from '/usr/bin/kill'" 
         not a plugin
QFactoryLoader::QFactoryLoader() looking at "/usr/bin/killall"
"Failed to extract plugin meta data from '/usr/bin/killall'" 
         not a plugin
QFactoryLoader::QFactoryLoader() looking at "/usr/bin/kmod"
"Failed to extract plugin meta data from '/usr/bin/kmod'" 
         not a plugin
QFactoryLoader::QFactoryLoader() looking at "/usr/bin/kmodsign"
"Failed to extract plugin meta data from '/usr/bin/kmodsign'" 
         not a plugin
QFactoryLoader::QFactoryLoader() looking at "/usr/bin/koi8rxterm"
QElfParser: '/usr/bin/koi8rxterm' is not an ELF object
"'/usr/bin/koi8rxterm' is not an ELF object" 
         not a plugin
QFactoryLoader::QFactoryLoader() looking at "/usr/bin/komkindex"
QElfParser: '/usr/share/texlive/texmf-dist/scripts/kotex-utils/komkindex.pl' is not an ELF object
"'/usr/share/texlive/texmf-dist/scripts/kotex-utils/komkindex.pl' is not an ELF object" 
         not a plugin
QFactoryLoader::QFactoryLoader() looking at "/usr/bin/kpackagelauncherqml"
"Failed to extract plugin meta data from '/usr/bin/kpackagelauncherqml'" 
         not a plugin
QFactoryLoader::QFactoryLoader() looking at "/usr/bin/kpackagetool5"
"Failed to extract plugin meta data from '/usr/bin/kpackagetool5'" 
         not a plugin
QFactoryLoader::QFactoryLoader() looking at "/usr/bin/kpseaccess"
"Failed to extract plugin meta data from '/usr/bin/kpseaccess'" 
         not a plugin
QFactoryLoader::QFactoryLoader() looking at "/usr/bin/kpsepath"
QElfParser: '/usr/share/texlive/texmf-dist/scripts/texlive-extra/kpsetool.sh' is not an ELF object
"'/usr/share/texlive/texmf-dist/scripts/texlive-extra/kpsetool.sh' is not an ELF object" 
         not a plugin
QFactoryLoader::QFactoryLoader() looking at "/usr/bin/kpsereadlink"
"Failed to extract plugin meta data from '/usr/bin/kpsereadlink'" 
         not a plugin
QFactoryLoader::QFactoryLoader() looking at "/usr/bin/kpsestat"
"Failed to extract plugin meta data from '/usr/bin/kpsestat'" 
         not a plugin
QFactoryLoader::QFactoryLoader() looking at "/usr/bin/kpsetool"
QElfParser: '/usr/share/texlive/texmf-dist/scripts/texlive-extra/kpsetool.sh' is not an ELF object
"'/usr/share/texlive/texmf-dist/scripts/texlive-extra/kpsetool.sh' is not an ELF object" 
         not a plugin
QFactoryLoader::QFactoryLoader() looking at "/usr/bin/kpsewhere"
QElfParser: '/usr/share/texlive/texmf-dist/scripts/texlive-extra/kpsewhere.sh' is not an ELF object
"'/usr/share/texlive/texmf-dist/scripts/texlive-extra/kpsewhere.sh' is not an ELF object" 
         not a plugin
QFactoryLoader::QFactoryLoader() looking at "/usr/bin/kpsewhich"
"Failed to extract plugin meta data from '/usr/bin/kpsewhich'" 
         not a plugin
QFactoryLoader::QFactoryLoader() looking at "/usr/bin/kpsexpand"
QElfParser: '/usr/share/texlive/texmf-dist/scripts/texlive-extra/kpsetool.sh' is not an ELF object
"'/usr/share/texlive/texmf-dist/scripts/texlive-extra/kpsetool.sh' is not an ELF object" 
         not a plugin
QFactoryLoader::QFactoryLoader() looking at "/usr/bin/kquitapp5"
"Failed to extract plugin meta data from '/usr/bin/kquitapp5'" 
         not a plugin
QFactoryLoader::QFactoryLoader() looking at "/usr/bin/kreadconfig5"
"Failed to extract plugin meta data from '/usr/bin/kreadconfig5'" 
         not a plugin
QFactoryLoader::QFactoryLoader() looking at "/usr/bin/kshell5"
"Failed to extract plugin meta data from '/usr/bin/kshell5'" 
         not a plugin
QFactoryLoader::QFactoryLoader() looking at "/usr/bin/ktelnetservice5"
"Failed to extract plugin meta data from '/usr/bin/ktelnetservice5'" 
         not a plugin
QFactoryLoader::QFactoryLoader() looking at "/usr/bin/ktrash5"
"Failed to extract plugin meta data from '/usr/bin/ktrash5'" 
         not a plugin
QFactoryLoader::QFactoryLoader() looking at "/usr/bin/kwallet-query"
"Failed to extract plugin meta data from '/usr/bin/kwallet-query'" 
         not a plugin
QFactoryLoader::QFactoryLoader() looking at "/usr/bin/kwalletd5"
"Failed to extract plugin meta data from '/usr/bin/kwalletd5'" 
         not a plugin
QFactoryLoader::QFactoryLoader() looking at "/usr/bin/kwrapper5"
"Failed to extract plugin meta data from '/usr/bin/kwrapper5'" 
         not a plugin
QFactoryLoader::QFactoryLoader() looking at "/usr/bin/kwriteconfig5"
"Failed to extract plugin meta data from '/usr/bin/kwriteconfig5'" 
         not a plugin
QFactoryLoader::QFactoryLoader() looking at "/usr/bin/l2ping"
"Failed to extract plugin meta data from '/usr/bin/l2ping'" 
         not a plugin
QFactoryLoader::QFactoryLoader() looking at "/usr/bin/l2test"
"Failed to extract plugin meta data from '/usr/bin/l2test'" 
         not a plugin
QFactoryLoader::QFactoryLoader() looking at "/usr/bin/l3build"
QElfParser: '/usr/share/texlive/texmf-dist/scripts/l3build/l3build.lua' is not an ELF object
"'/usr/share/texlive/texmf-dist/scripts/l3build/l3build.lua' is not an ELF object" 
         not a plugin
QFactoryLoader::QFactoryLoader() looking at "/usr/bin/l4p-tmpl"
QElfParser: '/usr/bin/l4p-tmpl' is not an ELF object
"'/usr/bin/l4p-tmpl' is not an ELF object" 
         not a plugin
QFactoryLoader::QFactoryLoader() looking at "/usr/bin/lacheck"
"Failed to extract plugin meta data from '/usr/bin/lacheck'" 
         not a plugin
QFactoryLoader::QFactoryLoader() looking at "/usr/bin/laptop-detect"
QElfParser: '/usr/bin/laptop-detect' is not an ELF object
"'/usr/bin/laptop-detect' is not an ELF object" 
         not a plugin
QFactoryLoader::QFactoryLoader() looking at "/usr/bin/last"
"Failed to extract plugin meta data from '/usr/bin/last'" 
         not a plugin
QFactoryLoader::QFactoryLoader() looking at "/usr/bin/lastb"
"Failed to extract plugin meta data from '/usr/bin/last'" 
         not a plugin
QFactoryLoader::QFactoryLoader() looking at "/usr/bin/lastlog"
"Failed to extract plugin meta data from '/usr/bin/lastlog'" 
         not a plugin
QFactoryLoader::QFactoryLoader() looking at "/usr/bin/latex"
"Failed to extract plugin meta data from '/usr/bin/pdftex'" 
         not a plugin
QFactoryLoader::QFactoryLoader() looking at "/usr/bin/latex-dev"
"Failed to extract plugin meta data from '/usr/bin/pdftex'" 
         not a plugin
QFactoryLoader::QFactoryLoader() looking at "/usr/bin/latex-git-log"
QElfParser: '/usr/share/texlive/texmf-dist/scripts/latex-git-log/latex-git-log' is not an ELF object
"'/usr/share/texlive/texmf-dist/scripts/latex-git-log/latex-git-log' is not an ELF object" 
         not a plugin
QFactoryLoader::QFactoryLoader() looking at "/usr/bin/latex-papersize"
QElfParser: '/usr/share/texlive/texmf-dist/scripts/latex-papersize/latex-papersize.py' is not an ELF object
"'/usr/share/texlive/texmf-dist/scripts/latex-papersize/latex-papersize.py' is not an ELF object" 
         not a plugin
QFactoryLoader::QFactoryLoader() looking at "/usr/bin/latex-wordcount"
QElfParser: '/usr/share/texlive/texmf-dist/scripts/wordcount/wordcount.sh' is not an ELF object
"'/usr/share/texlive/texmf-dist/scripts/wordcount/wordcount.sh' is not an ELF object" 
         not a plugin
QFactoryLoader::QFactoryLoader() looking at "/usr/bin/latex2man"
QElfParser: '/usr/share/texlive/texmf-dist/scripts/latex2man/latex2man' is not an ELF object
"'/usr/share/texlive/texmf-dist/scripts/latex2man/latex2man' is not an ELF object" 
         not a plugin
QFactoryLoader::QFactoryLoader() looking at "/usr/bin/latex2nemeth"
QElfParser: '/usr/share/texlive/texmf-dist/scripts/latex2nemeth/latex2nemeth' is not an ELF object
"'/usr/share/texlive/texmf-dist/scripts/latex2nemeth/latex2nemeth' is not an ELF object" 
         not a plugin
QFactoryLoader::QFactoryLoader() looking at "/usr/bin/latexdef"
QElfParser: '/usr/share/texlive/texmf-dist/scripts/texdef/texdef.pl' is not an ELF object
"'/usr/share/texlive/texmf-dist/scripts/texdef/texdef.pl' is not an ELF object" 
         not a plugin
QFactoryLoader::QFactoryLoader() looking at "/usr/bin/latexdiff"
QElfParser: '/usr/bin/latexdiff-fast' is not an ELF object
"'/usr/bin/latexdiff-fast' is not an ELF object" 
         not a plugin
QFactoryLoader::QFactoryLoader() looking at "/usr/bin/latexdiff-cvs"
QElfParser: '/usr/bin/latexdiff-vc' is not an ELF object
"'/usr/bin/latexdiff-vc' is not an ELF object" 
         not a plugin
QFactoryLoader::QFactoryLoader() looking at "/usr/bin/latexdiff-fast"
QElfParser: '/usr/bin/latexdiff-fast' is not an ELF object
"'/usr/bin/latexdiff-fast' is not an ELF object" 
         not a plugin
QFactoryLoader::QFactoryLoader() looking at "/usr/bin/latexdiff-git"
QElfParser: '/usr/bin/latexdiff-vc' is not an ELF object
"'/usr/bin/latexdiff-vc' is not an ELF object" 
         not a plugin
QFactoryLoader::QFactoryLoader() looking at "/usr/bin/latexdiff-hg"
QElfParser: '/usr/bin/latexdiff-vc' is not an ELF object
"'/usr/bin/latexdiff-vc' is not an ELF object" 
         not a plugin
QFactoryLoader::QFactoryLoader() looking at "/usr/bin/latexdiff-rcs"
QElfParser: '/usr/bin/latexdiff-vc' is not an ELF object
"'/usr/bin/latexdiff-vc' is not an ELF object" 
         not a plugin
QFactoryLoader::QFactoryLoader() looking at "/usr/bin/latexdiff-svn"
QElfParser: '/usr/bin/latexdiff-vc' is not an ELF object
"'/usr/bin/latexdiff-vc' is not an ELF object" 
         not a plugin
QFactoryLoader::QFactoryLoader() looking at "/usr/bin/latexdiff-vc"
QElfParser: '/usr/bin/latexdiff-vc' is not an ELF object
"'/usr/bin/latexdiff-vc' is not an ELF object" 
         not a plugin
QFactoryLoader::QFactoryLoader() looking at "/usr/bin/latexfileversion"
QElfParser: '/usr/share/texlive/texmf-dist/scripts/latexfileversion/latexfileversion' is not an ELF object
"'/usr/share/texlive/texmf-dist/scripts/latexfileversion/latexfileversion' is not an ELF object" 
         not a plugin
QFactoryLoader::QFactoryLoader() looking at "/usr/bin/latexindent"
QElfParser: '/usr/share/texlive/texmf-dist/scripts/latexindent/latexindent.pl' is not an ELF object
"'/usr/share/texlive/texmf-dist/scripts/latexindent/latexindent.pl' is not an ELF object" 
         not a plugin
QFactoryLoader::QFactoryLoader() looking at "/usr/bin/latexmk"
QElfParser: '/usr/bin/latexmk' is not an ELF object
"'/usr/bin/latexmk' is not an ELF object" 
         not a plugin
QFactoryLoader::QFactoryLoader() looking at "/usr/bin/latexpand"
QElfParser: '/usr/share/texlive/texmf-dist/scripts/latexpand/latexpand' is not an ELF object
"'/usr/share/texlive/texmf-dist/scripts/latexpand/latexpand' is not an ELF object" 
         not a plugin
QFactoryLoader::QFactoryLoader() looking at "/usr/bin/latexrevise"
QElfParser: '/usr/bin/latexrevise' is not an ELF object
"'/usr/bin/latexrevise' is not an ELF object" 
         not a plugin
QFactoryLoader::QFactoryLoader() looking at "/usr/bin/lavadecode"
"Failed to extract plugin meta data from '/usr/bin/lavadecode'" 
         not a plugin
QFactoryLoader::QFactoryLoader() looking at "/usr/bin/lcf"
QElfParser: '/usr/bin/lcf' is not an ELF object
"'/usr/bin/lcf' is not an ELF object" 
         not a plugin
QFactoryLoader::QFactoryLoader() looking at "/usr/bin/ldd"
QElfParser: '/usr/bin/ldd' is not an ELF object
"'/usr/bin/ldd' is not an ELF object" 
         not a plugin
QFactoryLoader::QFactoryLoader() looking at "/usr/bin/leaftoppm"
"Failed to extract plugin meta data from '/usr/bin/leaftoppm'" 
         not a plugin
QFactoryLoader::QFactoryLoader() looking at "/usr/bin/lefty"
"Failed to extract plugin meta data from '/usr/bin/lefty'" 
         not a plugin
QFactoryLoader::QFactoryLoader() looking at "/usr/bin/less"
"Failed to extract plugin meta data from '/usr/bin/less'" 
         not a plugin
QFactoryLoader::QFactoryLoader() looking at "/usr/bin/lessecho"
"Failed to extract plugin meta data from '/usr/bin/lessecho'" 
         not a plugin
QFactoryLoader::QFactoryLoader() looking at "/usr/bin/lessfile"
QElfParser: '/usr/bin/lesspipe' is not an ELF object
"'/usr/bin/lesspipe' is not an ELF object" 
         not a plugin
QFactoryLoader::QFactoryLoader() looking at "/usr/bin/lesskey"
"Failed to extract plugin meta data from '/usr/bin/lesskey'" 
         not a plugin
QFactoryLoader::QFactoryLoader() looking at "/usr/bin/lesspipe"
QElfParser: '/usr/bin/lesspipe' is not an ELF object
"'/usr/bin/lesspipe' is not an ELF object" 
         not a plugin
QFactoryLoader::QFactoryLoader() looking at "/usr/bin/lexgrog"
"Failed to extract plugin meta data from '/usr/bin/lexgrog'" 
         not a plugin
QFactoryLoader::QFactoryLoader() looking at "/usr/bin/libime_history"
"Failed to extract plugin meta data from '/usr/bin/libime_history'" 
         not a plugin
QFactoryLoader::QFactoryLoader() looking at "/usr/bin/libime_migrate_fcitx4_pinyin"
"Failed to extract plugin meta data from '/usr/bin/libime_migrate_fcitx4_pinyin'" 
         not a plugin
QFactoryLoader::QFactoryLoader() looking at "/usr/bin/libime_migrate_fcitx4_table"
"Failed to extract plugin meta data from '/usr/bin/libime_migrate_fcitx4_table'" 
         not a plugin
QFactoryLoader::QFactoryLoader() looking at "/usr/bin/libime_pinyindict"
"Failed to extract plugin meta data from '/usr/bin/libime_pinyindict'" 
         not a plugin
QFactoryLoader::QFactoryLoader() looking at "/usr/bin/libime_prediction"
"Failed to extract plugin meta data from '/usr/bin/libime_prediction'" 
         not a plugin
QFactoryLoader::QFactoryLoader() looking at "/usr/bin/libime_slm_build_binary"
"Failed to extract plugin meta data from '/usr/bin/libime_slm_build_binary'" 
         not a plugin
QFactoryLoader::QFactoryLoader() looking at "/usr/bin/libime_tabledict"
"Failed to extract plugin meta data from '/usr/bin/libime_tabledict'" 
         not a plugin
QFactoryLoader::QFactoryLoader() looking at "/usr/bin/libnetcfg"
QElfParser: '/usr/bin/libnetcfg' is not an ELF object
"'/usr/bin/libnetcfg' is not an ELF object" 
         not a plugin
QFactoryLoader::QFactoryLoader() looking at "/usr/bin/libreoffice"
QElfParser: '/usr/lib/libreoffice/program/soffice' is not an ELF object
"'/usr/lib/libreoffice/program/soffice' is not an ELF object" 
         not a plugin
QFactoryLoader::QFactoryLoader() looking at "/usr/bin/libwacom-list-devices"
"Failed to extract plugin meta data from '/usr/bin/libwacom-list-devices'" 
         not a plugin
QFactoryLoader::QFactoryLoader() looking at "/usr/bin/libwacom-list-local-devices"
"Failed to extract plugin meta data from '/usr/bin/libwacom-list-local-devices'" 
         not a plugin
QFactoryLoader::QFactoryLoader() looking at "/usr/bin/libwacom-show-stylus"
QElfParser: '/usr/bin/libwacom-show-stylus' is not an ELF object
"'/usr/bin/libwacom-show-stylus' is not an ELF object" 
         not a plugin
QFactoryLoader::QFactoryLoader() looking at "/usr/bin/libwacom-update-db"
QElfParser: '/usr/bin/libwacom-update-db' is not an ELF object
"'/usr/bin/libwacom-update-db' is not an ELF object" 
         not a plugin
QFactoryLoader::QFactoryLoader() looking at "/usr/bin/lightdm-gtk-greeter-settings"
QElfParser: '/usr/bin/lightdm-gtk-greeter-settings' is not an ELF object
"'/usr/bin/lightdm-gtk-greeter-settings' is not an ELF object" 
         not a plugin
QFactoryLoader::QFactoryLoader() looking at "/usr/bin/lightdm-gtk-greeter-settings-pkexec"
QElfParser: '/usr/bin/lightdm-gtk-greeter-settings-pkexec' is not an ELF object
"'/usr/bin/lightdm-gtk-greeter-settings-pkexec' is not an ELF object" 
         not a plugin
QFactoryLoader::QFactoryLoader() looking at "/usr/bin/link"
"Failed to extract plugin meta data from '/usr/bin/link'" 
         not a plugin
QFactoryLoader::QFactoryLoader() looking at "/usr/bin/linkicc"
"Failed to extract plugin meta data from '/usr/bin/linkicc'" 
         not a plugin
QFactoryLoader::QFactoryLoader() looking at "/usr/bin/linux-boot-prober"
QElfParser: '/usr/bin/linux-boot-prober' is not an ELF object
"'/usr/bin/linux-boot-prober' is not an ELF object" 
         not a plugin
QFactoryLoader::QFactoryLoader() looking at "/usr/bin/linux-check-removal"
QElfParser: '/usr/bin/linux-check-removal' is not an ELF object
"'/usr/bin/linux-check-removal' is not an ELF object" 
         not a plugin
QFactoryLoader::QFactoryLoader() looking at "/usr/bin/linux-update-symlinks"
QElfParser: '/usr/bin/linux-update-symlinks' is not an ELF object
"'/usr/bin/linux-update-symlinks' is not an ELF object" 
         not a plugin
QFactoryLoader::QFactoryLoader() looking at "/usr/bin/linux-version"
QElfParser: '/usr/bin/linux-version' is not an ELF object
"'/usr/bin/linux-version' is not an ELF object" 
         not a plugin
QFactoryLoader::QFactoryLoader() looking at "/usr/bin/linux32"
"Failed to extract plugin meta data from '/usr/bin/setarch'" 
         not a plugin
QFactoryLoader::QFactoryLoader() looking at "/usr/bin/linux64"
"Failed to extract plugin meta data from '/usr/bin/setarch'" 
         not a plugin
QFactoryLoader::QFactoryLoader() looking at "/usr/bin/lispmtopgm"
"Failed to extract plugin meta data from '/usr/bin/lispmtopgm'" 
         not a plugin
QFactoryLoader::QFactoryLoader() looking at "/usr/bin/listbib"
QElfParser: '/usr/share/texlive/texmf-dist/scripts/listbib/listbib' is not an ELF object
"'/usr/share/texlive/texmf-dist/scripts/listbib/listbib' is not an ELF object" 
         not a plugin
QFactoryLoader::QFactoryLoader() looking at "/usr/bin/listings-ext"
QElfParser: '/usr/share/texlive/texmf-dist/scripts/listings-ext/listings-ext.sh' is not an ELF object
"'/usr/share/texlive/texmf-dist/scripts/listings-ext/listings-ext.sh' is not an ELF object" 
         not a plugin
QFactoryLoader::QFactoryLoader() looking at "/usr/bin/listres"
"Failed to extract plugin meta data from '/usr/bin/listres'" 
         not a plugin
QFactoryLoader::QFactoryLoader() looking at "/usr/bin/ln"
"Failed to extract plugin meta data from '/usr/bin/ln'" 
         not a plugin
QFactoryLoader::QFactoryLoader() looking at "/usr/bin/lneato"
QElfParser: '/usr/bin/lneato' is not an ELF object
"'/usr/bin/lneato' is not an ELF object" 
         not a plugin
QFactoryLoader::QFactoryLoader() looking at "/usr/bin/lnstat"
"Failed to extract plugin meta data from '/usr/bin/lnstat'" 
         not a plugin
QFactoryLoader::QFactoryLoader() looking at "/usr/bin/loadkeys"
"Failed to extract plugin meta data from '/usr/bin/loadkeys'" 
         not a plugin
QFactoryLoader::QFactoryLoader() looking at "/usr/bin/loadunimap"
"Failed to extract plugin meta data from '/usr/bin/loadunimap'" 
         not a plugin
QFactoryLoader::QFactoryLoader() looking at "/usr/bin/localc"
QElfParser: '/usr/bin/localc' is not an ELF object (file too small)
"'/usr/bin/localc' is not an ELF object (file too small)" 
         not a plugin
QFactoryLoader::QFactoryLoader() looking at "/usr/bin/locale"
"Failed to extract plugin meta data from '/usr/bin/locale'" 
         not a plugin
QFactoryLoader::QFactoryLoader() looking at "/usr/bin/locale-check"
"Failed to extract plugin meta data from '/usr/bin/locale-check'" 
         not a plugin
QFactoryLoader::QFactoryLoader() looking at "/usr/bin/localectl"
"Failed to extract plugin meta data from '/usr/bin/localectl'" 
         not a plugin
QFactoryLoader::QFactoryLoader() looking at "/usr/bin/localedef"
"Failed to extract plugin meta data from '/usr/bin/localedef'" 
         not a plugin
QFactoryLoader::QFactoryLoader() looking at "/usr/bin/locate"
"Failed to extract plugin meta data from '/usr/bin/plocate'" 
         not a plugin
QFactoryLoader::QFactoryLoader() looking at "/usr/bin/lodraw"
QElfParser: '/usr/bin/lodraw' is not an ELF object (file too small)
"'/usr/bin/lodraw' is not an ELF object (file too small)" 
         not a plugin
QFactoryLoader::QFactoryLoader() looking at "/usr/bin/loffice"
QElfParser: '/usr/bin/loffice' is not an ELF object (file too small)
"'/usr/bin/loffice' is not an ELF object (file too small)" 
         not a plugin
QFactoryLoader::QFactoryLoader() looking at "/usr/bin/lofromtemplate"
QElfParser: '/usr/bin/lofromtemplate' is not an ELF object
"'/usr/bin/lofromtemplate' is not an ELF object" 
         not a plugin
QFactoryLoader::QFactoryLoader() looking at "/usr/bin/logger"
"Failed to extract plugin meta data from '/usr/bin/logger'" 
         not a plugin
QFactoryLoader::QFactoryLoader() looking at "/usr/bin/login"
"Failed to extract plugin meta data from '/usr/bin/login'" 
         not a plugin
QFactoryLoader::QFactoryLoader() looking at "/usr/bin/loginctl"
"Failed to extract plugin meta data from '/usr/bin/loginctl'" 
         not a plugin
QFactoryLoader::QFactoryLoader() looking at "/usr/bin/logname"
"Failed to extract plugin meta data from '/usr/bin/logname'" 
         not a plugin
QFactoryLoader::QFactoryLoader() looking at "/usr/bin/loimpress"
QElfParser: '/usr/bin/loimpress' is not an ELF object (file too small)
"'/usr/bin/loimpress' is not an ELF object (file too small)" 
         not a plugin
QFactoryLoader::QFactoryLoader() looking at "/usr/bin/lollipop"
"Failed to extract plugin meta data from '/usr/bin/tex'" 
         not a plugin
QFactoryLoader::QFactoryLoader() looking at "/usr/bin/lomath"
QElfParser: '/usr/bin/lomath' is not an ELF object (file too small)
"'/usr/bin/lomath' is not an ELF object (file too small)" 
         not a plugin
QFactoryLoader::QFactoryLoader() looking at "/usr/bin/look"
"Failed to extract plugin meta data from '/usr/bin/look'" 
         not a plugin
QFactoryLoader::QFactoryLoader() looking at "/usr/bin/loweb"
QElfParser: '/usr/bin/loweb' is not an ELF object (file too small)
"'/usr/bin/loweb' is not an ELF object (file too small)" 
         not a plugin
QFactoryLoader::QFactoryLoader() looking at "/usr/bin/lowntfs-3g"
"Failed to extract plugin meta data from '/usr/bin/lowntfs-3g'" 
         not a plugin
QFactoryLoader::QFactoryLoader() looking at "/usr/bin/lowriter"
QElfParser: '/usr/bin/lowriter' is not an ELF object (file too small)
"'/usr/bin/lowriter' is not an ELF object (file too small)" 
         not a plugin
QFactoryLoader::QFactoryLoader() looking at "/usr/bin/lp"
"Failed to extract plugin meta data from '/usr/bin/lp'" 
         not a plugin
QFactoryLoader::QFactoryLoader() looking at "/usr/bin/lp_solve"
"Failed to extract plugin meta data from '/usr/bin/lp_solve'" 
         not a plugin
QFactoryLoader::QFactoryLoader() looking at "/usr/bin/lpoptions"
"Failed to extract plugin meta data from '/usr/bin/lpoptions'" 
         not a plugin
QFactoryLoader::QFactoryLoader() looking at "/usr/bin/lpq"
"Failed to extract plugin meta data from '/usr/bin/lpq'" 
         not a plugin
QFactoryLoader::QFactoryLoader() looking at "/usr/bin/lpr"
"Failed to extract plugin meta data from '/usr/bin/lpr'" 
         not a plugin
QFactoryLoader::QFactoryLoader() looking at "/usr/bin/lprm"
"Failed to extract plugin meta data from '/usr/bin/lprm'" 
         not a plugin
QFactoryLoader::QFactoryLoader() looking at "/usr/bin/lpstat"
"Failed to extract plugin meta data from '/usr/bin/lpstat'" 
         not a plugin
QFactoryLoader::QFactoryLoader() looking at "/usr/bin/ls"
"Failed to extract plugin meta data from '/usr/bin/ls'" 
         not a plugin
QFactoryLoader::QFactoryLoader() looking at "/usr/bin/lsattr"
"Failed to extract plugin meta data from '/usr/bin/lsattr'" 
         not a plugin
QFactoryLoader::QFactoryLoader() looking at "/usr/bin/lsb_release"
QElfParser: '/usr/bin/lsb_release' is not an ELF object
"'/usr/bin/lsb_release' is not an ELF object" 
         not a plugin
QFactoryLoader::QFactoryLoader() looking at "/usr/bin/lsblk"
"Failed to extract plugin meta data from '/usr/bin/lsblk'" 
         not a plugin
QFactoryLoader::QFactoryLoader() looking at "/usr/bin/lscpu"
"Failed to extract plugin meta data from '/usr/bin/lscpu'" 
         not a plugin
QFactoryLoader::QFactoryLoader() looking at "/usr/bin/lshw"
"Failed to extract plugin meta data from '/usr/bin/lshw'" 
         not a plugin
QFactoryLoader::QFactoryLoader() looking at "/usr/bin/lsinitramfs"
QElfParser: '/usr/bin/lsinitramfs' is not an ELF object
"'/usr/bin/lsinitramfs' is not an ELF object" 
         not a plugin
QFactoryLoader::QFactoryLoader() looking at "/usr/bin/lsipc"
"Failed to extract plugin meta data from '/usr/bin/lsipc'" 
         not a plugin
QFactoryLoader::QFactoryLoader() looking at "/usr/bin/lslocks"
"Failed to extract plugin meta data from '/usr/bin/lslocks'" 
         not a plugin
QFactoryLoader::QFactoryLoader() looking at "/usr/bin/lslogins"
"Failed to extract plugin meta data from '/usr/bin/lslogins'" 
         not a plugin
QFactoryLoader::QFactoryLoader() looking at "/usr/bin/lsmem"
"Failed to extract plugin meta data from '/usr/bin/lsmem'" 
         not a plugin
QFactoryLoader::QFactoryLoader() looking at "/usr/bin/lsmod"
"Failed to extract plugin meta data from '/usr/bin/kmod'" 
         not a plugin
QFactoryLoader::QFactoryLoader() looking at "/usr/bin/lsns"
"Failed to extract plugin meta data from '/usr/bin/lsns'" 
         not a plugin
QFactoryLoader::QFactoryLoader() looking at "/usr/bin/lsof"
"Failed to extract plugin meta data from '/usr/bin/lsof'" 
         not a plugin
QFactoryLoader::QFactoryLoader() looking at "/usr/bin/lspci"
"Failed to extract plugin meta data from '/usr/bin/lspci'" 
         not a plugin
QFactoryLoader::QFactoryLoader() looking at "/usr/bin/lspgpot"
QElfParser: '/usr/bin/lspgpot' is not an ELF object
"'/usr/bin/lspgpot' is not an ELF object" 
         not a plugin
QFactoryLoader::QFactoryLoader() looking at "/usr/bin/lsusb"
"Failed to extract plugin meta data from '/usr/bin/lsusb'" 
         not a plugin
QFactoryLoader::QFactoryLoader() looking at "/usr/bin/ltx2crossrefxml"
QElfParser: '/usr/share/texlive/texmf-dist/scripts/crossrefware/ltx2crossrefxml.pl' is not an ELF object
"'/usr/share/texlive/texmf-dist/scripts/crossrefware/ltx2crossrefxml.pl' is not an ELF object" 
         not a plugin
QFactoryLoader::QFactoryLoader() looking at "/usr/bin/ltxfileinfo"
QElfParser: '/usr/share/texlive/texmf-dist/scripts/ltxfileinfo/ltxfileinfo' is not an ELF object
"'/usr/share/texlive/texmf-dist/scripts/ltxfileinfo/ltxfileinfo' is not an ELF object" 
         not a plugin
QFactoryLoader::QFactoryLoader() looking at "/usr/bin/ltximg"
QElfParser: '/usr/share/texlive/texmf-dist/scripts/ltximg/ltximg.pl' is not an ELF object
"'/usr/share/texlive/texmf-dist/scripts/ltximg/ltximg.pl' is not an ELF object" 
         not a plugin
QFactoryLoader::QFactoryLoader() looking at "/usr/bin/luahbtex"
"Failed to extract plugin meta data from '/usr/bin/luahbtex'" 
         not a plugin
QFactoryLoader::QFactoryLoader() looking at "/usr/bin/luajithbtex"
"Failed to extract plugin meta data from '/usr/bin/luajithbtex'" 
         not a plugin
QFactoryLoader::QFactoryLoader() looking at "/usr/bin/luajittex"
"Failed to extract plugin meta data from '/usr/bin/luajittex'" 
         not a plugin
QFactoryLoader::QFactoryLoader() looking at "/usr/bin/lualatex"
"Failed to extract plugin meta data from '/usr/bin/luahbtex'" 
         not a plugin
QFactoryLoader::QFactoryLoader() looking at "/usr/bin/lualatex-dev"
"Failed to extract plugin meta data from '/usr/bin/luahbtex'" 
         not a plugin
QFactoryLoader::QFactoryLoader() looking at "/usr/bin/luaotfload-tool"
QElfParser: '/usr/share/texlive/texmf-dist/scripts/luaotfload/luaotfload-tool.lua' is not an ELF object
"'/usr/share/texlive/texmf-dist/scripts/luaotfload/luaotfload-tool.lua' is not an ELF object" 
         not a plugin
QFactoryLoader::QFactoryLoader() looking at "/usr/bin/luatex"
"Failed to extract plugin meta data from '/usr/bin/luatex'" 
         not a plugin
QFactoryLoader::QFactoryLoader() looking at "/usr/bin/luatools"
QElfParser: '/usr/bin/luatools' is not an ELF object (file too small)
"'/usr/bin/luatools' is not an ELF object (file too small)" 
         not a plugin
QFactoryLoader::QFactoryLoader() looking at "/usr/bin/luit"
"Failed to extract plugin meta data from '/usr/bin/luit'" 
         not a plugin
QFactoryLoader::QFactoryLoader() looking at "/usr/bin/lwarpmk"
QElfParser: '/usr/share/texlive/texmf-dist/scripts/lwarp/lwarpmk.lua' is not an ELF object
"'/usr/share/texlive/texmf-dist/scripts/lwarp/lwarpmk.lua' is not an ELF object" 
         not a plugin
QFactoryLoader::QFactoryLoader() looking at "/usr/bin/lwp-download"
QElfParser: '/usr/bin/lwp-download' is not an ELF object
"'/usr/bin/lwp-download' is not an ELF object" 
         not a plugin
QFactoryLoader::QFactoryLoader() looking at "/usr/bin/lwp-dump"
QElfParser: '/usr/bin/lwp-dump' is not an ELF object
"'/usr/bin/lwp-dump' is not an ELF object" 
         not a plugin
QFactoryLoader::QFactoryLoader() looking at "/usr/bin/lwp-mirror"
QElfParser: '/usr/bin/lwp-mirror' is not an ELF object
"'/usr/bin/lwp-mirror' is not an ELF object" 
         not a plugin
QFactoryLoader::QFactoryLoader() looking at "/usr/bin/lwp-request"
QElfParser: '/usr/bin/lwp-request' is not an ELF object
"'/usr/bin/lwp-request' is not an ELF object" 
         not a plugin
QFactoryLoader::QFactoryLoader() looking at "/usr/bin/lxterm"
QElfParser: '/usr/bin/lxterm' is not an ELF object
"'/usr/bin/lxterm' is not an ELF object" 
         not a plugin
QFactoryLoader::QFactoryLoader() looking at "/usr/bin/lzcat"
"Failed to extract plugin meta data from '/usr/bin/xz'" 
         not a plugin
QFactoryLoader::QFactoryLoader() looking at "/usr/bin/lzcmp"
QElfParser: '/usr/bin/xzdiff' is not an ELF object
"'/usr/bin/xzdiff' is not an ELF object" 
         not a plugin
QFactoryLoader::QFactoryLoader() looking at "/usr/bin/lzdiff"
QElfParser: '/usr/bin/xzdiff' is not an ELF object
"'/usr/bin/xzdiff' is not an ELF object" 
         not a plugin
QFactoryLoader::QFactoryLoader() looking at "/usr/bin/lzegrep"
QElfParser: '/usr/bin/xzgrep' is not an ELF object
"'/usr/bin/xzgrep' is not an ELF object" 
         not a plugin
QFactoryLoader::QFactoryLoader() looking at "/usr/bin/lzfgrep"
QElfParser: '/usr/bin/xzgrep' is not an ELF object
"'/usr/bin/xzgrep' is not an ELF object" 
         not a plugin
QFactoryLoader::QFactoryLoader() looking at "/usr/bin/lzgrep"
QElfParser: '/usr/bin/xzgrep' is not an ELF object
"'/usr/bin/xzgrep' is not an ELF object" 
         not a plugin
QFactoryLoader::QFactoryLoader() looking at "/usr/bin/lzless"
QElfParser: '/usr/bin/xzless' is not an ELF object
"'/usr/bin/xzless' is not an ELF object" 
         not a plugin
QFactoryLoader::QFactoryLoader() looking at "/usr/bin/lzma"
"Failed to extract plugin meta data from '/usr/bin/xz'" 
         not a plugin
QFactoryLoader::QFactoryLoader() looking at "/usr/bin/lzmainfo"
"Failed to extract plugin meta data from '/usr/bin/lzmainfo'" 
         not a plugin
QFactoryLoader::QFactoryLoader() looking at "/usr/bin/lzmore"
QElfParser: '/usr/bin/xzmore' is not an ELF object
"'/usr/bin/xzmore' is not an ELF object" 
         not a plugin
QFactoryLoader::QFactoryLoader() looking at "/usr/bin/m-tx"
QElfParser: '/usr/share/texlive/texmf-dist/scripts/m-tx/m-tx.lua' is not an ELF object
"'/usr/share/texlive/texmf-dist/scripts/m-tx/m-tx.lua' is not an ELF object" 
         not a plugin
QFactoryLoader::QFactoryLoader() looking at "/usr/bin/m2300w"
"Failed to extract plugin meta data from '/usr/bin/m2300w'" 
         not a plugin
QFactoryLoader::QFactoryLoader() looking at "/usr/bin/m2300w-wrapper"
QElfParser: '/usr/bin/m2300w-wrapper' is not an ELF object
"'/usr/bin/m2300w-wrapper' is not an ELF object" 
         not a plugin
QFactoryLoader::QFactoryLoader() looking at "/usr/bin/m2400w"
"Failed to extract plugin meta data from '/usr/bin/m2400w'" 
         not a plugin
QFactoryLoader::QFactoryLoader() looking at "/usr/bin/mac2unix"
"Failed to extract plugin meta data from '/usr/bin/dos2unix'" 
         not a plugin
QFactoryLoader::QFactoryLoader() looking at "/usr/bin/macptopbm"
"Failed to extract plugin meta data from '/usr/bin/macptopbm'" 
         not a plugin
QFactoryLoader::QFactoryLoader() looking at "/usr/bin/mag"
"Failed to extract plugin meta data from '/usr/bin/mag'" 
         not a plugin
QFactoryLoader::QFactoryLoader() looking at "/usr/bin/make4ht"
QElfParser: '/usr/share/texlive/texmf-dist/scripts/make4ht/make4ht' is not an ELF object
"'/usr/share/texlive/texmf-dist/scripts/make4ht/make4ht' is not an ELF object" 
         not a plugin
QFactoryLoader::QFactoryLoader() looking at "/usr/bin/makedtx"
QElfParser: '/usr/share/texlive/texmf-dist/scripts/makedtx/makedtx.pl' is not an ELF object
"'/usr/share/texlive/texmf-dist/scripts/makedtx/makedtx.pl' is not an ELF object" 
         not a plugin
QFactoryLoader::QFactoryLoader() looking at "/usr/bin/makeglossaries"
QElfParser: '/usr/share/texlive/texmf-dist/scripts/glossaries/makeglossaries' is not an ELF object
"'/usr/share/texlive/texmf-dist/scripts/glossaries/makeglossaries' is not an ELF object" 
         not a plugin
QFactoryLoader::QFactoryLoader() looking at "/usr/bin/makeglossaries-lite"
QElfParser: '/usr/share/texlive/texmf-dist/scripts/glossaries/makeglossaries-lite.lua' is not an ELF object
"'/usr/share/texlive/texmf-dist/scripts/glossaries/makeglossaries-lite.lua' is not an ELF object" 
         not a plugin
QFactoryLoader::QFactoryLoader() looking at "/usr/bin/makeindex"
"Failed to extract plugin meta data from '/usr/bin/makeindex'" 
         not a plugin
QFactoryLoader::QFactoryLoader() looking at "/usr/bin/makeinfo"
QElfParser: '/usr/bin/texi2any' is not an ELF object
"'/usr/bin/texi2any' is not an ELF object" 
         not a plugin
QFactoryLoader::QFactoryLoader() looking at "/usr/bin/makejvf"
"Failed to extract plugin meta data from '/usr/bin/makejvf'" 
         not a plugin
QFactoryLoader::QFactoryLoader() looking at "/usr/bin/mako-render"
QElfParser: '/usr/bin/mako-render' is not an ELF object
"'/usr/bin/mako-render' is not an ELF object" 
         not a plugin
QFactoryLoader::QFactoryLoader() looking at "/usr/bin/man"
"Failed to extract plugin meta data from '/usr/bin/man'" 
         not a plugin
QFactoryLoader::QFactoryLoader() looking at "/usr/bin/man-recode"
"Failed to extract plugin meta data from '/usr/bin/man-recode'" 
         not a plugin
QFactoryLoader::QFactoryLoader() looking at "/usr/bin/mandb"
"Failed to extract plugin meta data from '/usr/bin/mandb'" 
         not a plugin
QFactoryLoader::QFactoryLoader() looking at "/usr/bin/manpath"
"Failed to extract plugin meta data from '/usr/bin/manpath'" 
         not a plugin
QFactoryLoader::QFactoryLoader() looking at "/usr/bin/mapscrn"
"Failed to extract plugin meta data from '/usr/bin/mapscrn'" 
         not a plugin
QFactoryLoader::QFactoryLoader() looking at "/usr/bin/match_parens"
QElfParser: '/usr/share/texlive/texmf-dist/scripts/match_parens/match_parens' is not an ELF object
"'/usr/share/texlive/texmf-dist/scripts/match_parens/match_parens' is not an ELF object" 
         not a plugin
QFactoryLoader::QFactoryLoader() looking at "/usr/bin/mate-calc"
"Failed to extract plugin meta data from '/usr/bin/mate-calc'" 
         not a plugin
QFactoryLoader::QFactoryLoader() looking at "/usr/bin/mate-calc-cmd"
"Failed to extract plugin meta data from '/usr/bin/mate-calc-cmd'" 
         not a plugin
QFactoryLoader::QFactoryLoader() looking at "/usr/bin/mate-calculator"
"Failed to extract plugin meta data from '/usr/bin/mate-calc'" 
         not a plugin
QFactoryLoader::QFactoryLoader() looking at "/usr/bin/mathspic"
QElfParser: '/usr/share/texlive/texmf-dist/scripts/mathspic/mathspic.pl' is not an ELF object
"'/usr/share/texlive/texmf-dist/scripts/mathspic/mathspic.pl' is not an ELF object" 
         not a plugin
QFactoryLoader::QFactoryLoader() looking at "/usr/bin/mawk"
"Failed to extract plugin meta data from '/usr/bin/mawk'" 
         not a plugin
QFactoryLoader::QFactoryLoader() looking at "/usr/bin/mcookie"
"Failed to extract plugin meta data from '/usr/bin/mcookie'" 
         not a plugin
QFactoryLoader::QFactoryLoader() looking at "/usr/bin/md5sum"
"Failed to extract plugin meta data from '/usr/bin/md5sum'" 
         not a plugin
QFactoryLoader::QFactoryLoader() looking at "/usr/bin/md5sum.textutils"
"Failed to extract plugin meta data from '/usr/bin/md5sum'" 
         not a plugin
QFactoryLoader::QFactoryLoader() looking at "/usr/bin/mdatopbm"
"Failed to extract plugin meta data from '/usr/bin/mdatopbm'" 
         not a plugin
QFactoryLoader::QFactoryLoader() looking at "/usr/bin/mdig"
"Failed to extract plugin meta data from '/usr/bin/mdig'" 
         not a plugin
QFactoryLoader::QFactoryLoader() looking at "/usr/bin/melt"
"Failed to extract plugin meta data from '/usr/bin/melt-7'" 
         not a plugin
QFactoryLoader::QFactoryLoader() looking at "/usr/bin/melt-7"
"Failed to extract plugin meta data from '/usr/bin/melt-7'" 
         not a plugin
QFactoryLoader::QFactoryLoader() looking at "/usr/bin/mendex"
"Failed to extract plugin meta data from '/usr/bin/mendex'" 
         not a plugin
QFactoryLoader::QFactoryLoader() looking at "/usr/bin/menulibre"
QElfParser: '/usr/bin/menulibre' is not an ELF object
"'/usr/bin/menulibre' is not an ELF object" 
         not a plugin
QFactoryLoader::QFactoryLoader() looking at "/usr/bin/menulibre-menu-validate"
QElfParser: '/usr/bin/menulibre-menu-validate' is not an ELF object
"'/usr/bin/menulibre-menu-validate' is not an ELF object" 
         not a plugin
QFactoryLoader::QFactoryLoader() looking at "/usr/bin/mesa-overlay-control.py"
QElfParser: '/usr/bin/mesa-overlay-control.py' is not an ELF object
"'/usr/bin/mesa-overlay-control.py' is not an ELF object" 
         not a plugin
QFactoryLoader::QFactoryLoader() looking at "/usr/bin/mesg"
"Failed to extract plugin meta data from '/usr/bin/mesg'" 
         not a plugin
QFactoryLoader::QFactoryLoader() looking at "/usr/bin/mex"
"Failed to extract plugin meta data from '/usr/bin/pdftex'" 
         not a plugin
QFactoryLoader::QFactoryLoader() looking at "/usr/bin/mf"
"Failed to extract plugin meta data from '/usr/bin/mf'" 
         not a plugin
QFactoryLoader::QFactoryLoader() looking at "/usr/bin/mf-nowin"
"Failed to extract plugin meta data from '/usr/bin/mf-nowin'" 
         not a plugin
QFactoryLoader::QFactoryLoader() looking at "/usr/bin/mf2pt1"
QElfParser: '/usr/share/texlive/texmf-dist/scripts/mf2pt1/mf2pt1.pl' is not an ELF object
"'/usr/share/texlive/texmf-dist/scripts/mf2pt1/mf2pt1.pl' is not an ELF object" 
         not a plugin
QFactoryLoader::QFactoryLoader() looking at "/usr/bin/mflua"
"Failed to extract plugin meta data from '/usr/bin/mflua'" 
         not a plugin
QFactoryLoader::QFactoryLoader() looking at "/usr/bin/mflua-nowin"
"Failed to extract plugin meta data from '/usr/bin/mflua'" 
         not a plugin
QFactoryLoader::QFactoryLoader() looking at "/usr/bin/mfluajit"
"Failed to extract plugin meta data from '/usr/bin/mfluajit'" 
         not a plugin
QFactoryLoader::QFactoryLoader() looking at "/usr/bin/mfluajit-nowin"
"Failed to extract plugin meta data from '/usr/bin/mfluajit'" 
         not a plugin
QFactoryLoader::QFactoryLoader() looking at "/usr/bin/mfplain"
"Failed to extract plugin meta data from '/usr/bin/mpost'" 
         not a plugin
QFactoryLoader::QFactoryLoader() looking at "/usr/bin/mft"
"Failed to extract plugin meta data from '/usr/bin/mft'" 
         not a plugin
QFactoryLoader::QFactoryLoader() looking at "/usr/bin/mgrtopbm"
"Failed to extract plugin meta data from '/usr/bin/mgrtopbm'" 
         not a plugin
QFactoryLoader::QFactoryLoader() looking at "/usr/bin/migrate-pubring-from-classic-gpg"
QElfParser: '/usr/bin/migrate-pubring-from-classic-gpg' is not an ELF object
"'/usr/bin/migrate-pubring-from-classic-gpg' is not an ELF object" 
         not a plugin
QFactoryLoader::QFactoryLoader() looking at "/usr/bin/mimeopen"
QElfParser: '/usr/bin/mimeopen' is not an ELF object
"'/usr/bin/mimeopen' is not an ELF object" 
         not a plugin
QFactoryLoader::QFactoryLoader() looking at "/usr/bin/mimetype"
QElfParser: '/usr/bin/mimetype' is not an ELF object
"'/usr/bin/mimetype' is not an ELF object" 
         not a plugin
QFactoryLoader::QFactoryLoader() looking at "/usr/bin/min12xxw"
"Failed to extract plugin meta data from '/usr/bin/min12xxw'" 
         not a plugin
QFactoryLoader::QFactoryLoader() looking at "/usr/bin/mingle"
"Failed to extract plugin meta data from '/usr/bin/mingle'" 
         not a plugin
QFactoryLoader::QFactoryLoader() looking at "/usr/bin/mk4ht"
QElfParser: '/usr/share/texlive/texmf-dist/scripts/tex4ht/mk4ht.pl' is not an ELF object
"'/usr/share/texlive/texmf-dist/scripts/tex4ht/mk4ht.pl' is not an ELF object" 
         not a plugin
QFactoryLoader::QFactoryLoader() looking at "/usr/bin/mk_modmap"
QElfParser: '/usr/bin/mk_modmap' is not an ELF object
"'/usr/bin/mk_modmap' is not an ELF object" 
         not a plugin
QFactoryLoader::QFactoryLoader() looking at "/usr/bin/mkdir"
"Failed to extract plugin meta data from '/usr/bin/mkdir'" 
         not a plugin
QFactoryLoader::QFactoryLoader() looking at "/usr/bin/mkfifo"
"Failed to extract plugin meta data from '/usr/bin/mkfifo'" 
         not a plugin
QFactoryLoader::QFactoryLoader() looking at "/usr/bin/mkfontdir"
QElfParser: '/usr/bin/mkfontdir' is not an ELF object
"'/usr/bin/mkfontdir' is not an ELF object" 
         not a plugin
QFactoryLoader::QFactoryLoader() looking at "/usr/bin/mkfontscale"
"Failed to extract plugin meta data from '/usr/bin/mkfontscale'" 
         not a plugin
QFactoryLoader::QFactoryLoader() looking at "/usr/bin/mkgrkindex"
QElfParser: '/usr/share/texlive/texmf-dist/scripts/mkgrkindex/mkgrkindex' is not an ELF object
"'/usr/share/texlive/texmf-dist/scripts/mkgrkindex/mkgrkindex' is not an ELF object" 
         not a plugin
QFactoryLoader::QFactoryLoader() looking at "/usr/bin/mkindex"
QElfParser: '/usr/bin/mkindex' is not an ELF object
"'/usr/bin/mkindex' is not an ELF object" 
         not a plugin
QFactoryLoader::QFactoryLoader() looking at "/usr/bin/mkjobtexmf"
QElfParser: '/usr/share/texlive/texmf-dist/scripts/mkjobtexmf/mkjobtexmf.pl' is not an ELF object
"'/usr/share/texlive/texmf-dist/scripts/mkjobtexmf/mkjobtexmf.pl' is not an ELF object" 
         not a plugin
QFactoryLoader::QFactoryLoader() looking at "/usr/bin/mknod"
"Failed to extract plugin meta data from '/usr/bin/mknod'" 
         not a plugin
QFactoryLoader::QFactoryLoader() looking at "/usr/bin/mkocp"
QElfParser: '/usr/bin/mkocp' is not an ELF object
"'/usr/bin/mkocp' is not an ELF object" 
         not a plugin
QFactoryLoader::QFactoryLoader() looking at "/usr/bin/mkofm"
QElfParser: '/usr/bin/mkofm' is not an ELF object
"'/usr/bin/mkofm' is not an ELF object" 
         not a plugin
QFactoryLoader::QFactoryLoader() looking at "/usr/bin/mkpic"
QElfParser: '/usr/share/texlive/texmf-dist/scripts/mkpic/mkpic' is not an ELF object
"'/usr/share/texlive/texmf-dist/scripts/mkpic/mkpic' is not an ELF object" 
         not a plugin
QFactoryLoader::QFactoryLoader() looking at "/usr/bin/mksquashfs"
"Failed to extract plugin meta data from '/usr/bin/mksquashfs'" 
         not a plugin
QFactoryLoader::QFactoryLoader() looking at "/usr/bin/mkt1font"
QElfParser: '/usr/share/texlive/texmf-dist/scripts/accfonts/mkt1font' is not an ELF object
"'/usr/share/texlive/texmf-dist/scripts/accfonts/mkt1font' is not an ELF object" 
         not a plugin
QFactoryLoader::QFactoryLoader() looking at "/usr/bin/mktemp"
"Failed to extract plugin meta data from '/usr/bin/mktemp'" 
         not a plugin
QFactoryLoader::QFactoryLoader() looking at "/usr/bin/mktexfmt"
QElfParser: '/usr/share/texlive/texmf-dist/scripts/texlive/fmtutil.pl' is not an ELF object
"'/usr/share/texlive/texmf-dist/scripts/texlive/fmtutil.pl' is not an ELF object" 
         not a plugin
QFactoryLoader::QFactoryLoader() looking at "/usr/bin/mktexlsr"
QElfParser: '/usr/share/texlive/texmf-dist/scripts/texlive/mktexlsr' is not an ELF object
"'/usr/share/texlive/texmf-dist/scripts/texlive/mktexlsr' is not an ELF object" 
         not a plugin
QFactoryLoader::QFactoryLoader() looking at "/usr/bin/mktexmf"
QElfParser: '/usr/share/texlive/texmf-dist/scripts/texlive/mktexmf' is not an ELF object
"'/usr/share/texlive/texmf-dist/scripts/texlive/mktexmf' is not an ELF object" 
         not a plugin
QFactoryLoader::QFactoryLoader() looking at "/usr/bin/mktexpk"
QElfParser: '/usr/share/texlive/texmf-dist/scripts/texlive/mktexpk' is not an ELF object
"'/usr/share/texlive/texmf-dist/scripts/texlive/mktexpk' is not an ELF object" 
         not a plugin
QFactoryLoader::QFactoryLoader() looking at "/usr/bin/mktextfm"
QElfParser: '/usr/share/texlive/texmf-dist/scripts/texlive/mktextfm' is not an ELF object
"'/usr/share/texlive/texmf-dist/scripts/texlive/mktextfm' is not an ELF object" 
         not a plugin
QFactoryLoader::QFactoryLoader() looking at "/usr/bin/mllatex"
"Failed to extract plugin meta data from '/usr/bin/pdftex'" 
         not a plugin
QFactoryLoader::QFactoryLoader() looking at "/usr/bin/mltex"
"Failed to extract plugin meta data from '/usr/bin/pdftex'" 
         not a plugin
QFactoryLoader::QFactoryLoader() looking at "/usr/bin/mm2gv"
"Failed to extract plugin meta data from '/usr/bin/mm2gv'" 
         not a plugin
QFactoryLoader::QFactoryLoader() looking at "/usr/bin/mmafm"
"Failed to extract plugin meta data from '/usr/bin/mmafm'" 
         not a plugin
QFactoryLoader::QFactoryLoader() looking at "/usr/bin/mmcli"
"Failed to extract plugin meta data from '/usr/bin/mmcli'" 
         not a plugin
QFactoryLoader::QFactoryLoader() looking at "/usr/bin/mmpfb"
"Failed to extract plugin meta data from '/usr/bin/mmpfb'" 
         not a plugin
QFactoryLoader::QFactoryLoader() looking at "/usr/bin/modutil"
"Failed to extract plugin meta data from '/usr/bin/modutil'" 
         not a plugin
QFactoryLoader::QFactoryLoader() looking at "/usr/bin/mogrify"
"Failed to extract plugin meta data from '/usr/bin/mogrify-im6.q16'" 
         not a plugin
QFactoryLoader::QFactoryLoader() looking at "/usr/bin/mogrify-im6"
"Failed to extract plugin meta data from '/usr/bin/mogrify-im6.q16'" 
         not a plugin
QFactoryLoader::QFactoryLoader() looking at "/usr/bin/mogrify-im6.q16"
"Failed to extract plugin meta data from '/usr/bin/mogrify-im6.q16'" 
         not a plugin
QFactoryLoader::QFactoryLoader() looking at "/usr/bin/mokutil"
"Failed to extract plugin meta data from '/usr/bin/mokutil'" 
         not a plugin
QFactoryLoader::QFactoryLoader() looking at "/usr/bin/monitor-sensor"
"Failed to extract plugin meta data from '/usr/bin/monitor-sensor'" 
         not a plugin
QFactoryLoader::QFactoryLoader() looking at "/usr/bin/montage"
"Failed to extract plugin meta data from '/usr/bin/montage-im6.q16'" 
         not a plugin
QFactoryLoader::QFactoryLoader() looking at "/usr/bin/montage-im6"
"Failed to extract plugin meta data from '/usr/bin/montage-im6.q16'" 
         not a plugin
QFactoryLoader::QFactoryLoader() looking at "/usr/bin/montage-im6.q16"
"Failed to extract plugin meta data from '/usr/bin/montage-im6.q16'" 
         not a plugin
QFactoryLoader::QFactoryLoader() looking at "/usr/bin/more"
"Failed to extract plugin meta data from '/usr/bin/more'" 
         not a plugin
QFactoryLoader::QFactoryLoader() looking at "/usr/bin/mount"
"Failed to extract plugin meta data from '/usr/bin/mount'" 
         not a plugin
QFactoryLoader::QFactoryLoader() looking at "/usr/bin/mountpoint"
"Failed to extract plugin meta data from '/usr/bin/mountpoint'" 
         not a plugin
QFactoryLoader::QFactoryLoader() looking at "/usr/bin/mousepad"
"Failed to extract plugin meta data from '/usr/bin/mousepad'" 
         not a plugin
QFactoryLoader::QFactoryLoader() looking at "/usr/bin/mpost"
"Failed to extract plugin meta data from '/usr/bin/mpost'" 
         not a plugin
QFactoryLoader::QFactoryLoader() looking at "/usr/bin/mptopdf"
QElfParser: '/usr/share/texlive/texmf-dist/scripts/context/perl/mptopdf.pl' is not an ELF object
"'/usr/share/texlive/texmf-dist/scripts/context/perl/mptopdf.pl' is not an ELF object" 
         not a plugin
QFactoryLoader::QFactoryLoader() looking at "/usr/bin/mscompress"
"Failed to extract plugin meta data from '/usr/bin/mscompress'" 
         not a plugin
QFactoryLoader::QFactoryLoader() looking at "/usr/bin/msexpand"
"Failed to extract plugin meta data from '/usr/bin/msexpand'" 
         not a plugin
QFactoryLoader::QFactoryLoader() looking at "/usr/bin/msgattrib"
"Failed to extract plugin meta data from '/usr/bin/msgattrib'" 
         not a plugin
QFactoryLoader::QFactoryLoader() looking at "/usr/bin/msgcat"
"Failed to extract plugin meta data from '/usr/bin/msgcat'" 
         not a plugin
QFactoryLoader::QFactoryLoader() looking at "/usr/bin/msgcmp"
"Failed to extract plugin meta data from '/usr/bin/msgcmp'" 
         not a plugin
QFactoryLoader::QFactoryLoader() looking at "/usr/bin/msgcomm"
"Failed to extract plugin meta data from '/usr/bin/msgcomm'" 
         not a plugin
QFactoryLoader::QFactoryLoader() looking at "/usr/bin/msgconv"
"Failed to extract plugin meta data from '/usr/bin/msgconv'" 
         not a plugin
QFactoryLoader::QFactoryLoader() looking at "/usr/bin/msgen"
"Failed to extract plugin meta data from '/usr/bin/msgen'" 
         not a plugin
QFactoryLoader::QFactoryLoader() looking at "/usr/bin/msgexec"
"Failed to extract plugin meta data from '/usr/bin/msgexec'" 
         not a plugin
QFactoryLoader::QFactoryLoader() looking at "/usr/bin/msgfilter"
"Failed to extract plugin meta data from '/usr/bin/msgfilter'" 
         not a plugin
QFactoryLoader::QFactoryLoader() looking at "/usr/bin/msgfmt"
"Failed to extract plugin meta data from '/usr/bin/msgfmt'" 
         not a plugin
QFactoryLoader::QFactoryLoader() looking at "/usr/bin/msggrep"
"Failed to extract plugin meta data from '/usr/bin/msggrep'" 
         not a plugin
QFactoryLoader::QFactoryLoader() looking at "/usr/bin/msginit"
"Failed to extract plugin meta data from '/usr/bin/msginit'" 
         not a plugin
QFactoryLoader::QFactoryLoader() looking at "/usr/bin/msgmerge"
"Failed to extract plugin meta data from '/usr/bin/msgmerge'" 
         not a plugin
QFactoryLoader::QFactoryLoader() looking at "/usr/bin/msgunfmt"
"Failed to extract plugin meta data from '/usr/bin/msgunfmt'" 
         not a plugin
QFactoryLoader::QFactoryLoader() looking at "/usr/bin/msguniq"
"Failed to extract plugin meta data from '/usr/bin/msguniq'" 
         not a plugin
QFactoryLoader::QFactoryLoader() looking at "/usr/bin/msiexec"
QElfParser: '/usr/lib/wine/wineapploader' is not an ELF object
"'/usr/lib/wine/wineapploader' is not an ELF object" 
         not a plugin
QFactoryLoader::QFactoryLoader() looking at "/usr/bin/msiexec-stable"
QElfParser: '/usr/lib/wine/wineapploader' is not an ELF object
"'/usr/lib/wine/wineapploader' is not an ELF object" 
         not a plugin
QFactoryLoader::QFactoryLoader() looking at "/usr/bin/msxlint"
"Failed to extract plugin meta data from '/usr/bin/msxlint'" 
         not a plugin
QFactoryLoader::QFactoryLoader() looking at "/usr/bin/mt"
"Failed to extract plugin meta data from '/usr/bin/mt-gnu'" 
         not a plugin
QFactoryLoader::QFactoryLoader() looking at "/usr/bin/mt-gnu"
"Failed to extract plugin meta data from '/usr/bin/mt-gnu'" 
         not a plugin
QFactoryLoader::QFactoryLoader() looking at "/usr/bin/mtr"
"Failed to extract plugin meta data from '/usr/bin/mtr'" 
         not a plugin
QFactoryLoader::QFactoryLoader() looking at "/usr/bin/mtr-packet"
"Failed to extract plugin meta data from '/usr/bin/mtr-packet'" 
         not a plugin
QFactoryLoader::QFactoryLoader() looking at "/usr/bin/mtvtoppm"
"Failed to extract plugin meta data from '/usr/bin/mtvtoppm'" 
         not a plugin
QFactoryLoader::QFactoryLoader() looking at "/usr/bin/mtxrun"
QElfParser: '/usr/bin/mtxrun' is not an ELF object
"'/usr/bin/mtxrun' is not an ELF object" 
         not a plugin
QFactoryLoader::QFactoryLoader() looking at "/usr/bin/mtxrunjit"
QElfParser: '/usr/bin/mtxrunjit' is not an ELF object
"'/usr/bin/mtxrunjit' is not an ELF object" 
         not a plugin
QFactoryLoader::QFactoryLoader() looking at "/usr/bin/mugshot"
QElfParser: '/usr/bin/mugshot' is not an ELF object
"'/usr/bin/mugshot' is not an ELF object" 
         not a plugin
QFactoryLoader::QFactoryLoader() looking at "/usr/bin/multibibliography"
QElfParser: '/usr/share/texlive/texmf-dist/scripts/multibibliography/multibibliography.pl' is not an ELF object
"'/usr/share/texlive/texmf-dist/scripts/multibibliography/multibibliography.pl' is not an ELF object" 
         not a plugin
QFactoryLoader::QFactoryLoader() looking at "/usr/bin/musixflx"
QElfParser: '/usr/share/texlive/texmf-dist/scripts/musixtex/musixflx.lua' is not an ELF object
"'/usr/share/texlive/texmf-dist/scripts/musixtex/musixflx.lua' is not an ELF object" 
         not a plugin
QFactoryLoader::QFactoryLoader() looking at "/usr/bin/musixtex"
QElfParser: '/usr/share/texlive/texmf-dist/scripts/musixtex/musixtex.lua' is not an ELF object
"'/usr/share/texlive/texmf-dist/scripts/musixtex/musixtex.lua' is not an ELF object" 
         not a plugin
QFactoryLoader::QFactoryLoader() looking at "/usr/bin/mv"
"Failed to extract plugin meta data from '/usr/bin/mv'" 
         not a plugin
QFactoryLoader::QFactoryLoader() looking at "/usr/bin/namei"
"Failed to extract plugin meta data from '/usr/bin/namei'" 
         not a plugin
QFactoryLoader::QFactoryLoader() looking at "/usr/bin/nano"
"Failed to extract plugin meta data from '/usr/bin/nano'" 
         not a plugin
QFactoryLoader::QFactoryLoader() looking at "/usr/bin/nawk"
"Failed to extract plugin meta data from '/usr/bin/mawk'" 
         not a plugin
QFactoryLoader::QFactoryLoader() looking at "/usr/bin/nc"
"Failed to extract plugin meta data from '/usr/bin/nc.openbsd'" 
         not a plugin
QFactoryLoader::QFactoryLoader() looking at "/usr/bin/nc.openbsd"
"Failed to extract plugin meta data from '/usr/bin/nc.openbsd'" 
         not a plugin
QFactoryLoader::QFactoryLoader() looking at "/usr/bin/neato"
"Failed to extract plugin meta data from '/usr/sbin/libgvc6-config-update'" 
         not a plugin
QFactoryLoader::QFactoryLoader() looking at "/usr/bin/neotoppm"
"Failed to extract plugin meta data from '/usr/bin/neotoppm'" 
         not a plugin
QFactoryLoader::QFactoryLoader() looking at "/usr/bin/neqn"
QElfParser: '/usr/bin/neqn' is not an ELF object
"'/usr/bin/neqn' is not an ELF object" 
         not a plugin
QFactoryLoader::QFactoryLoader() looking at "/usr/bin/netcat"
"Failed to extract plugin meta data from '/usr/bin/nc.openbsd'" 
         not a plugin
QFactoryLoader::QFactoryLoader() looking at "/usr/bin/networkctl"
"Failed to extract plugin meta data from '/usr/bin/networkctl'" 
         not a plugin
QFactoryLoader::QFactoryLoader() looking at "/usr/bin/networkd-dispatcher"
QElfParser: '/usr/bin/networkd-dispatcher' is not an ELF object
"'/usr/bin/networkd-dispatcher' is not an ELF object" 
         not a plugin
QFactoryLoader::QFactoryLoader() looking at "/usr/bin/newgrp"
"Failed to extract plugin meta data from '/usr/bin/newgrp'" 
         not a plugin
QFactoryLoader::QFactoryLoader() looking at "/usr/bin/ngettext"
"Failed to extract plugin meta data from '/usr/bin/ngettext'" 
         not a plugin
QFactoryLoader::QFactoryLoader() looking at "/usr/bin/nice"
"Failed to extract plugin meta data from '/usr/bin/nice'" 
         not a plugin
QFactoryLoader::QFactoryLoader() looking at "/usr/bin/nisdomainname"
"Failed to extract plugin meta data from '/usr/bin/hostname'" 
         not a plugin
QFactoryLoader::QFactoryLoader() looking at "/usr/bin/nl"
"Failed to extract plugin meta data from '/usr/bin/nl'" 
         not a plugin
QFactoryLoader::QFactoryLoader() looking at "/usr/bin/nm-applet"
"Failed to extract plugin meta data from '/usr/bin/nm-applet'" 
         not a plugin
QFactoryLoader::QFactoryLoader() looking at "/usr/bin/nm-connection-editor"
"Failed to extract plugin meta data from '/usr/bin/nm-connection-editor'" 
         not a plugin
QFactoryLoader::QFactoryLoader() looking at "/usr/bin/nm-online"
"Failed to extract plugin meta data from '/usr/bin/nm-online'" 
         not a plugin
QFactoryLoader::QFactoryLoader() looking at "/usr/bin/nmcli"
"Failed to extract plugin meta data from '/usr/bin/nmcli'" 
         not a plugin
QFactoryLoader::QFactoryLoader() looking at "/usr/bin/nmtui"
"Failed to extract plugin meta data from '/usr/bin/nmtui'" 
         not a plugin
QFactoryLoader::QFactoryLoader() looking at "/usr/bin/nmtui-connect"
"Failed to extract plugin meta data from '/usr/bin/nmtui'" 
         not a plugin
QFactoryLoader::QFactoryLoader() looking at "/usr/bin/nmtui-edit"
"Failed to extract plugin meta data from '/usr/bin/nmtui'" 
         not a plugin
QFactoryLoader::QFactoryLoader() looking at "/usr/bin/nmtui-hostname"
"Failed to extract plugin meta data from '/usr/bin/nmtui'" 
         not a plugin
QFactoryLoader::QFactoryLoader() looking at "/usr/bin/nohup"
"Failed to extract plugin meta data from '/usr/bin/nohup'" 
         not a plugin
QFactoryLoader::QFactoryLoader() looking at "/usr/bin/nop"
"Failed to extract plugin meta data from '/usr/bin/nop'" 
         not a plugin
QFactoryLoader::QFactoryLoader() looking at "/usr/bin/notify-send"
"Failed to extract plugin meta data from '/usr/bin/notify-send'" 
         not a plugin
QFactoryLoader::QFactoryLoader() looking at "/usr/bin/nproc"
"Failed to extract plugin meta data from '/usr/bin/nproc'" 
         not a plugin
QFactoryLoader::QFactoryLoader() looking at "/usr/bin/nroff"
QElfParser: '/usr/bin/nroff' is not an ELF object
"'/usr/bin/nroff' is not an ELF object" 
         not a plugin
QFactoryLoader::QFactoryLoader() looking at "/usr/bin/nsenter"
"Failed to extract plugin meta data from '/usr/bin/nsenter'" 
         not a plugin
QFactoryLoader::QFactoryLoader() looking at "/usr/bin/nslookup"
"Failed to extract plugin meta data from '/usr/bin/nslookup'" 
         not a plugin
QFactoryLoader::QFactoryLoader() looking at "/usr/bin/nss-addbuiltin"
"Failed to extract plugin meta data from '/usr/bin/nss-addbuiltin'" 
         not a plugin
QFactoryLoader::QFactoryLoader() looking at "/usr/bin/nss-dbtest"
"Failed to extract plugin meta data from '/usr/bin/nss-dbtest'" 
         not a plugin
QFactoryLoader::QFactoryLoader() looking at "/usr/bin/nss-pp"
"Failed to extract plugin meta data from '/usr/bin/nss-pp'" 
         not a plugin
QFactoryLoader::QFactoryLoader() looking at "/usr/bin/nstat"
"Failed to extract plugin meta data from '/usr/bin/nstat'" 
         not a plugin
QFactoryLoader::QFactoryLoader() looking at "/usr/bin/nsupdate"
"Failed to extract plugin meta data from '/usr/bin/nsupdate'" 
         not a plugin
QFactoryLoader::QFactoryLoader() looking at "/usr/bin/ntfs-3g"
"Failed to extract plugin meta data from '/usr/bin/ntfs-3g'" 
         not a plugin
QFactoryLoader::QFactoryLoader() looking at "/usr/bin/ntfs-3g.probe"
"Failed to extract plugin meta data from '/usr/bin/ntfs-3g.probe'" 
         not a plugin
QFactoryLoader::QFactoryLoader() looking at "/usr/bin/ntfscat"
"Failed to extract plugin meta data from '/usr/bin/ntfscat'" 
         not a plugin
QFactoryLoader::QFactoryLoader() looking at "/usr/bin/ntfscluster"
"Failed to extract plugin meta data from '/usr/bin/ntfscluster'" 
         not a plugin
QFactoryLoader::QFactoryLoader() looking at "/usr/bin/ntfscmp"
"Failed to extract plugin meta data from '/usr/bin/ntfscmp'" 
         not a plugin
QFactoryLoader::QFactoryLoader() looking at "/usr/bin/ntfsdecrypt"
"Failed to extract plugin meta data from '/usr/bin/ntfsdecrypt'" 
         not a plugin
QFactoryLoader::QFactoryLoader() looking at "/usr/bin/ntfsfallocate"
"Failed to extract plugin meta data from '/usr/bin/ntfsfallocate'" 
         not a plugin
QFactoryLoader::QFactoryLoader() looking at "/usr/bin/ntfsfix"
"Failed to extract plugin meta data from '/usr/bin/ntfsfix'" 
         not a plugin
QFactoryLoader::QFactoryLoader() looking at "/usr/bin/ntfsinfo"
"Failed to extract plugin meta data from '/usr/bin/ntfsinfo'" 
         not a plugin
QFactoryLoader::QFactoryLoader() looking at "/usr/bin/ntfsls"
"Failed to extract plugin meta data from '/usr/bin/ntfsls'" 
         not a plugin
QFactoryLoader::QFactoryLoader() looking at "/usr/bin/ntfsmove"
"Failed to extract plugin meta data from '/usr/bin/ntfsmove'" 
         not a plugin
QFactoryLoader::QFactoryLoader() looking at "/usr/bin/ntfsrecover"
"Failed to extract plugin meta data from '/usr/bin/ntfsrecover'" 
         not a plugin
QFactoryLoader::QFactoryLoader() looking at "/usr/bin/ntfssecaudit"
"Failed to extract plugin meta data from '/usr/bin/ntfssecaudit'" 
         not a plugin
QFactoryLoader::QFactoryLoader() looking at "/usr/bin/ntfstruncate"
"Failed to extract plugin meta data from '/usr/bin/ntfstruncate'" 
         not a plugin
QFactoryLoader::QFactoryLoader() looking at "/usr/bin/ntfsusermap"
"Failed to extract plugin meta data from '/usr/bin/ntfsusermap'" 
         not a plugin
QFactoryLoader::QFactoryLoader() looking at "/usr/bin/ntfswipe"
"Failed to extract plugin meta data from '/usr/bin/ntfswipe'" 
         not a plugin
QFactoryLoader::QFactoryLoader() looking at "/usr/bin/ntpdc"
"Failed to extract plugin meta data from '/usr/bin/ntpdc'" 
         not a plugin
QFactoryLoader::QFactoryLoader() looking at "/usr/bin/ntpq"
"Failed to extract plugin meta data from '/usr/bin/ntpq'" 
         not a plugin
QFactoryLoader::QFactoryLoader() looking at "/usr/bin/ntpsweep"
QElfParser: '/usr/bin/ntpsweep' is not an ELF object
"'/usr/bin/ntpsweep' is not an ELF object" 
         not a plugin
QFactoryLoader::QFactoryLoader() looking at "/usr/bin/ntptrace"
QElfParser: '/usr/bin/ntptrace' is not an ELF object
"'/usr/bin/ntptrace' is not an ELF object" 
         not a plugin
QFactoryLoader::QFactoryLoader() looking at "/usr/bin/numfmt"
"Failed to extract plugin meta data from '/usr/bin/numfmt'" 
         not a plugin
QFactoryLoader::QFactoryLoader() looking at "/usr/bin/numlockx"
"Failed to extract plugin meta data from '/usr/bin/numlockx'" 
         not a plugin
QFactoryLoader::QFactoryLoader() looking at "/usr/bin/nvidia-detector"
QElfParser: '/usr/bin/nvidia-detector' is not an ELF object
"'/usr/bin/nvidia-detector' is not an ELF object" 
         not a plugin
QFactoryLoader::QFactoryLoader() looking at "/usr/bin/oakdecode"
"Failed to extract plugin meta data from '/usr/bin/oakdecode'" 
         not a plugin
QFactoryLoader::QFactoryLoader() looking at "/usr/bin/obexctl"
"Failed to extract plugin meta data from '/usr/bin/obexctl'" 
         not a plugin
QFactoryLoader::QFactoryLoader() looking at "/usr/bin/oclock"
"Failed to extract plugin meta data from '/usr/bin/oclock'" 
         not a plugin
QFactoryLoader::QFactoryLoader() looking at "/usr/bin/ocspclnt"
"Failed to extract plugin meta data from '/usr/bin/ocspclnt'" 
         not a plugin
QFactoryLoader::QFactoryLoader() looking at "/usr/bin/od"
"Failed to extract plugin meta data from '/usr/bin/od'" 
         not a plugin
QFactoryLoader::QFactoryLoader() looking at "/usr/bin/odvicopy"
"Failed to extract plugin meta data from '/usr/bin/odvicopy'" 
         not a plugin
QFactoryLoader::QFactoryLoader() looking at "/usr/bin/odvitype"
"Failed to extract plugin meta data from '/usr/bin/odvitype'" 
         not a plugin
QFactoryLoader::QFactoryLoader() looking at "/usr/bin/oem-getlogs"
QElfParser: '/usr/bin/oem-getlogs' is not an ELF object
"'/usr/bin/oem-getlogs' is not an ELF object" 
         not a plugin
QFactoryLoader::QFactoryLoader() looking at "/usr/bin/ofm2opl"
"Failed to extract plugin meta data from '/usr/bin/omfonts'" 
         not a plugin
QFactoryLoader::QFactoryLoader() looking at "/usr/bin/omfonts"
"Failed to extract plugin meta data from '/usr/bin/omfonts'" 
         not a plugin
QFactoryLoader::QFactoryLoader() looking at "/usr/bin/on_ac_power"
QElfParser: '/usr/sbin/on_ac_power' is not an ELF object
"'/usr/sbin/on_ac_power' is not an ELF object" 
         not a plugin
QFactoryLoader::QFactoryLoader() looking at "/usr/bin/onboard"
QElfParser: '/usr/bin/onboard' is not an ELF object
"'/usr/bin/onboard' is not an ELF object" 
         not a plugin
QFactoryLoader::QFactoryLoader() looking at "/usr/bin/onboard-settings"
QElfParser: '/usr/bin/onboard-settings' is not an ELF object
"'/usr/bin/onboard-settings' is not an ELF object" 
         not a plugin
QFactoryLoader::QFactoryLoader() looking at "/usr/bin/open"
QElfParser: '/usr/bin/xdg-open' is not an ELF object
"'/usr/bin/xdg-open' is not an ELF object" 
         not a plugin
QFactoryLoader::QFactoryLoader() looking at "/usr/bin/openjade"
"Failed to extract plugin meta data from '/usr/bin/openjade-1.4devel'" 
         not a plugin
QFactoryLoader::QFactoryLoader() looking at "/usr/bin/openjade-1.4devel"
"Failed to extract plugin meta data from '/usr/bin/openjade-1.4devel'" 
         not a plugin
QFactoryLoader::QFactoryLoader() looking at "/usr/bin/openssl"
"Failed to extract plugin meta data from '/usr/bin/openssl'" 
         not a plugin
QFactoryLoader::QFactoryLoader() looking at "/usr/bin/openvt"
"Failed to extract plugin meta data from '/usr/bin/openvt'" 
         not a plugin
QFactoryLoader::QFactoryLoader() looking at "/usr/bin/opl2ofm"
"Failed to extract plugin meta data from '/usr/bin/omfonts'" 
         not a plugin
QFactoryLoader::QFactoryLoader() looking at "/usr/bin/opldecode"
"Failed to extract plugin meta data from '/usr/bin/opldecode'" 
         not a plugin
QFactoryLoader::QFactoryLoader() looking at "/usr/bin/optex"
"Failed to extract plugin meta data from '/usr/bin/luatex'" 
         not a plugin
QFactoryLoader::QFactoryLoader() looking at "/usr/bin/os-prober"
QElfParser: '/usr/bin/os-prober' is not an ELF object
"'/usr/bin/os-prober' is not an ELF object" 
         not a plugin
QFactoryLoader::QFactoryLoader() looking at "/usr/bin/osage"
"Failed to extract plugin meta data from '/usr/sbin/libgvc6-config-update'" 
         not a plugin
QFactoryLoader::QFactoryLoader() looking at "/usr/bin/ot2kpx"
QElfParser: '/usr/share/texlive/texmf-dist/scripts/fontools/ot2kpx' is not an ELF object
"'/usr/share/texlive/texmf-dist/scripts/fontools/ot2kpx' is not an ELF object" 
         not a plugin
QFactoryLoader::QFactoryLoader() looking at "/usr/bin/otangle"
"Failed to extract plugin meta data from '/usr/bin/otangle'" 
         not a plugin
QFactoryLoader::QFactoryLoader() looking at "/usr/bin/otfinfo"
"Failed to extract plugin meta data from '/usr/bin/otfinfo'" 
         not a plugin
QFactoryLoader::QFactoryLoader() looking at "/usr/bin/otftotfm"
"Failed to extract plugin meta data from '/usr/bin/otftotfm'" 
         not a plugin
QFactoryLoader::QFactoryLoader() looking at "/usr/bin/otp2ocp"
"Failed to extract plugin meta data from '/usr/bin/otp2ocp'" 
         not a plugin
QFactoryLoader::QFactoryLoader() looking at "/usr/bin/outocp"
"Failed to extract plugin meta data from '/usr/bin/outocp'" 
         not a plugin
QFactoryLoader::QFactoryLoader() looking at "/usr/bin/ovf2ovp"
"Failed to extract plugin meta data from '/usr/bin/omfonts'" 
         not a plugin
QFactoryLoader::QFactoryLoader() looking at "/usr/bin/ovp2ovf"
"Failed to extract plugin meta data from '/usr/bin/omfonts'" 
         not a plugin
QFactoryLoader::QFactoryLoader() looking at "/usr/bin/p11-kit"
"Failed to extract plugin meta data from '/usr/bin/p11-kit'" 
         not a plugin
QFactoryLoader::QFactoryLoader() looking at "/usr/bin/p7content"
"Failed to extract plugin meta data from '/usr/bin/p7content'" 
         not a plugin
QFactoryLoader::QFactoryLoader() looking at "/usr/bin/p7env"
"Failed to extract plugin meta data from '/usr/bin/p7env'" 
         not a plugin
QFactoryLoader::QFactoryLoader() looking at "/usr/bin/p7sign"
"Failed to extract plugin meta data from '/usr/bin/p7sign'" 
         not a plugin
QFactoryLoader::QFactoryLoader() looking at "/usr/bin/p7verify"
"Failed to extract plugin meta data from '/usr/bin/p7verify'" 
         not a plugin
QFactoryLoader::QFactoryLoader() looking at "/usr/bin/p7zip"
QElfParser: '/usr/bin/p7zip' is not an ELF object
"'/usr/bin/p7zip' is not an ELF object" 
         not a plugin
QFactoryLoader::QFactoryLoader() looking at "/usr/bin/pa-info"
QElfParser: '/usr/bin/pa-info' is not an ELF object
"'/usr/bin/pa-info' is not an ELF object" 
         not a plugin
QFactoryLoader::QFactoryLoader() looking at "/usr/bin/pacat"
"Failed to extract plugin meta data from '/usr/bin/pacat'" 
         not a plugin
QFactoryLoader::QFactoryLoader() looking at "/usr/bin/pacmd"
"Failed to extract plugin meta data from '/usr/bin/pacmd'" 
         not a plugin
QFactoryLoader::QFactoryLoader() looking at "/usr/bin/pactl"
"Failed to extract plugin meta data from '/usr/bin/pactl'" 
         not a plugin
QFactoryLoader::QFactoryLoader() looking at "/usr/bin/padsp"
QElfParser: '/usr/bin/padsp' is not an ELF object
"'/usr/bin/padsp' is not an ELF object" 
         not a plugin
QFactoryLoader::QFactoryLoader() looking at "/usr/bin/pager"
"Failed to extract plugin meta data from '/usr/bin/less'" 
         not a plugin
QFactoryLoader::QFactoryLoader() looking at "/usr/bin/palmtopnm"
"Failed to extract plugin meta data from '/usr/bin/palmtopnm'" 
         not a plugin
QFactoryLoader::QFactoryLoader() looking at "/usr/bin/pamcut"
"Failed to extract plugin meta data from '/usr/bin/pamcut'" 
         not a plugin
QFactoryLoader::QFactoryLoader() looking at "/usr/bin/pamdeinterlace"
"Failed to extract plugin meta data from '/usr/bin/pamdeinterlace'" 
         not a plugin
QFactoryLoader::QFactoryLoader() looking at "/usr/bin/pamdice"
"Failed to extract plugin meta data from '/usr/bin/pamdice'" 
         not a plugin
QFactoryLoader::QFactoryLoader() looking at "/usr/bin/pamfile"
"Failed to extract plugin meta data from '/usr/bin/pamfile'" 
         not a plugin
QFactoryLoader::QFactoryLoader() looking at "/usr/bin/pamoil"
"Failed to extract plugin meta data from '/usr/bin/pamoil'" 
         not a plugin
QFactoryLoader::QFactoryLoader() looking at "/usr/bin/pamon"
"Failed to extract plugin meta data from '/usr/bin/pacat'" 
         not a plugin
QFactoryLoader::QFactoryLoader() looking at "/usr/bin/pamphletangler"
QElfParser: '/usr/share/texlive/texmf-dist/scripts/clojure-pamphlet/pamphletangler' is not an ELF object
"'/usr/share/texlive/texmf-dist/scripts/clojure-pamphlet/pamphletangler' is not an ELF object" 
         not a plugin
QFactoryLoader::QFactoryLoader() looking at "/usr/bin/pamstack"
"Failed to extract plugin meta data from '/usr/bin/pamstack'" 
         not a plugin
QFactoryLoader::QFactoryLoader() looking at "/usr/bin/pamstretch"
"Failed to extract plugin meta data from '/usr/bin/pamstretch'" 
         not a plugin
QFactoryLoader::QFactoryLoader() looking at "/usr/bin/pamstretch-gen"
QElfParser: '/usr/bin/pamstretch-gen' is not an ELF object
"'/usr/bin/pamstretch-gen' is not an ELF object" 
         not a plugin
QFactoryLoader::QFactoryLoader() looking at "/usr/bin/paperconf"
"Failed to extract plugin meta data from '/usr/bin/paperconf'" 
         not a plugin
QFactoryLoader::QFactoryLoader() looking at "/usr/bin/paplay"
"Failed to extract plugin meta data from '/usr/bin/pacat'" 
         not a plugin
QFactoryLoader::QFactoryLoader() looking at "/usr/bin/parec"
"Failed to extract plugin meta data from '/usr/bin/pacat'" 
         not a plugin
QFactoryLoader::QFactoryLoader() looking at "/usr/bin/parecord"
"Failed to extract plugin meta data from '/usr/bin/pacat'" 
         not a plugin
QFactoryLoader::QFactoryLoader() looking at "/usr/bin/parole"
"Failed to extract plugin meta data from '/usr/bin/parole'" 
         not a plugin
QFactoryLoader::QFactoryLoader() looking at "/usr/bin/partx"
"Failed to extract plugin meta data from '/usr/bin/partx'" 
         not a plugin
QFactoryLoader::QFactoryLoader() looking at "/usr/bin/passwd"
"Failed to extract plugin meta data from '/usr/bin/passwd'" 
         not a plugin
QFactoryLoader::QFactoryLoader() looking at "/usr/bin/paste"
"Failed to extract plugin meta data from '/usr/bin/paste'" 
         not a plugin
QFactoryLoader::QFactoryLoader() looking at "/usr/bin/pastebinit"
QElfParser: '/usr/bin/pastebinit' is not an ELF object
"'/usr/bin/pastebinit' is not an ELF object" 
         not a plugin
QFactoryLoader::QFactoryLoader() looking at "/usr/bin/pasuspender"
"Failed to extract plugin meta data from '/usr/bin/pasuspender'" 
         not a plugin
QFactoryLoader::QFactoryLoader() looking at "/usr/bin/patch"
"Failed to extract plugin meta data from '/usr/bin/patch'" 
         not a plugin
QFactoryLoader::QFactoryLoader() looking at "/usr/bin/patchwork"
"Failed to extract plugin meta data from '/usr/sbin/libgvc6-config-update'" 
         not a plugin
QFactoryLoader::QFactoryLoader() looking at "/usr/bin/patgen"
"Failed to extract plugin meta data from '/usr/bin/patgen'" 
         not a plugin
QFactoryLoader::QFactoryLoader() looking at "/usr/bin/pathchk"
"Failed to extract plugin meta data from '/usr/bin/pathchk'" 
         not a plugin
QFactoryLoader::QFactoryLoader() looking at "/usr/bin/pavucontrol"
"Failed to extract plugin meta data from '/usr/bin/pavucontrol'" 
         not a plugin
QFactoryLoader::QFactoryLoader() looking at "/usr/bin/pax11publish"
"Failed to extract plugin meta data from '/usr/bin/pax11publish'" 
         not a plugin
QFactoryLoader::QFactoryLoader() looking at "/usr/bin/pbget"
QElfParser: '/usr/bin/pbput' is not an ELF object
"'/usr/bin/pbput' is not an ELF object" 
         not a plugin
QFactoryLoader::QFactoryLoader() looking at "/usr/bin/pbibtex"
"Failed to extract plugin meta data from '/usr/bin/pbibtex'" 
         not a plugin
QFactoryLoader::QFactoryLoader() looking at "/usr/bin/pbmclean"
"Failed to extract plugin meta data from '/usr/bin/pbmclean'" 
         not a plugin
QFactoryLoader::QFactoryLoader() looking at "/usr/bin/pbmlife"
"Failed to extract plugin meta data from '/usr/bin/pbmlife'" 
         not a plugin
QFactoryLoader::QFactoryLoader() looking at "/usr/bin/pbmmake"
"Failed to extract plugin meta data from '/usr/bin/pbmmake'" 
         not a plugin
QFactoryLoader::QFactoryLoader() looking at "/usr/bin/pbmmask"
"Failed to extract plugin meta data from '/usr/bin/pbmmask'" 
         not a plugin
QFactoryLoader::QFactoryLoader() looking at "/usr/bin/pbmpage"
"Failed to extract plugin meta data from '/usr/bin/pbmpage'" 
         not a plugin
QFactoryLoader::QFactoryLoader() looking at "/usr/bin/pbmpscale"
"Failed to extract plugin meta data from '/usr/bin/pbmpscale'" 
         not a plugin
QFactoryLoader::QFactoryLoader() looking at "/usr/bin/pbmreduce"
"Failed to extract plugin meta data from '/usr/bin/pbmreduce'" 
         not a plugin
QFactoryLoader::QFactoryLoader() looking at "/usr/bin/pbmtext"
"Failed to extract plugin meta data from '/usr/bin/pbmtext'" 
         not a plugin
QFactoryLoader::QFactoryLoader() looking at "/usr/bin/pbmtextps"
"Failed to extract plugin meta data from '/usr/bin/pbmtextps'" 
         not a plugin
QFactoryLoader::QFactoryLoader() looking at "/usr/bin/pbmto10x"
"Failed to extract plugin meta data from '/usr/bin/pbmto10x'" 
         not a plugin
QFactoryLoader::QFactoryLoader() looking at "/usr/bin/pbmtoascii"
"Failed to extract plugin meta data from '/usr/bin/pbmtoascii'" 
         not a plugin
QFactoryLoader::QFactoryLoader() looking at "/usr/bin/pbmtoatk"
"Failed to extract plugin meta data from '/usr/bin/pbmtoatk'" 
         not a plugin
QFactoryLoader::QFactoryLoader() looking at "/usr/bin/pbmtobbnbg"
"Failed to extract plugin meta data from '/usr/bin/pbmtobbnbg'" 
         not a plugin
QFactoryLoader::QFactoryLoader() looking at "/usr/bin/pbmtocmuwm"
"Failed to extract plugin meta data from '/usr/bin/pbmtocmuwm'" 
         not a plugin
QFactoryLoader::QFactoryLoader() looking at "/usr/bin/pbmtoepsi"
"Failed to extract plugin meta data from '/usr/bin/pbmtoepsi'" 
         not a plugin
QFactoryLoader::QFactoryLoader() looking at "/usr/bin/pbmtoepson"
"Failed to extract plugin meta data from '/usr/bin/pbmtoepson'" 
         not a plugin
QFactoryLoader::QFactoryLoader() looking at "/usr/bin/pbmtog3"
"Failed to extract plugin meta data from '/usr/bin/pbmtog3'" 
         not a plugin
QFactoryLoader::QFactoryLoader() looking at "/usr/bin/pbmtogem"
"Failed to extract plugin meta data from '/usr/bin/pbmtogem'" 
         not a plugin
QFactoryLoader::QFactoryLoader() looking at "/usr/bin/pbmtogo"
"Failed to extract plugin meta data from '/usr/bin/pbmtogo'" 
         not a plugin
QFactoryLoader::QFactoryLoader() looking at "/usr/bin/pbmtoicon"
"Failed to extract plugin meta data from '/usr/bin/pbmtoicon'" 
         not a plugin
QFactoryLoader::QFactoryLoader() looking at "/usr/bin/pbmtolj"
"Failed to extract plugin meta data from '/usr/bin/pbmtolj'" 
         not a plugin
QFactoryLoader::QFactoryLoader() looking at "/usr/bin/pbmtomacp"
"Failed to extract plugin meta data from '/usr/bin/pbmtomacp'" 
         not a plugin
QFactoryLoader::QFactoryLoader() looking at "/usr/bin/pbmtomda"
"Failed to extract plugin meta data from '/usr/bin/pbmtomda'" 
         not a plugin
QFactoryLoader::QFactoryLoader() looking at "/usr/bin/pbmtomgr"
"Failed to extract plugin meta data from '/usr/bin/pbmtomgr'" 
         not a plugin
QFactoryLoader::QFactoryLoader() looking at "/usr/bin/pbmtonokia"
"Failed to extract plugin meta data from '/usr/bin/pbmtonokia'" 
         not a plugin
QFactoryLoader::QFactoryLoader() looking at "/usr/bin/pbmtopgm"
"Failed to extract plugin meta data from '/usr/bin/pbmtopgm'" 
         not a plugin
QFactoryLoader::QFactoryLoader() looking at "/usr/bin/pbmtopi3"
"Failed to extract plugin meta data from '/usr/bin/pbmtopi3'" 
         not a plugin
QFactoryLoader::QFactoryLoader() looking at "/usr/bin/pbmtoplot"
"Failed to extract plugin meta data from '/usr/bin/pbmtoplot'" 
         not a plugin
QFactoryLoader::QFactoryLoader() looking at "/usr/bin/pbmtoppa"
"Failed to extract plugin meta data from '/usr/bin/pbmtoppa'" 
         not a plugin
QFactoryLoader::QFactoryLoader() looking at "/usr/bin/pbmtopsg3"
"Failed to extract plugin meta data from '/usr/bin/pbmtopsg3'" 
         not a plugin
QFactoryLoader::QFactoryLoader() looking at "/usr/bin/pbmtoptx"
"Failed to extract plugin meta data from '/usr/bin/pbmtoptx'" 
         not a plugin
QFactoryLoader::QFactoryLoader() looking at "/usr/bin/pbmtowbmp"
"Failed to extract plugin meta data from '/usr/bin/pbmtowbmp'" 
         not a plugin
QFactoryLoader::QFactoryLoader() looking at "/usr/bin/pbmtox10bm"
"Failed to extract plugin meta data from '/usr/bin/pbmtox10bm'" 
         not a plugin
QFactoryLoader::QFactoryLoader() looking at "/usr/bin/pbmtoxbm"
"Failed to extract plugin meta data from '/usr/bin/pbmtoxbm'" 
         not a plugin
QFactoryLoader::QFactoryLoader() looking at "/usr/bin/pbmtoybm"
"Failed to extract plugin meta data from '/usr/bin/pbmtoybm'" 
         not a plugin
QFactoryLoader::QFactoryLoader() looking at "/usr/bin/pbmtozinc"
"Failed to extract plugin meta data from '/usr/bin/pbmtozinc'" 
         not a plugin
QFactoryLoader::QFactoryLoader() looking at "/usr/bin/pbmupc"
"Failed to extract plugin meta data from '/usr/bin/pbmupc'" 
         not a plugin
QFactoryLoader::QFactoryLoader() looking at "/usr/bin/pbput"
QElfParser: '/usr/bin/pbput' is not an ELF object
"'/usr/bin/pbput' is not an ELF object" 
         not a plugin
QFactoryLoader::QFactoryLoader() looking at "/usr/bin/pbputs"
QElfParser: '/usr/bin/pbput' is not an ELF object
"'/usr/bin/pbput' is not an ELF object" 
         not a plugin
QFactoryLoader::QFactoryLoader() looking at "/usr/bin/pcxtoppm"
"Failed to extract plugin meta data from '/usr/bin/pcxtoppm'" 
         not a plugin
QFactoryLoader::QFactoryLoader() looking at "/usr/bin/pdb3"
QElfParser: '/usr/lib/python3.10/pdb.py' is not an ELF object
"'/usr/lib/python3.10/pdb.py' is not an ELF object" 
         not a plugin
QFactoryLoader::QFactoryLoader() looking at "/usr/bin/pdb3.10"
QElfParser: '/usr/lib/python3.10/pdb.py' is not an ELF object
"'/usr/lib/python3.10/pdb.py' is not an ELF object" 
         not a plugin
QFactoryLoader::QFactoryLoader() looking at "/usr/bin/pdb3.8"
QElfParser: '/usr/lib/python3.8/pdb.py' is not an ELF object
"'/usr/lib/python3.8/pdb.py' is not an ELF object" 
         not a plugin
QFactoryLoader::QFactoryLoader() looking at "/usr/bin/pdf2dsc"
QElfParser: '/usr/bin/pdf2dsc' is not an ELF object
"'/usr/bin/pdf2dsc' is not an ELF object" 
         not a plugin
QFactoryLoader::QFactoryLoader() looking at "/usr/bin/pdf2ps"
QElfParser: '/usr/bin/pdf2ps' is not an ELF object
"'/usr/bin/pdf2ps' is not an ELF object" 
         not a plugin
QFactoryLoader::QFactoryLoader() looking at "/usr/bin/pdfannotextractor"
QElfParser: '/usr/share/texlive/texmf-dist/scripts/pax/pdfannotextractor.pl' is not an ELF object
"'/usr/share/texlive/texmf-dist/scripts/pax/pdfannotextractor.pl' is not an ELF object" 
         not a plugin
QFactoryLoader::QFactoryLoader() looking at "/usr/bin/pdfatfi"
QElfParser: '/usr/share/texlive/texmf-dist/scripts/attachfile2/pdfatfi.pl' is not an ELF object
"'/usr/share/texlive/texmf-dist/scripts/attachfile2/pdfatfi.pl' is not an ELF object" 
         not a plugin
QFactoryLoader::QFactoryLoader() looking at "/usr/bin/pdfattach"
"Failed to extract plugin meta data from '/usr/bin/pdfattach'" 
         not a plugin
QFactoryLoader::QFactoryLoader() looking at "/usr/bin/pdfbook2"
QElfParser: '/usr/share/texlive/texmf-dist/scripts/pdfbook2/pdfbook2' is not an ELF object
"'/usr/share/texlive/texmf-dist/scripts/pdfbook2/pdfbook2' is not an ELF object" 
         not a plugin
QFactoryLoader::QFactoryLoader() looking at "/usr/bin/pdfclose"
"Failed to extract plugin meta data from '/usr/bin/pdfclose'" 
         not a plugin
QFactoryLoader::QFactoryLoader() looking at "/usr/bin/pdfcrop"
QElfParser: '/usr/share/texlive/texmf-dist/scripts/pdfcrop/pdfcrop.pl' is not an ELF object
"'/usr/share/texlive/texmf-dist/scripts/pdfcrop/pdfcrop.pl' is not an ELF object" 
         not a plugin
QFactoryLoader::QFactoryLoader() looking at "/usr/bin/pdfcslatex"
"Failed to extract plugin meta data from '/usr/bin/pdftex'" 
         not a plugin
QFactoryLoader::QFactoryLoader() looking at "/usr/bin/pdfcsplain"
"Failed to extract plugin meta data from '/usr/bin/pdftex'" 
         not a plugin
QFactoryLoader::QFactoryLoader() looking at "/usr/bin/pdfdetach"
"Failed to extract plugin meta data from '/usr/bin/pdfdetach'" 
         not a plugin
QFactoryLoader::QFactoryLoader() looking at "/usr/bin/pdfetex"
"Failed to extract plugin meta data from '/usr/bin/pdftex'" 
         not a plugin
QFactoryLoader::QFactoryLoader() looking at "/usr/bin/pdffonts"
"Failed to extract plugin meta data from '/usr/bin/pdffonts'" 
         not a plugin
QFactoryLoader::QFactoryLoader() looking at "/usr/bin/pdfimages"
"Failed to extract plugin meta data from '/usr/bin/pdfimages'" 
         not a plugin
QFactoryLoader::QFactoryLoader() looking at "/usr/bin/pdfinfo"
"Failed to extract plugin meta data from '/usr/bin/pdfinfo'" 
         not a plugin
QFactoryLoader::QFactoryLoader() looking at "/usr/bin/pdfjadetex"
"Failed to extract plugin meta data from '/usr/bin/pdftex'" 
         not a plugin
QFactoryLoader::QFactoryLoader() looking at "/usr/bin/pdfjam"
QElfParser: '/usr/share/texlive/texmf-dist/scripts/pdfjam/pdfjam' is not an ELF object
"'/usr/share/texlive/texmf-dist/scripts/pdfjam/pdfjam' is not an ELF object" 
         not a plugin
QFactoryLoader::QFactoryLoader() looking at "/usr/bin/pdflatex"
"Failed to extract plugin meta data from '/usr/bin/pdftex'" 
         not a plugin
QFactoryLoader::QFactoryLoader() looking at "/usr/bin/pdflatex-dev"
"Failed to extract plugin meta data from '/usr/bin/pdftex'" 
         not a plugin
QFactoryLoader::QFactoryLoader() looking at "/usr/bin/pdflatexpicscale"
QElfParser: '/usr/share/texlive/texmf-dist/scripts/pdflatexpicscale/pdflatexpicscale.pl' is not an ELF object
"'/usr/share/texlive/texmf-dist/scripts/pdflatexpicscale/pdflatexpicscale.pl' is not an ELF object" 
         not a plugin
QFactoryLoader::QFactoryLoader() looking at "/usr/bin/pdfmex"
"Failed to extract plugin meta data from '/usr/bin/pdftex'" 
         not a plugin
QFactoryLoader::QFactoryLoader() looking at "/usr/bin/pdfopen"
"Failed to extract plugin meta data from '/usr/bin/pdfopen'" 
         not a plugin
QFactoryLoader::QFactoryLoader() looking at "/usr/bin/pdfseparate"
"Failed to extract plugin meta data from '/usr/bin/pdfseparate'" 
         not a plugin
QFactoryLoader::QFactoryLoader() looking at "/usr/bin/pdfsig"
"Failed to extract plugin meta data from '/usr/bin/pdfsig'" 
         not a plugin
QFactoryLoader::QFactoryLoader() looking at "/usr/bin/pdftex"
"Failed to extract plugin meta data from '/usr/bin/pdftex'" 
         not a plugin
QFactoryLoader::QFactoryLoader() looking at "/usr/bin/pdftex-quiet"
QElfParser: '/usr/share/texlive/texmf-dist/scripts/pdftex-quiet/pdftex-quiet' is not an ELF object
"'/usr/share/texlive/texmf-dist/scripts/pdftex-quiet/pdftex-quiet' is not an ELF object" 
         not a plugin
QFactoryLoader::QFactoryLoader() looking at "/usr/bin/pdftexi2dvi"
QElfParser: '/usr/bin/pdftexi2dvi' is not an ELF object
"'/usr/bin/pdftexi2dvi' is not an ELF object" 
         not a plugin
QFactoryLoader::QFactoryLoader() looking at "/usr/bin/pdftocairo"
"Failed to extract plugin meta data from '/usr/bin/pdftocairo'" 
         not a plugin
QFactoryLoader::QFactoryLoader() looking at "/usr/bin/pdftohtml"
"Failed to extract plugin meta data from '/usr/bin/pdftohtml'" 
         not a plugin
QFactoryLoader::QFactoryLoader() looking at "/usr/bin/pdftoppm"
"Failed to extract plugin meta data from '/usr/bin/pdftoppm'" 
         not a plugin
QFactoryLoader::QFactoryLoader() looking at "/usr/bin/pdftops"
"Failed to extract plugin meta data from '/usr/bin/pdftops'" 
         not a plugin
QFactoryLoader::QFactoryLoader() looking at "/usr/bin/pdftosrc"
"Failed to extract plugin meta data from '/usr/bin/pdftosrc'" 
         not a plugin
QFactoryLoader::QFactoryLoader() looking at "/usr/bin/pdftotext"
"Failed to extract plugin meta data from '/usr/bin/pdftotext'" 
         not a plugin
QFactoryLoader::QFactoryLoader() looking at "/usr/bin/pdftrimwhite"
QElfParser: '/usr/bin/pdftrimwhite' is not an ELF object (file too small)
"'/usr/bin/pdftrimwhite' is not an ELF object (file too small)" 
         not a plugin
QFactoryLoader::QFactoryLoader() looking at "/usr/bin/pdfunite"
"Failed to extract plugin meta data from '/usr/bin/pdfunite'" 
         not a plugin
QFactoryLoader::QFactoryLoader() looking at "/usr/bin/pdfxmltex"
"Failed to extract plugin meta data from '/usr/bin/pdftex'" 
         not a plugin
QFactoryLoader::QFactoryLoader() looking at "/usr/bin/pdfxup"
QElfParser: '/usr/share/texlive/texmf-dist/scripts/pdfxup/pdfxup' is not an ELF object
"'/usr/share/texlive/texmf-dist/scripts/pdfxup/pdfxup' is not an ELF object" 
         not a plugin
QFactoryLoader::QFactoryLoader() looking at "/usr/bin/pdvitomp"
"Failed to extract plugin meta data from '/usr/bin/pmpost'" 
         not a plugin
QFactoryLoader::QFactoryLoader() looking at "/usr/bin/pdvitype"
"Failed to extract plugin meta data from '/usr/bin/pdvitype'" 
         not a plugin
QFactoryLoader::QFactoryLoader() looking at "/usr/bin/pedigree"
QElfParser: '/usr/share/texlive/texmf-dist/scripts/pedigree-perl/pedigree.pl' is not an ELF object
"'/usr/share/texlive/texmf-dist/scripts/pedigree-perl/pedigree.pl' is not an ELF object" 
         not a plugin
QFactoryLoader::QFactoryLoader() looking at "/usr/bin/peekfd"
"Failed to extract plugin meta data from '/usr/bin/peekfd'" 
         not a plugin
QFactoryLoader::QFactoryLoader() looking at "/usr/bin/perf"
QElfParser: '/usr/bin/perf' is not an ELF object
"'/usr/bin/perf' is not an ELF object" 
         not a plugin
QFactoryLoader::QFactoryLoader() looking at "/usr/bin/perl"
"Failed to extract plugin meta data from '/usr/bin/perl'" 
         not a plugin
QFactoryLoader::QFactoryLoader() looking at "/usr/bin/perl5.34-x86_64-linux-gnu"
"Failed to extract plugin meta data from '/usr/bin/perl5.34-x86_64-linux-gnu'" 
         not a plugin
QFactoryLoader::QFactoryLoader() looking at "/usr/bin/perl5.34.0"
"Failed to extract plugin meta data from '/usr/bin/perl5.34.0'" 
         not a plugin
QFactoryLoader::QFactoryLoader() looking at "/usr/bin/perlbug"
QElfParser: '/usr/bin/perlbug' is not an ELF object
"'/usr/bin/perlbug' is not an ELF object" 
         not a plugin
QFactoryLoader::QFactoryLoader() looking at "/usr/bin/perldoc"
QElfParser: '/usr/bin/perldoc' is not an ELF object
"'/usr/bin/perldoc' is not an ELF object" 
         not a plugin
QFactoryLoader::QFactoryLoader() looking at "/usr/bin/perli11ndoc"
QElfParser: '/usr/bin/perli11ndoc' is not an ELF object
"'/usr/bin/perli11ndoc' is not an ELF object" 
         not a plugin
QFactoryLoader::QFactoryLoader() looking at "/usr/bin/perlivp"
QElfParser: '/usr/bin/perlivp' is not an ELF object
"'/usr/bin/perlivp' is not an ELF object" 
         not a plugin
QFactoryLoader::QFactoryLoader() looking at "/usr/bin/perltex"
QElfParser: '/usr/share/texlive/texmf-dist/scripts/perltex/perltex.pl' is not an ELF object
"'/usr/share/texlive/texmf-dist/scripts/perltex/perltex.pl' is not an ELF object" 
         not a plugin
QFactoryLoader::QFactoryLoader() looking at "/usr/bin/perlthanks"
QElfParser: '/usr/bin/perlthanks' is not an ELF object
"'/usr/bin/perlthanks' is not an ELF object" 
         not a plugin
QFactoryLoader::QFactoryLoader() looking at "/usr/bin/pf2afm"
QElfParser: '/usr/bin/pf2afm' is not an ELF object
"'/usr/bin/pf2afm' is not an ELF object" 
         not a plugin
QFactoryLoader::QFactoryLoader() looking at "/usr/bin/pfarrei"
QElfParser: '/usr/share/texlive/texmf-dist/scripts/pfarrei/pfarrei.tlu' is not an ELF object
"'/usr/share/texlive/texmf-dist/scripts/pfarrei/pfarrei.tlu' is not an ELF object" 
         not a plugin
QFactoryLoader::QFactoryLoader() looking at "/usr/bin/pfb2pfa"
"Failed to extract plugin meta data from '/usr/bin/pfb2pfa'" 
         not a plugin
QFactoryLoader::QFactoryLoader() looking at "/usr/bin/pfb2t1c"
"Failed to extract plugin meta data from '/usr/bin/pfb2t1c'" 
         not a plugin
QFactoryLoader::QFactoryLoader() looking at "/usr/bin/pfbtopfa"
QElfParser: '/usr/bin/pfbtopfa' is not an ELF object
"'/usr/bin/pfbtopfa' is not an ELF object" 
         not a plugin
QFactoryLoader::QFactoryLoader() looking at "/usr/bin/pgmbentley"
"Failed to extract plugin meta data from '/usr/bin/pgmbentley'" 
         not a plugin
QFactoryLoader::QFactoryLoader() looking at "/usr/bin/pgmcrater"
"Failed to extract plugin meta data from '/usr/bin/pgmcrater'" 
         not a plugin
QFactoryLoader::QFactoryLoader() looking at "/usr/bin/pgmedge"
"Failed to extract plugin meta data from '/usr/bin/pgmedge'" 
         not a plugin
QFactoryLoader::QFactoryLoader() looking at "/usr/bin/pgmenhance"
"Failed to extract plugin meta data from '/usr/bin/pgmenhance'" 
         not a plugin
QFactoryLoader::QFactoryLoader() looking at "/usr/bin/pgmhist"
"Failed to extract plugin meta data from '/usr/bin/pgmhist'" 
         not a plugin
QFactoryLoader::QFactoryLoader() looking at "/usr/bin/pgmkernel"
"Failed to extract plugin meta data from '/usr/bin/pgmkernel'" 
         not a plugin
QFactoryLoader::QFactoryLoader() looking at "/usr/bin/pgmnoise"
"Failed to extract plugin meta data from '/usr/bin/pgmnoise'" 
         not a plugin
QFactoryLoader::QFactoryLoader() looking at "/usr/bin/pgmnorm"
"Failed to extract plugin meta data from '/usr/bin/pnmnorm'" 
         not a plugin
QFactoryLoader::QFactoryLoader() looking at "/usr/bin/pgmoil"
"Failed to extract plugin meta data from '/usr/bin/pamoil'" 
         not a plugin
QFactoryLoader::QFactoryLoader() looking at "/usr/bin/pgmramp"
"Failed to extract plugin meta data from '/usr/bin/pgmramp'" 
         not a plugin
QFactoryLoader::QFactoryLoader() looking at "/usr/bin/pgmslice"
"Failed to extract plugin meta data from '/usr/bin/pgmslice'" 
         not a plugin
QFactoryLoader::QFactoryLoader() looking at "/usr/bin/pgmtexture"
"Failed to extract plugin meta data from '/usr/bin/pgmtexture'" 
         not a plugin
QFactoryLoader::QFactoryLoader() looking at "/usr/bin/pgmtofs"
"Failed to extract plugin meta data from '/usr/bin/pgmtofs'" 
         not a plugin
QFactoryLoader::QFactoryLoader() looking at "/usr/bin/pgmtolispm"
"Failed to extract plugin meta data from '/usr/bin/pgmtolispm'" 
         not a plugin
QFactoryLoader::QFactoryLoader() looking at "/usr/bin/pgmtopbm"
"Failed to extract plugin meta data from '/usr/bin/pgmtopbm'" 
         not a plugin
QFactoryLoader::QFactoryLoader() looking at "/usr/bin/pgmtoppm"
"Failed to extract plugin meta data from '/usr/bin/pgmtoppm'" 
         not a plugin
QFactoryLoader::QFactoryLoader() looking at "/usr/bin/pgrep"
"Failed to extract plugin meta data from '/usr/bin/pgrep'" 
         not a plugin
QFactoryLoader::QFactoryLoader() looking at "/usr/bin/pi1toppm"
"Failed to extract plugin meta data from '/usr/bin/pi1toppm'" 
         not a plugin
QFactoryLoader::QFactoryLoader() looking at "/usr/bin/pi3topbm"
"Failed to extract plugin meta data from '/usr/bin/pi3topbm'" 
         not a plugin
QFactoryLoader::QFactoryLoader() looking at "/usr/bin/pic"
"Failed to extract plugin meta data from '/usr/bin/pic'" 
         not a plugin
QFactoryLoader::QFactoryLoader() looking at "/usr/bin/pico"
"Failed to extract plugin meta data from '/usr/bin/nano'" 
         not a plugin
QFactoryLoader::QFactoryLoader() looking at "/usr/bin/piconv"
QElfParser: '/usr/bin/piconv' is not an ELF object
"'/usr/bin/piconv' is not an ELF object" 
         not a plugin
QFactoryLoader::QFactoryLoader() looking at "/usr/bin/pidof"
"Failed to extract plugin meta data from '/usr/sbin/killall5'" 
         not a plugin
QFactoryLoader::QFactoryLoader() looking at "/usr/bin/pidwait"
"Failed to extract plugin meta data from '/usr/bin/pidwait'" 
         not a plugin
QFactoryLoader::QFactoryLoader() looking at "/usr/bin/pinentry"
"Failed to extract plugin meta data from '/usr/bin/pinentry-gnome3'" 
         not a plugin
QFactoryLoader::QFactoryLoader() looking at "/usr/bin/pinentry-gnome3"
"Failed to extract plugin meta data from '/usr/bin/pinentry-gnome3'" 
         not a plugin
QFactoryLoader::QFactoryLoader() looking at "/usr/bin/pinentry-gtk-2"
"Failed to extract plugin meta data from '/usr/bin/pinentry-gtk-2'" 
         not a plugin
QFactoryLoader::QFactoryLoader() looking at "/usr/bin/pinentry-x11"
"Failed to extract plugin meta data from '/usr/bin/pinentry-gnome3'" 
         not a plugin
QFactoryLoader::QFactoryLoader() looking at "/usr/bin/ping"
"Failed to extract plugin meta data from '/usr/bin/ping'" 
         not a plugin
QFactoryLoader::QFactoryLoader() looking at "/usr/bin/ping4"
"Failed to extract plugin meta data from '/usr/bin/ping'" 
         not a plugin
QFactoryLoader::QFactoryLoader() looking at "/usr/bin/ping6"
"Failed to extract plugin meta data from '/usr/bin/ping'" 
         not a plugin
QFactoryLoader::QFactoryLoader() looking at "/usr/bin/pinky"
"Failed to extract plugin meta data from '/usr/bin/pinky'" 
         not a plugin
QFactoryLoader::QFactoryLoader() looking at "/usr/bin/pipewire"
"Failed to extract plugin meta data from '/usr/bin/pipewire'" 
         not a plugin
QFactoryLoader::QFactoryLoader() looking at "/usr/bin/pipewire-media-session"
"Failed to extract plugin meta data from '/usr/bin/pipewire-media-session'" 
         not a plugin
QFactoryLoader::QFactoryLoader() looking at "/usr/bin/pjtoppm"
"Failed to extract plugin meta data from '/usr/bin/pjtoppm'" 
         not a plugin
QFactoryLoader::QFactoryLoader() looking at "/usr/bin/pk12util"
"Failed to extract plugin meta data from '/usr/bin/pk12util'" 
         not a plugin
QFactoryLoader::QFactoryLoader() looking at "/usr/bin/pk1sign"
"Failed to extract plugin meta data from '/usr/bin/pk1sign'" 
         not a plugin
QFactoryLoader::QFactoryLoader() looking at "/usr/bin/pk2bm"
"Failed to extract plugin meta data from '/usr/bin/pk2bm'" 
         not a plugin
QFactoryLoader::QFactoryLoader() looking at "/usr/bin/pkaction"
"Failed to extract plugin meta data from '/usr/bin/pkaction'" 
         not a plugin
QFactoryLoader::QFactoryLoader() looking at "/usr/bin/pkcheck"
"Failed to extract plugin meta data from '/usr/bin/pkcheck'" 
         not a plugin
QFactoryLoader::QFactoryLoader() looking at "/usr/bin/pkcon"
"Failed to extract plugin meta data from '/usr/bin/pkcon'" 
         not a plugin
QFactoryLoader::QFactoryLoader() looking at "/usr/bin/pkexec"
"Failed to extract plugin meta data from '/usr/bin/pkexec'" 
         not a plugin
QFactoryLoader::QFactoryLoader() looking at "/usr/bin/pkfix"
QElfParser: '/usr/share/texlive/texmf-dist/scripts/pkfix/pkfix.pl' is not an ELF object
"'/usr/share/texlive/texmf-dist/scripts/pkfix/pkfix.pl' is not an ELF object" 
         not a plugin
QFactoryLoader::QFactoryLoader() looking at "/usr/bin/pkfix-helper"
QElfParser: '/usr/share/texlive/texmf-dist/scripts/pkfix-helper/pkfix-helper' is not an ELF object
"'/usr/share/texlive/texmf-dist/scripts/pkfix-helper/pkfix-helper' is not an ELF object" 
         not a plugin
QFactoryLoader::QFactoryLoader() looking at "/usr/bin/pkill"
"Failed to extract plugin meta data from '/usr/bin/pgrep'" 
         not a plugin
QFactoryLoader::QFactoryLoader() looking at "/usr/bin/pkmon"
"Failed to extract plugin meta data from '/usr/bin/pkmon'" 
         not a plugin
QFactoryLoader::QFactoryLoader() looking at "/usr/bin/pktogf"
"Failed to extract plugin meta data from '/usr/bin/pktogf'" 
         not a plugin
QFactoryLoader::QFactoryLoader() looking at "/usr/bin/pkttyagent"
"Failed to extract plugin meta data from '/usr/bin/pkttyagent'" 
         not a plugin
QFactoryLoader::QFactoryLoader() looking at "/usr/bin/pktype"
"Failed to extract plugin meta data from '/usr/bin/pktype'" 
         not a plugin
QFactoryLoader::QFactoryLoader() looking at "/usr/bin/pl2pm"
QElfParser: '/usr/bin/pl2pm' is not an ELF object
"'/usr/bin/pl2pm' is not an ELF object" 
         not a plugin
QFactoryLoader::QFactoryLoader() looking at "/usr/bin/plasmapkg2"
"Failed to extract plugin meta data from '/usr/bin/plasmapkg2'" 
         not a plugin
QFactoryLoader::QFactoryLoader() looking at "/usr/bin/platex"
"Failed to extract plugin meta data from '/usr/bin/eptex'" 
         not a plugin
QFactoryLoader::QFactoryLoader() looking at "/usr/bin/platex-dev"
"Failed to extract plugin meta data from '/usr/bin/eptex'" 
         not a plugin
QFactoryLoader::QFactoryLoader() looking at "/usr/bin/pldd"
"Failed to extract plugin meta data from '/usr/bin/pldd'" 
         not a plugin
QFactoryLoader::QFactoryLoader() looking at "/usr/bin/plocate"
"Failed to extract plugin meta data from '/usr/bin/plocate'" 
         not a plugin
QFactoryLoader::QFactoryLoader() looking at "/usr/bin/plog"
QElfParser: '/usr/bin/plog' is not an ELF object
"'/usr/bin/plog' is not an ELF object" 
         not a plugin
QFactoryLoader::QFactoryLoader() looking at "/usr/bin/pltotf"
"Failed to extract plugin meta data from '/usr/bin/pltotf'" 
         not a plugin
QFactoryLoader::QFactoryLoader() looking at "/usr/bin/plymouth"
"Failed to extract plugin meta data from '/usr/bin/plymouth'" 
         not a plugin
QFactoryLoader::QFactoryLoader() looking at "/usr/bin/pmap"
"Failed to extract plugin meta data from '/usr/bin/pmap'" 
         not a plugin
QFactoryLoader::QFactoryLoader() looking at "/usr/bin/pmpost"
"Failed to extract plugin meta data from '/usr/bin/pmpost'" 
         not a plugin
QFactoryLoader::QFactoryLoader() looking at "/usr/bin/pmxab"
"Failed to extract plugin meta data from '/usr/bin/pmxab'" 
         not a plugin
QFactoryLoader::QFactoryLoader() looking at "/usr/bin/pmxchords"
QElfParser: '/usr/share/texlive/texmf-dist/scripts/pmxchords/pmxchords.lua' is not an ELF object
"'/usr/share/texlive/texmf-dist/scripts/pmxchords/pmxchords.lua' is not an ELF object" 
         not a plugin
QFactoryLoader::QFactoryLoader() looking at "/usr/bin/pn2pdf"
QElfParser: '/usr/share/texlive/texmf-dist/scripts/petri-nets/pn2pdf' is not an ELF object
"'/usr/share/texlive/texmf-dist/scripts/petri-nets/pn2pdf' is not an ELF object" 
         not a plugin
QFactoryLoader::QFactoryLoader() looking at "/usr/bin/pngtopnm"
"Failed to extract plugin meta data from '/usr/bin/pngtopnm'" 
         not a plugin
QFactoryLoader::QFactoryLoader() looking at "/usr/bin/pnm2ppa"
"Failed to extract plugin meta data from '/usr/bin/pnm2ppa'" 
         not a plugin
QFactoryLoader::QFactoryLoader() looking at "/usr/bin/pnmalias"
"Failed to extract plugin meta data from '/usr/bin/pnmalias'" 
         not a plugin
QFactoryLoader::QFactoryLoader() looking at "/usr/bin/pnmarith"
"Failed to extract plugin meta data from '/usr/bin/pnmarith'" 
         not a plugin
QFactoryLoader::QFactoryLoader() looking at "/usr/bin/pnmcat"
"Failed to extract plugin meta data from '/usr/bin/pnmcat'" 
         not a plugin
QFactoryLoader::QFactoryLoader() looking at "/usr/bin/pnmcolormap"
"Failed to extract plugin meta data from '/usr/bin/pnmcolormap'" 
         not a plugin
QFactoryLoader::QFactoryLoader() looking at "/usr/bin/pnmcomp"
"Failed to extract plugin meta data from '/usr/bin/pnmcomp'" 
         not a plugin
QFactoryLoader::QFactoryLoader() looking at "/usr/bin/pnmconvol"
"Failed to extract plugin meta data from '/usr/bin/pnmconvol'" 
         not a plugin
QFactoryLoader::QFactoryLoader() looking at "/usr/bin/pnmcrop"
"Failed to extract plugin meta data from '/usr/bin/pnmcrop'" 
         not a plugin
QFactoryLoader::QFactoryLoader() looking at "/usr/bin/pnmcut"
"Failed to extract plugin meta data from '/usr/bin/pnmcut'" 
         not a plugin
QFactoryLoader::QFactoryLoader() looking at "/usr/bin/pnmdepth"
"Failed to extract plugin meta data from '/usr/bin/pnmdepth'" 
         not a plugin
QFactoryLoader::QFactoryLoader() looking at "/usr/bin/pnmenlarge"
"Failed to extract plugin meta data from '/usr/bin/pnmenlarge'" 
         not a plugin
QFactoryLoader::QFactoryLoader() looking at "/usr/bin/pnmfile"
"Failed to extract plugin meta data from '/usr/bin/pnmfile'" 
         not a plugin
QFactoryLoader::QFactoryLoader() looking at "/usr/bin/pnmflip"
"Failed to extract plugin meta data from '/usr/bin/pnmflip'" 
         not a plugin
QFactoryLoader::QFactoryLoader() looking at "/usr/bin/pnmgamma"
"Failed to extract plugin meta data from '/usr/bin/pnmgamma'" 
         not a plugin
QFactoryLoader::QFactoryLoader() looking at "/usr/bin/pnmhisteq"
"Failed to extract plugin meta data from '/usr/bin/pnmhisteq'" 
         not a plugin
QFactoryLoader::QFactoryLoader() looking at "/usr/bin/pnmhistmap"
"Failed to extract plugin meta data from '/usr/bin/pnmhistmap'" 
         not a plugin
QFactoryLoader::QFactoryLoader() looking at "/usr/bin/pnmindex"
QElfParser: '/usr/bin/pnmindex' is not an ELF object
"'/usr/bin/pnmindex' is not an ELF object" 
         not a plugin
QFactoryLoader::QFactoryLoader() looking at "/usr/bin/pnminterp"
"Failed to extract plugin meta data from '/usr/bin/pamstretch'" 
         not a plugin
QFactoryLoader::QFactoryLoader() looking at "/usr/bin/pnminterp-gen"
QElfParser: '/usr/bin/pamstretch-gen' is not an ELF object
"'/usr/bin/pamstretch-gen' is not an ELF object" 
         not a plugin
QFactoryLoader::QFactoryLoader() looking at "/usr/bin/pnminvert"
"Failed to extract plugin meta data from '/usr/bin/pnminvert'" 
         not a plugin
QFactoryLoader::QFactoryLoader() looking at "/usr/bin/pnmmargin"
QElfParser: '/usr/bin/pnmmargin' is not an ELF object
"'/usr/bin/pnmmargin' is not an ELF object" 
         not a plugin
QFactoryLoader::QFactoryLoader() looking at "/usr/bin/pnmmontage"
"Failed to extract plugin meta data from '/usr/bin/pnmmontage'" 
         not a plugin
QFactoryLoader::QFactoryLoader() looking at "/usr/bin/pnmnlfilt"
"Failed to extract plugin meta data from '/usr/bin/pnmnlfilt'" 
         not a plugin
QFactoryLoader::QFactoryLoader() looking at "/usr/bin/pnmnoraw"
"Failed to extract plugin meta data from '/usr/bin/pnmtoplainpnm'" 
         not a plugin
QFactoryLoader::QFactoryLoader() looking at "/usr/bin/pnmnorm"
"Failed to extract plugin meta data from '/usr/bin/pnmnorm'" 
         not a plugin
QFactoryLoader::QFactoryLoader() looking at "/usr/bin/pnmpad"
"Failed to extract plugin meta data from '/usr/bin/pnmpad'" 
         not a plugin
QFactoryLoader::QFactoryLoader() looking at "/usr/bin/pnmpaste"
"Failed to extract plugin meta data from '/usr/bin/pnmpaste'" 
         not a plugin
QFactoryLoader::QFactoryLoader() looking at "/usr/bin/pnmpsnr"
"Failed to extract plugin meta data from '/usr/bin/pnmpsnr'" 
         not a plugin
QFactoryLoader::QFactoryLoader() looking at "/usr/bin/pnmquant"
QElfParser: '/usr/bin/pnmquant' is not an ELF object
"'/usr/bin/pnmquant' is not an ELF object" 
         not a plugin
QFactoryLoader::QFactoryLoader() looking at "/usr/bin/pnmremap"
"Failed to extract plugin meta data from '/usr/bin/pnmremap'" 
         not a plugin
QFactoryLoader::QFactoryLoader() looking at "/usr/bin/pnmrotate"
"Failed to extract plugin meta data from '/usr/bin/pnmrotate'" 
         not a plugin
QFactoryLoader::QFactoryLoader() looking at "/usr/bin/pnmscale"
"Failed to extract plugin meta data from '/usr/bin/pnmscale'" 
         not a plugin
QFactoryLoader::QFactoryLoader() looking at "/usr/bin/pnmscalefixed"
"Failed to extract plugin meta data from '/usr/bin/pnmscalefixed'" 
         not a plugin
QFactoryLoader::QFactoryLoader() looking at "/usr/bin/pnmshear"
"Failed to extract plugin meta data from '/usr/bin/pnmshear'" 
         not a plugin
QFactoryLoader::QFactoryLoader() looking at "/usr/bin/pnmsmooth"
"Failed to extract plugin meta data from '/usr/bin/pnmsmooth'" 
         not a plugin
QFactoryLoader::QFactoryLoader() looking at "/usr/bin/pnmsplit"
"Failed to extract plugin meta data from '/usr/bin/pnmsplit'" 
         not a plugin
QFactoryLoader::QFactoryLoader() looking at "/usr/bin/pnmtile"
"Failed to extract plugin meta data from '/usr/bin/pnmtile'" 
         not a plugin
QFactoryLoader::QFactoryLoader() looking at "/usr/bin/pnmtoddif"
"Failed to extract plugin meta data from '/usr/bin/pnmtoddif'" 
         not a plugin
QFactoryLoader::QFactoryLoader() looking at "/usr/bin/pnmtofiasco"
"Failed to extract plugin meta data from '/usr/bin/pnmtofiasco'" 
         not a plugin
QFactoryLoader::QFactoryLoader() looking at "/usr/bin/pnmtofits"
"Failed to extract plugin meta data from '/usr/bin/pnmtofits'" 
         not a plugin
QFactoryLoader::QFactoryLoader() looking at "/usr/bin/pnmtojpeg"
"Failed to extract plugin meta data from '/usr/bin/pnmtojpeg'" 
         not a plugin
QFactoryLoader::QFactoryLoader() looking at "/usr/bin/pnmtopalm"
"Failed to extract plugin meta data from '/usr/bin/pnmtopalm'" 
         not a plugin
QFactoryLoader::QFactoryLoader() looking at "/usr/bin/pnmtoplainpnm"
"Failed to extract plugin meta data from '/usr/bin/pnmtoplainpnm'" 
         not a plugin
QFactoryLoader::QFactoryLoader() looking at "/usr/bin/pnmtopng"
"Failed to extract plugin meta data from '/usr/bin/pnmtopng'" 
         not a plugin
QFactoryLoader::QFactoryLoader() looking at "/usr/bin/pnmtops"
"Failed to extract plugin meta data from '/usr/bin/pnmtops'" 
         not a plugin
QFactoryLoader::QFactoryLoader() looking at "/usr/bin/pnmtorast"
"Failed to extract plugin meta data from '/usr/bin/pnmtorast'" 
         not a plugin
QFactoryLoader::QFactoryLoader() looking at "/usr/bin/pnmtorle"
"Failed to extract plugin meta data from '/usr/bin/pnmtorle'" 
         not a plugin
QFactoryLoader::QFactoryLoader() looking at "/usr/bin/pnmtosgi"
"Failed to extract plugin meta data from '/usr/bin/pnmtosgi'" 
         not a plugin
QFactoryLoader::QFactoryLoader() looking at "/usr/bin/pnmtosir"
"Failed to extract plugin meta data from '/usr/bin/pnmtosir'" 
         not a plugin
QFactoryLoader::QFactoryLoader() looking at "/usr/bin/pnmtotiff"
"Failed to extract plugin meta data from '/usr/bin/pnmtotiff'" 
         not a plugin
QFactoryLoader::QFactoryLoader() looking at "/usr/bin/pnmtotiffcmyk"
"Failed to extract plugin meta data from '/usr/bin/pnmtotiffcmyk'" 
         not a plugin
QFactoryLoader::QFactoryLoader() looking at "/usr/bin/pnmtoxwd"
"Failed to extract plugin meta data from '/usr/bin/pnmtoxwd'" 
         not a plugin
QFactoryLoader::QFactoryLoader() looking at "/usr/bin/pod2html"
QElfParser: '/usr/bin/pod2html' is not an ELF object
"'/usr/bin/pod2html' is not an ELF object" 
         not a plugin
QFactoryLoader::QFactoryLoader() looking at "/usr/bin/pod2man"
QElfParser: '/usr/bin/pod2man' is not an ELF object
"'/usr/bin/pod2man' is not an ELF object" 
         not a plugin
QFactoryLoader::QFactoryLoader() looking at "/usr/bin/pod2texi"
QElfParser: '/usr/bin/pod2texi' is not an ELF object
"'/usr/bin/pod2texi' is not an ELF object" 
         not a plugin
QFactoryLoader::QFactoryLoader() looking at "/usr/bin/pod2text"
QElfParser: '/usr/bin/pod2text' is not an ELF object
"'/usr/bin/pod2text' is not an ELF object" 
         not a plugin
QFactoryLoader::QFactoryLoader() looking at "/usr/bin/pod2usage"
QElfParser: '/usr/bin/pod2usage' is not an ELF object
"'/usr/bin/pod2usage' is not an ELF object" 
         not a plugin
QFactoryLoader::QFactoryLoader() looking at "/usr/bin/podchecker"
QElfParser: '/usr/bin/podchecker' is not an ELF object
"'/usr/bin/podchecker' is not an ELF object" 
         not a plugin
QFactoryLoader::QFactoryLoader() looking at "/usr/bin/poedit"
"Failed to extract plugin meta data from '/usr/bin/poeditor'" 
         not a plugin
QFactoryLoader::QFactoryLoader() looking at "/usr/bin/poeditor"
"Failed to extract plugin meta data from '/usr/bin/poeditor'" 
         not a plugin
QFactoryLoader::QFactoryLoader() looking at "/usr/bin/poff"
QElfParser: '/usr/bin/poff' is not an ELF object
"'/usr/bin/poff' is not an ELF object" 
         not a plugin
QFactoryLoader::QFactoryLoader() looking at "/usr/bin/pon"
QElfParser: '/usr/bin/pon' is not an ELF object
"'/usr/bin/pon' is not an ELF object" 
         not a plugin
QFactoryLoader::QFactoryLoader() looking at "/usr/bin/pooltype"
"Failed to extract plugin meta data from '/usr/bin/pooltype'" 
         not a plugin
QFactoryLoader::QFactoryLoader() looking at "/usr/bin/POST"
QElfParser: '/usr/bin/lwp-request' is not an ELF object
"'/usr/bin/lwp-request' is not an ELF object" 
         not a plugin
QFactoryLoader::QFactoryLoader() looking at "/usr/bin/ppdc"
"Failed to extract plugin meta data from '/usr/bin/ppdc'" 
         not a plugin
QFactoryLoader::QFactoryLoader() looking at "/usr/bin/ppdhtml"
"Failed to extract plugin meta data from '/usr/bin/ppdhtml'" 
         not a plugin
QFactoryLoader::QFactoryLoader() looking at "/usr/bin/ppdi"
"Failed to extract plugin meta data from '/usr/bin/ppdi'" 
         not a plugin
QFactoryLoader::QFactoryLoader() looking at "/usr/bin/ppdmerge"
"Failed to extract plugin meta data from '/usr/bin/ppdmerge'" 
         not a plugin
QFactoryLoader::QFactoryLoader() looking at "/usr/bin/ppdpo"
"Failed to extract plugin meta data from '/usr/bin/ppdpo'" 
         not a plugin
QFactoryLoader::QFactoryLoader() looking at "/usr/bin/pphs"
QElfParser: '/usr/bin/pphs' is not an ELF object
"'/usr/bin/pphs' is not an ELF object" 
         not a plugin
QFactoryLoader::QFactoryLoader() looking at "/usr/bin/ppltotf"
"Failed to extract plugin meta data from '/usr/bin/ppltotf'" 
         not a plugin
QFactoryLoader::QFactoryLoader() looking at "/usr/bin/ppm3d"
"Failed to extract plugin meta data from '/usr/bin/ppm3d'" 
         not a plugin
QFactoryLoader::QFactoryLoader() looking at "/usr/bin/ppmbrighten"
"Failed to extract plugin meta data from '/usr/bin/ppmbrighten'" 
         not a plugin
QFactoryLoader::QFactoryLoader() looking at "/usr/bin/ppmchange"
"Failed to extract plugin meta data from '/usr/bin/ppmchange'" 
         not a plugin
QFactoryLoader::QFactoryLoader() looking at "/usr/bin/ppmcie"
"Failed to extract plugin meta data from '/usr/bin/ppmcie'" 
         not a plugin
QFactoryLoader::QFactoryLoader() looking at "/usr/bin/ppmcolormask"
"Failed to extract plugin meta data from '/usr/bin/ppmcolormask'" 
         not a plugin
QFactoryLoader::QFactoryLoader() looking at "/usr/bin/ppmcolors"
"Failed to extract plugin meta data from '/usr/bin/ppmcolors'" 
         not a plugin
QFactoryLoader::QFactoryLoader() looking at "/usr/bin/ppmdim"
"Failed to extract plugin meta data from '/usr/bin/ppmdim'" 
         not a plugin
QFactoryLoader::QFactoryLoader() looking at "/usr/bin/ppmdist"
"Failed to extract plugin meta data from '/usr/bin/ppmdist'" 
         not a plugin
QFactoryLoader::QFactoryLoader() looking at "/usr/bin/ppmdither"
"Failed to extract plugin meta data from '/usr/bin/ppmdither'" 
         not a plugin
QFactoryLoader::QFactoryLoader() looking at "/usr/bin/ppmfade"
QElfParser: '/usr/bin/ppmfade' is not an ELF object
"'/usr/bin/ppmfade' is not an ELF object" 
         not a plugin
QFactoryLoader::QFactoryLoader() looking at "/usr/bin/ppmflash"
"Failed to extract plugin meta data from '/usr/bin/ppmflash'" 
         not a plugin
QFactoryLoader::QFactoryLoader() looking at "/usr/bin/ppmforge"
"Failed to extract plugin meta data from '/usr/bin/ppmforge'" 
         not a plugin
QFactoryLoader::QFactoryLoader() looking at "/usr/bin/ppmhist"
"Failed to extract plugin meta data from '/usr/bin/ppmhist'" 
         not a plugin
QFactoryLoader::QFactoryLoader() looking at "/usr/bin/ppmlabel"
"Failed to extract plugin meta data from '/usr/bin/ppmlabel'" 
         not a plugin
QFactoryLoader::QFactoryLoader() looking at "/usr/bin/ppmmake"
"Failed to extract plugin meta data from '/usr/bin/ppmmake'" 
         not a plugin
QFactoryLoader::QFactoryLoader() looking at "/usr/bin/ppmmix"
"Failed to extract plugin meta data from '/usr/bin/ppmmix'" 
         not a plugin
QFactoryLoader::QFactoryLoader() looking at "/usr/bin/ppmnorm"
"Failed to extract plugin meta data from '/usr/bin/pnmnorm'" 
         not a plugin
QFactoryLoader::QFactoryLoader() looking at "/usr/bin/ppmntsc"
"Failed to extract plugin meta data from '/usr/bin/ppmntsc'" 
         not a plugin
QFactoryLoader::QFactoryLoader() looking at "/usr/bin/ppmpat"
"Failed to extract plugin meta data from '/usr/bin/ppmpat'" 
         not a plugin
QFactoryLoader::QFactoryLoader() looking at "/usr/bin/ppmquant"
"Failed to extract plugin meta data from '/usr/bin/ppmquant'" 
         not a plugin
QFactoryLoader::QFactoryLoader() looking at "/usr/bin/ppmquantall"
QElfParser: '/usr/bin/ppmquantall' is not an ELF object
"'/usr/bin/ppmquantall' is not an ELF object" 
         not a plugin
QFactoryLoader::QFactoryLoader() looking at "/usr/bin/ppmqvga"
"Failed to extract plugin meta data from '/usr/bin/ppmqvga'" 
         not a plugin
QFactoryLoader::QFactoryLoader() looking at "/usr/bin/ppmrainbow"
QElfParser: '/usr/bin/ppmrainbow' is not an ELF object
"'/usr/bin/ppmrainbow' is not an ELF object" 
         not a plugin
QFactoryLoader::QFactoryLoader() looking at "/usr/bin/ppmrelief"
"Failed to extract plugin meta data from '/usr/bin/ppmrelief'" 
         not a plugin
QFactoryLoader::QFactoryLoader() looking at "/usr/bin/ppmshadow"
QElfParser: '/usr/bin/ppmshadow' is not an ELF object
"'/usr/bin/ppmshadow' is not an ELF object" 
         not a plugin
QFactoryLoader::QFactoryLoader() looking at "/usr/bin/ppmshift"
"Failed to extract plugin meta data from '/usr/bin/ppmshift'" 
         not a plugin
QFactoryLoader::QFactoryLoader() looking at "/usr/bin/ppmspread"
"Failed to extract plugin meta data from '/usr/bin/ppmspread'" 
         not a plugin
QFactoryLoader::QFactoryLoader() looking at "/usr/bin/ppmtoacad"
"Failed to extract plugin meta data from '/usr/bin/ppmtoacad'" 
         not a plugin
QFactoryLoader::QFactoryLoader() looking at "/usr/bin/ppmtobmp"
"Failed to extract plugin meta data from '/usr/bin/ppmtobmp'" 
         not a plugin
QFactoryLoader::QFactoryLoader() looking at "/usr/bin/ppmtoeyuv"
"Failed to extract plugin meta data from '/usr/bin/ppmtoeyuv'" 
         not a plugin
QFactoryLoader::QFactoryLoader() looking at "/usr/bin/ppmtogif"
"Failed to extract plugin meta data from '/usr/bin/ppmtogif'" 
         not a plugin
QFactoryLoader::QFactoryLoader() looking at "/usr/bin/ppmtoicr"
"Failed to extract plugin meta data from '/usr/bin/ppmtoicr'" 
         not a plugin
QFactoryLoader::QFactoryLoader() looking at "/usr/bin/ppmtoilbm"
"Failed to extract plugin meta data from '/usr/bin/ppmtoilbm'" 
         not a plugin
QFactoryLoader::QFactoryLoader() looking at "/usr/bin/ppmtojpeg"
"Failed to extract plugin meta data from '/usr/bin/pnmtojpeg'" 
         not a plugin
QFactoryLoader::QFactoryLoader() looking at "/usr/bin/ppmtoleaf"
"Failed to extract plugin meta data from '/usr/bin/ppmtoleaf'" 
         not a plugin
QFactoryLoader::QFactoryLoader() looking at "/usr/bin/ppmtolj"
"Failed to extract plugin meta data from '/usr/bin/ppmtolj'" 
         not a plugin
QFactoryLoader::QFactoryLoader() looking at "/usr/bin/ppmtomap"
QElfParser: '/usr/bin/ppmtomap' is not an ELF object
"'/usr/bin/ppmtomap' is not an ELF object" 
         not a plugin
QFactoryLoader::QFactoryLoader() looking at "/usr/bin/ppmtomitsu"
"Failed to extract plugin meta data from '/usr/bin/ppmtomitsu'" 
         not a plugin
QFactoryLoader::QFactoryLoader() looking at "/usr/bin/ppmtompeg"
"Failed to extract plugin meta data from '/usr/bin/ppmtompeg'" 
         not a plugin
QFactoryLoader::QFactoryLoader() looking at "/usr/bin/ppmtoneo"
"Failed to extract plugin meta data from '/usr/bin/ppmtoneo'" 
         not a plugin
QFactoryLoader::QFactoryLoader() looking at "/usr/bin/ppmtopcx"
"Failed to extract plugin meta data from '/usr/bin/ppmtopcx'" 
         not a plugin
QFactoryLoader::QFactoryLoader() looking at "/usr/bin/ppmtopgm"
"Failed to extract plugin meta data from '/usr/bin/ppmtopgm'" 
         not a plugin
QFactoryLoader::QFactoryLoader() looking at "/usr/bin/ppmtopi1"
"Failed to extract plugin meta data from '/usr/bin/ppmtopi1'" 
         not a plugin
QFactoryLoader::QFactoryLoader() looking at "/usr/bin/ppmtopict"
"Failed to extract plugin meta data from '/usr/bin/ppmtopict'" 
         not a plugin
QFactoryLoader::QFactoryLoader() looking at "/usr/bin/ppmtopj"
"Failed to extract plugin meta data from '/usr/bin/ppmtopj'" 
         not a plugin
QFactoryLoader::QFactoryLoader() looking at "/usr/bin/ppmtopuzz"
"Failed to extract plugin meta data from '/usr/bin/ppmtopuzz'" 
         not a plugin
QFactoryLoader::QFactoryLoader() looking at "/usr/bin/ppmtorgb3"
"Failed to extract plugin meta data from '/usr/bin/ppmtorgb3'" 
         not a plugin
QFactoryLoader::QFactoryLoader() looking at "/usr/bin/ppmtosixel"
"Failed to extract plugin meta data from '/usr/bin/ppmtosixel'" 
         not a plugin
QFactoryLoader::QFactoryLoader() looking at "/usr/bin/ppmtotga"
"Failed to extract plugin meta data from '/usr/bin/ppmtotga'" 
         not a plugin
QFactoryLoader::QFactoryLoader() looking at "/usr/bin/ppmtouil"
"Failed to extract plugin meta data from '/usr/bin/ppmtouil'" 
         not a plugin
QFactoryLoader::QFactoryLoader() looking at "/usr/bin/ppmtowinicon"
"Failed to extract plugin meta data from '/usr/bin/ppmtowinicon'" 
         not a plugin
QFactoryLoader::QFactoryLoader() looking at "/usr/bin/ppmtoxpm"
"Failed to extract plugin meta data from '/usr/bin/ppmtoxpm'" 
         not a plugin
QFactoryLoader::QFactoryLoader() looking at "/usr/bin/ppmtoyuv"
"Failed to extract plugin meta data from '/usr/bin/ppmtoyuv'" 
         not a plugin
QFactoryLoader::QFactoryLoader() looking at "/usr/bin/ppmtoyuvsplit"
"Failed to extract plugin meta data from '/usr/bin/ppmtoyuvsplit'" 
         not a plugin
QFactoryLoader::QFactoryLoader() looking at "/usr/bin/ppmtv"
"Failed to extract plugin meta data from '/usr/bin/ppmtv'" 
         not a plugin
QFactoryLoader::QFactoryLoader() looking at "/usr/bin/pr"
"Failed to extract plugin meta data from '/usr/bin/pr'" 
         not a plugin
QFactoryLoader::QFactoryLoader() looking at "/usr/bin/precat"
QElfParser: '/usr/bin/precat' is not an ELF object
"'/usr/bin/precat' is not an ELF object" 
         not a plugin
QFactoryLoader::QFactoryLoader() looking at "/usr/bin/preconv"
"Failed to extract plugin meta data from '/usr/bin/preconv'" 
         not a plugin
QFactoryLoader::QFactoryLoader() looking at "/usr/bin/preparetips5"
QElfParser: '/usr/bin/preparetips5' is not an ELF object
"'/usr/bin/preparetips5' is not an ELF object" 
         not a plugin
QFactoryLoader::QFactoryLoader() looking at "/usr/bin/prepmx"
"Failed to extract plugin meta data from '/usr/bin/prepmx'" 
         not a plugin
QFactoryLoader::QFactoryLoader() looking at "/usr/bin/prerex"
"Failed to extract plugin meta data from '/usr/bin/prerex'" 
         not a plugin
QFactoryLoader::QFactoryLoader() looking at "/usr/bin/preunzip"
QElfParser: '/usr/bin/preunzip' is not an ELF object
"'/usr/bin/preunzip' is not an ELF object" 
         not a plugin
QFactoryLoader::QFactoryLoader() looking at "/usr/bin/prezip"
QElfParser: '/usr/bin/prezip' is not an ELF object
"'/usr/bin/prezip' is not an ELF object" 
         not a plugin
QFactoryLoader::QFactoryLoader() looking at "/usr/bin/prezip-bin"
"Failed to extract plugin meta data from '/usr/bin/prezip-bin'" 
         not a plugin
QFactoryLoader::QFactoryLoader() looking at "/usr/bin/print"
QElfParser: '/usr/bin/run-mailcap' is not an ELF object
"'/usr/bin/run-mailcap' is not an ELF object" 
         not a plugin
QFactoryLoader::QFactoryLoader() looking at "/usr/bin/printafm"
QElfParser: '/usr/bin/printafm' is not an ELF object
"'/usr/bin/printafm' is not an ELF object" 
         not a plugin
QFactoryLoader::QFactoryLoader() looking at "/usr/bin/printenv"
"Failed to extract plugin meta data from '/usr/bin/printenv'" 
         not a plugin
QFactoryLoader::QFactoryLoader() looking at "/usr/bin/printer-profile"
QElfParser: '/usr/bin/printer-profile' is not an ELF object
"'/usr/bin/printer-profile' is not an ELF object" 
         not a plugin
QFactoryLoader::QFactoryLoader() looking at "/usr/bin/printf"
"Failed to extract plugin meta data from '/usr/bin/printf'" 
         not a plugin
QFactoryLoader::QFactoryLoader() looking at "/usr/bin/prlimit"
"Failed to extract plugin meta data from '/usr/bin/prlimit'" 
         not a plugin
QFactoryLoader::QFactoryLoader() looking at "/usr/bin/pro"
QElfParser: '/usr/bin/ubuntu-advantage' is not an ELF object
"'/usr/bin/ubuntu-advantage' is not an ELF object" 
         not a plugin
QFactoryLoader::QFactoryLoader() looking at "/usr/bin/procan"
"Failed to extract plugin meta data from '/usr/bin/procan'" 
         not a plugin
QFactoryLoader::QFactoryLoader() looking at "/usr/bin/proj"
"Failed to extract plugin meta data from '/usr/bin/proj'" 
         not a plugin
QFactoryLoader::QFactoryLoader() looking at "/usr/bin/projinfo"
"Failed to extract plugin meta data from '/usr/bin/projinfo'" 
         not a plugin
QFactoryLoader::QFactoryLoader() looking at "/usr/bin/projsync"
"Failed to extract plugin meta data from '/usr/bin/projsync'" 
         not a plugin
QFactoryLoader::QFactoryLoader() looking at "/usr/bin/protocoltojson"
"Failed to extract plugin meta data from '/usr/bin/protocoltojson'" 
         not a plugin
QFactoryLoader::QFactoryLoader() looking at "/usr/bin/prove"
QElfParser: '/usr/bin/prove' is not an ELF object
"'/usr/bin/prove' is not an ELF object" 
         not a plugin
QFactoryLoader::QFactoryLoader() looking at "/usr/bin/prtstat"
"Failed to extract plugin meta data from '/usr/bin/prtstat'" 
         not a plugin
QFactoryLoader::QFactoryLoader() looking at "/usr/bin/prune"
"Failed to extract plugin meta data from '/usr/bin/prune'" 
         not a plugin
QFactoryLoader::QFactoryLoader() looking at "/usr/bin/ps"
"Failed to extract plugin meta data from '/usr/bin/ps'" 
         not a plugin
QFactoryLoader::QFactoryLoader() looking at "/usr/bin/ps2ascii"
QElfParser: '/usr/bin/ps2ascii' is not an ELF object
"'/usr/bin/ps2ascii' is not an ELF object" 
         not a plugin
QFactoryLoader::QFactoryLoader() looking at "/usr/bin/ps2eps"
QElfParser: '/usr/bin/ps2eps' is not an ELF object
"'/usr/bin/ps2eps' is not an ELF object" 
         not a plugin
QFactoryLoader::QFactoryLoader() looking at "/usr/bin/ps2epsi"
QElfParser: '/usr/bin/ps2epsi' is not an ELF object
"'/usr/bin/ps2epsi' is not an ELF object" 
         not a plugin
QFactoryLoader::QFactoryLoader() looking at "/usr/bin/ps2frag"
QElfParser: '/usr/share/texlive/texmf-dist/scripts/texlive-extra/ps2frag.sh' is not an ELF object
"'/usr/share/texlive/texmf-dist/scripts/texlive-extra/ps2frag.sh' is not an ELF object" 
         not a plugin
QFactoryLoader::QFactoryLoader() looking at "/usr/bin/ps2pdf"
QElfParser: '/usr/bin/ps2pdf' is not an ELF object
"'/usr/bin/ps2pdf' is not an ELF object" 
         not a plugin
QFactoryLoader::QFactoryLoader() looking at "/usr/bin/ps2pdf12"
QElfParser: '/usr/bin/ps2pdf12' is not an ELF object
"'/usr/bin/ps2pdf12' is not an ELF object" 
         not a plugin
QFactoryLoader::QFactoryLoader() looking at "/usr/bin/ps2pdf13"
QElfParser: '/usr/bin/ps2pdf13' is not an ELF object
"'/usr/bin/ps2pdf13' is not an ELF object" 
         not a plugin
QFactoryLoader::QFactoryLoader() looking at "/usr/bin/ps2pdf14"
QElfParser: '/usr/bin/ps2pdf14' is not an ELF object
"'/usr/bin/ps2pdf14' is not an ELF object" 
         not a plugin
QFactoryLoader::QFactoryLoader() looking at "/usr/bin/ps2pdfwr"
QElfParser: '/usr/bin/ps2pdfwr' is not an ELF object
"'/usr/bin/ps2pdfwr' is not an ELF object" 
         not a plugin
QFactoryLoader::QFactoryLoader() looking at "/usr/bin/ps2pk"
"Failed to extract plugin meta data from '/usr/bin/ps2pk'" 
         not a plugin
QFactoryLoader::QFactoryLoader() looking at "/usr/bin/ps2ps"
QElfParser: '/usr/bin/ps2ps' is not an ELF object
"'/usr/bin/ps2ps' is not an ELF object" 
         not a plugin
QFactoryLoader::QFactoryLoader() looking at "/usr/bin/ps2ps2"
QElfParser: '/usr/bin/ps2ps2' is not an ELF object
"'/usr/bin/ps2ps2' is not an ELF object" 
         not a plugin
QFactoryLoader::QFactoryLoader() looking at "/usr/bin/ps2txt"
QElfParser: '/usr/bin/ps2ascii' is not an ELF object
"'/usr/bin/ps2ascii' is not an ELF object" 
         not a plugin
QFactoryLoader::QFactoryLoader() looking at "/usr/bin/ps4pdf"
QElfParser: '/usr/share/texlive/texmf-dist/scripts/pst-pdf/ps4pdf' is not an ELF object
"'/usr/share/texlive/texmf-dist/scripts/pst-pdf/ps4pdf' is not an ELF object" 
         not a plugin
QFactoryLoader::QFactoryLoader() looking at "/usr/bin/psbook"
"Failed to extract plugin meta data from '/usr/bin/psbook'" 
         not a plugin
QFactoryLoader::QFactoryLoader() looking at "/usr/bin/psfaddtable"
"Failed to extract plugin meta data from '/usr/bin/psfxtable'" 
         not a plugin
QFactoryLoader::QFactoryLoader() looking at "/usr/bin/psfgettable"
"Failed to extract plugin meta data from '/usr/bin/psfxtable'" 
         not a plugin
QFactoryLoader::QFactoryLoader() looking at "/usr/bin/psfstriptable"
"Failed to extract plugin meta data from '/usr/bin/psfxtable'" 
         not a plugin
QFactoryLoader::QFactoryLoader() looking at "/usr/bin/psfxtable"
"Failed to extract plugin meta data from '/usr/bin/psfxtable'" 
         not a plugin
QFactoryLoader::QFactoryLoader() looking at "/usr/bin/psicc"
"Failed to extract plugin meta data from '/usr/bin/psicc'" 
         not a plugin
QFactoryLoader::QFactoryLoader() looking at "/usr/bin/psidtopgm"
"Failed to extract plugin meta data from '/usr/bin/psidtopgm'" 
         not a plugin
QFactoryLoader::QFactoryLoader() looking at "/usr/bin/psjoin"
QElfParser: '/usr/bin/psjoin' is not an ELF object
"'/usr/bin/psjoin' is not an ELF object" 
         not a plugin
QFactoryLoader::QFactoryLoader() looking at "/usr/bin/pslatex"
QElfParser: '/usr/share/texlive/texmf-dist/scripts/texlive-extra/pslatex.sh' is not an ELF object
"'/usr/share/texlive/texmf-dist/scripts/texlive-extra/pslatex.sh' is not an ELF object" 
         not a plugin
QFactoryLoader::QFactoryLoader() looking at "/usr/bin/pslog"
"Failed to extract plugin meta data from '/usr/bin/pslog'" 
         not a plugin
QFactoryLoader::QFactoryLoader() looking at "/usr/bin/psmerge"
QElfParser: '/usr/bin/psmerge' is not an ELF object
"'/usr/bin/psmerge' is not an ELF object" 
         not a plugin
QFactoryLoader::QFactoryLoader() looking at "/usr/bin/psnup"
"Failed to extract plugin meta data from '/usr/bin/psnup'" 
         not a plugin
QFactoryLoader::QFactoryLoader() looking at "/usr/bin/psresize"
"Failed to extract plugin meta data from '/usr/bin/psresize'" 
         not a plugin
QFactoryLoader::QFactoryLoader() looking at "/usr/bin/psselect"
"Failed to extract plugin meta data from '/usr/bin/psselect'" 
         not a plugin
QFactoryLoader::QFactoryLoader() looking at "/usr/bin/pst2pdf"
QElfParser: '/usr/share/texlive/texmf-dist/scripts/pst2pdf/pst2pdf.pl' is not an ELF object
"'/usr/share/texlive/texmf-dist/scripts/pst2pdf/pst2pdf.pl' is not an ELF object" 
         not a plugin
QFactoryLoader::QFactoryLoader() looking at "/usr/bin/pstoedit"
"Failed to extract plugin meta data from '/usr/bin/pstoedit'" 
         not a plugin
QFactoryLoader::QFactoryLoader() looking at "/usr/bin/pstopnm"
"Failed to extract plugin meta data from '/usr/bin/pstopnm'" 
         not a plugin
QFactoryLoader::QFactoryLoader() looking at "/usr/bin/pstops"
"Failed to extract plugin meta data from '/usr/bin/pstops'" 
         not a plugin
QFactoryLoader::QFactoryLoader() looking at "/usr/bin/pstree"
"Failed to extract plugin meta data from '/usr/bin/pstree'" 
         not a plugin
QFactoryLoader::QFactoryLoader() looking at "/usr/bin/pstree.x11"
"Failed to extract plugin meta data from '/usr/bin/pstree'" 
         not a plugin
QFactoryLoader::QFactoryLoader() looking at "/usr/bin/ptar"
QElfParser: '/usr/bin/ptar' is not an ELF object
"'/usr/bin/ptar' is not an ELF object" 
         not a plugin
QFactoryLoader::QFactoryLoader() looking at "/usr/bin/ptardiff"
QElfParser: '/usr/bin/ptardiff' is not an ELF object
"'/usr/bin/ptardiff' is not an ELF object" 
         not a plugin
QFactoryLoader::QFactoryLoader() looking at "/usr/bin/ptargrep"
QElfParser: '/usr/bin/ptargrep' is not an ELF object
"'/usr/bin/ptargrep' is not an ELF object" 
         not a plugin
QFactoryLoader::QFactoryLoader() looking at "/usr/bin/ptex"
"Failed to extract plugin meta data from '/usr/bin/ptex'" 
         not a plugin
QFactoryLoader::QFactoryLoader() looking at "/usr/bin/ptex2pdf"
QElfParser: '/usr/share/texlive/texmf-dist/scripts/ptex2pdf/ptex2pdf.lua' is not an ELF object
"'/usr/share/texlive/texmf-dist/scripts/ptex2pdf/ptex2pdf.lua' is not an ELF object" 
         not a plugin
QFactoryLoader::QFactoryLoader() looking at "/usr/bin/ptftopl"
"Failed to extract plugin meta data from '/usr/bin/ptftopl'" 
         not a plugin
QFactoryLoader::QFactoryLoader() looking at "/usr/bin/ptx"
"Failed to extract plugin meta data from '/usr/bin/ptx'" 
         not a plugin
QFactoryLoader::QFactoryLoader() looking at "/usr/bin/pulseaudio"
"Failed to extract plugin meta data from '/usr/bin/pulseaudio'" 
         not a plugin
QFactoryLoader::QFactoryLoader() looking at "/usr/bin/purifyeps"
QElfParser: '/usr/bin/purifyeps' is not an ELF object
"'/usr/bin/purifyeps' is not an ELF object" 
         not a plugin
QFactoryLoader::QFactoryLoader() looking at "/usr/bin/pw-cat"
"Failed to extract plugin meta data from '/usr/bin/pw-cat'" 
         not a plugin
QFactoryLoader::QFactoryLoader() looking at "/usr/bin/pw-cli"
"Failed to extract plugin meta data from '/usr/bin/pw-cli'" 
         not a plugin
QFactoryLoader::QFactoryLoader() looking at "/usr/bin/pw-dot"
"Failed to extract plugin meta data from '/usr/bin/pw-dot'" 
         not a plugin
QFactoryLoader::QFactoryLoader() looking at "/usr/bin/pw-dsdplay"
"Failed to extract plugin meta data from '/usr/bin/pw-cat'" 
         not a plugin
QFactoryLoader::QFactoryLoader() looking at "/usr/bin/pw-dump"
"Failed to extract plugin meta data from '/usr/bin/pw-dump'" 
         not a plugin
QFactoryLoader::QFactoryLoader() looking at "/usr/bin/pw-link"
"Failed to extract plugin meta data from '/usr/bin/pw-link'" 
         not a plugin
QFactoryLoader::QFactoryLoader() looking at "/usr/bin/pw-loopback"
"Failed to extract plugin meta data from '/usr/bin/pw-loopback'" 
         not a plugin
QFactoryLoader::QFactoryLoader() looking at "/usr/bin/pw-metadata"
"Failed to extract plugin meta data from '/usr/bin/pw-metadata'" 
         not a plugin
QFactoryLoader::QFactoryLoader() looking at "/usr/bin/pw-mididump"
"Failed to extract plugin meta data from '/usr/bin/pw-mididump'" 
         not a plugin
QFactoryLoader::QFactoryLoader() looking at "/usr/bin/pw-midiplay"
"Failed to extract plugin meta data from '/usr/bin/pw-cat'" 
         not a plugin
QFactoryLoader::QFactoryLoader() looking at "/usr/bin/pw-midirecord"
"Failed to extract plugin meta data from '/usr/bin/pw-cat'" 
         not a plugin
QFactoryLoader::QFactoryLoader() looking at "/usr/bin/pw-mon"
"Failed to extract plugin meta data from '/usr/bin/pw-mon'" 
         not a plugin
QFactoryLoader::QFactoryLoader() looking at "/usr/bin/pw-play"
"Failed to extract plugin meta data from '/usr/bin/pw-cat'" 
         not a plugin
QFactoryLoader::QFactoryLoader() looking at "/usr/bin/pw-profiler"
"Failed to extract plugin meta data from '/usr/bin/pw-profiler'" 
         not a plugin
QFactoryLoader::QFactoryLoader() looking at "/usr/bin/pw-record"
"Failed to extract plugin meta data from '/usr/bin/pw-cat'" 
         not a plugin
QFactoryLoader::QFactoryLoader() looking at "/usr/bin/pw-reserve"
"Failed to extract plugin meta data from '/usr/bin/pw-reserve'" 
         not a plugin
QFactoryLoader::QFactoryLoader() looking at "/usr/bin/pw-top"
"Failed to extract plugin meta data from '/usr/bin/pw-top'" 
         not a plugin
QFactoryLoader::QFactoryLoader() looking at "/usr/bin/pw-v4l2"
QElfParser: '/usr/bin/pw-v4l2' is not an ELF object
"'/usr/bin/pw-v4l2' is not an ELF object" 
         not a plugin
QFactoryLoader::QFactoryLoader() looking at "/usr/bin/pwd"
"Failed to extract plugin meta data from '/usr/bin/pwd'" 
         not a plugin
QFactoryLoader::QFactoryLoader() looking at "/usr/bin/pwdecrypt"
"Failed to extract plugin meta data from '/usr/bin/pwdecrypt'" 
         not a plugin
QFactoryLoader::QFactoryLoader() looking at "/usr/bin/pwdx"
"Failed to extract plugin meta data from '/usr/bin/pwdx'" 
         not a plugin
QFactoryLoader::QFactoryLoader() looking at "/usr/bin/py3clean"
QElfParser: '/usr/bin/py3clean' is not an ELF object
"'/usr/bin/py3clean' is not an ELF object" 
         not a plugin
QFactoryLoader::QFactoryLoader() looking at "/usr/bin/py3compile"
QElfParser: '/usr/bin/py3compile' is not an ELF object
"'/usr/bin/py3compile' is not an ELF object" 
         not a plugin
QFactoryLoader::QFactoryLoader() looking at "/usr/bin/py3versions"
QElfParser: '/usr/share/python3/py3versions.py' is not an ELF object
"'/usr/share/python3/py3versions.py' is not an ELF object" 
         not a plugin
QFactoryLoader::QFactoryLoader() looking at "/usr/bin/pydoc3"
QElfParser: '/usr/bin/pydoc3.10' is not an ELF object
"'/usr/bin/pydoc3.10' is not an ELF object" 
         not a plugin
QFactoryLoader::QFactoryLoader() looking at "/usr/bin/pydoc3.10"
QElfParser: '/usr/bin/pydoc3.10' is not an ELF object
"'/usr/bin/pydoc3.10' is not an ELF object" 
         not a plugin
QFactoryLoader::QFactoryLoader() looking at "/usr/bin/pydoc3.8"
QElfParser: '/usr/bin/pydoc3.8' is not an ELF object
"'/usr/bin/pydoc3.8' is not an ELF object" 
         not a plugin
QFactoryLoader::QFactoryLoader() looking at "/usr/bin/pygettext3"
QElfParser: '/usr/bin/pygettext3.10' is not an ELF object
"'/usr/bin/pygettext3.10' is not an ELF object" 
         not a plugin
QFactoryLoader::QFactoryLoader() looking at "/usr/bin/pygettext3.10"
QElfParser: '/usr/bin/pygettext3.10' is not an ELF object
"'/usr/bin/pygettext3.10' is not an ELF object" 
         not a plugin
QFactoryLoader::QFactoryLoader() looking at "/usr/bin/pygettext3.8"
QElfParser: '/usr/bin/pygettext3.8' is not an ELF object
"'/usr/bin/pygettext3.8' is not an ELF object" 
         not a plugin
QFactoryLoader::QFactoryLoader() looking at "/usr/bin/python3"
"Failed to extract plugin meta data from '/usr/bin/python3.10'" 
         not a plugin
QFactoryLoader::QFactoryLoader() looking at "/usr/bin/python3.10"
"Failed to extract plugin meta data from '/usr/bin/python3.10'" 
         not a plugin
QFactoryLoader::QFactoryLoader() looking at "/usr/bin/python3.8"
"Failed to extract plugin meta data from '/usr/bin/python3.8'" 
         not a plugin
QFactoryLoader::QFactoryLoader() looking at "/usr/bin/pythontex"
QElfParser: '/usr/share/texlive/texmf-dist/scripts/pythontex/pythontex.py' is not an ELF object
"'/usr/share/texlive/texmf-dist/scripts/pythontex/pythontex.py' is not an ELF object" 
         not a plugin
QFactoryLoader::QFactoryLoader() looking at "/usr/bin/pzstd"
"Failed to extract plugin meta data from '/usr/bin/pzstd'" 
         not a plugin
QFactoryLoader::QFactoryLoader() looking at "/usr/bin/qpdldecode"
"Failed to extract plugin meta data from '/usr/bin/qpdldecode'" 
         not a plugin
QFactoryLoader::QFactoryLoader() looking at "/usr/bin/qq"
"Failed to extract plugin meta data from '/opt/QQ/qq'" 
         not a plugin
QFactoryLoader::QFactoryLoader() looking at "/usr/bin/qrttoppm"
"Failed to extract plugin meta data from '/usr/bin/qrttoppm'" 
         not a plugin
QFactoryLoader::QFactoryLoader() looking at "/usr/bin/qt-faststart"
"Failed to extract plugin meta data from '/usr/bin/qt-faststart'" 
         not a plugin
QFactoryLoader::QFactoryLoader() looking at "/usr/bin/quirks-handler"
QElfParser: '/usr/bin/quirks-handler' is not an ELF object
"'/usr/bin/quirks-handler' is not an ELF object" 
         not a plugin
QFactoryLoader::QFactoryLoader() looking at "/usr/bin/r-mpost"
"Failed to extract plugin meta data from '/usr/bin/mpost'" 
         not a plugin
QFactoryLoader::QFactoryLoader() looking at "/usr/bin/r-pmpost"
"Failed to extract plugin meta data from '/usr/bin/pmpost'" 
         not a plugin
QFactoryLoader::QFactoryLoader() looking at "/usr/bin/r-upmpost"
"Failed to extract plugin meta data from '/usr/bin/upmpost'" 
         not a plugin
QFactoryLoader::QFactoryLoader() looking at "/usr/bin/racc3.0"
QElfParser: '/usr/bin/racc3.0' is not an ELF object
"'/usr/bin/racc3.0' is not an ELF object" 
         not a plugin
QFactoryLoader::QFactoryLoader() looking at "/usr/bin/rake"
QElfParser: '/usr/bin/rake' is not an ELF object
"'/usr/bin/rake' is not an ELF object" 
         not a plugin
QFactoryLoader::QFactoryLoader() looking at "/usr/bin/rake3.0"
QElfParser: '/usr/bin/rake3.0' is not an ELF object
"'/usr/bin/rake3.0' is not an ELF object" 
         not a plugin
QFactoryLoader::QFactoryLoader() looking at "/usr/bin/rasttopnm"
"Failed to extract plugin meta data from '/usr/bin/rasttopnm'" 
         not a plugin
QFactoryLoader::QFactoryLoader() looking at "/usr/bin/rawtopgm"
"Failed to extract plugin meta data from '/usr/bin/rawtopgm'" 
         not a plugin
QFactoryLoader::QFactoryLoader() looking at "/usr/bin/rawtoppm"
"Failed to extract plugin meta data from '/usr/bin/rawtoppm'" 
         not a plugin
QFactoryLoader::QFactoryLoader() looking at "/usr/bin/rbash"
"Failed to extract plugin meta data from '/usr/bin/bash'" 
         not a plugin
QFactoryLoader::QFactoryLoader() looking at "/usr/bin/rbs3.0"
QElfParser: '/usr/bin/rbs3.0' is not an ELF object
"'/usr/bin/rbs3.0' is not an ELF object" 
         not a plugin
QFactoryLoader::QFactoryLoader() looking at "/usr/bin/rcp"
"Failed to extract plugin meta data from '/usr/bin/scp'" 
         not a plugin
QFactoryLoader::QFactoryLoader() looking at "/usr/bin/rctest"
"Failed to extract plugin meta data from '/usr/bin/rctest'" 
         not a plugin
QFactoryLoader::QFactoryLoader() looking at "/usr/bin/rdma"
"Failed to extract plugin meta data from '/usr/bin/rdma'" 
         not a plugin
QFactoryLoader::QFactoryLoader() looking at "/usr/bin/rdoc"
QElfParser: '/usr/bin/rdoc3.0' is not an ELF object
"'/usr/bin/rdoc3.0' is not an ELF object" 
         not a plugin
QFactoryLoader::QFactoryLoader() looking at "/usr/bin/rdoc3.0"
QElfParser: '/usr/bin/rdoc3.0' is not an ELF object
"'/usr/bin/rdoc3.0' is not an ELF object" 
         not a plugin
QFactoryLoader::QFactoryLoader() looking at "/usr/bin/readlink"
"Failed to extract plugin meta data from '/usr/bin/readlink'" 
         not a plugin
QFactoryLoader::QFactoryLoader() looking at "/usr/bin/realpath"
"Failed to extract plugin meta data from '/usr/bin/realpath'" 
         not a plugin
QFactoryLoader::QFactoryLoader() looking at "/usr/bin/recode-sr-latin"
"Failed to extract plugin meta data from '/usr/bin/recode-sr-latin'" 
         not a plugin
QFactoryLoader::QFactoryLoader() looking at "/usr/bin/red"
QElfParser: '/usr/bin/red' is not an ELF object
"'/usr/bin/red' is not an ELF object" 
         not a plugin
QFactoryLoader::QFactoryLoader() looking at "/usr/bin/regedit"
QElfParser: '/usr/lib/wine/wineapploader' is not an ELF object
"'/usr/lib/wine/wineapploader' is not an ELF object" 
         not a plugin
QFactoryLoader::QFactoryLoader() looking at "/usr/bin/regedit-stable"
QElfParser: '/usr/lib/wine/wineapploader' is not an ELF object
"'/usr/lib/wine/wineapploader' is not an ELF object" 
         not a plugin
QFactoryLoader::QFactoryLoader() looking at "/usr/bin/regsvr32"
QElfParser: '/usr/lib/wine/wineapploader' is not an ELF object
"'/usr/lib/wine/wineapploader' is not an ELF object" 
         not a plugin
QFactoryLoader::QFactoryLoader() looking at "/usr/bin/regsvr32-stable"
QElfParser: '/usr/lib/wine/wineapploader' is not an ELF object
"'/usr/lib/wine/wineapploader' is not an ELF object" 
         not a plugin
QFactoryLoader::QFactoryLoader() looking at "/usr/bin/rendercheck"
"Failed to extract plugin meta data from '/usr/bin/rendercheck'" 
         not a plugin
QFactoryLoader::QFactoryLoader() looking at "/usr/bin/renice"
"Failed to extract plugin meta data from '/usr/bin/renice'" 
         not a plugin
QFactoryLoader::QFactoryLoader() looking at "/usr/bin/repstopdf"
QElfParser: '/usr/share/texlive/texmf-dist/scripts/epstopdf/epstopdf.pl' is not an ELF object
"'/usr/share/texlive/texmf-dist/scripts/epstopdf/epstopdf.pl' is not an ELF object" 
         not a plugin
QFactoryLoader::QFactoryLoader() looking at "/usr/bin/reset"
"Failed to extract plugin meta data from '/usr/bin/tset'" 
         not a plugin
QFactoryLoader::QFactoryLoader() looking at "/usr/bin/resize"
"Failed to extract plugin meta data from '/usr/bin/resize'" 
         not a plugin
QFactoryLoader::QFactoryLoader() looking at "/usr/bin/resizecons"
"Failed to extract plugin meta data from '/usr/bin/resizecons'" 
         not a plugin
QFactoryLoader::QFactoryLoader() looking at "/usr/bin/resizepart"
"Failed to extract plugin meta data from '/usr/bin/resizepart'" 
         not a plugin
QFactoryLoader::QFactoryLoader() looking at "/usr/bin/resolvectl"
"Failed to extract plugin meta data from '/usr/bin/resolvectl'" 
         not a plugin
QFactoryLoader::QFactoryLoader() looking at "/usr/bin/rev"
"Failed to extract plugin meta data from '/usr/bin/rev'" 
         not a plugin
QFactoryLoader::QFactoryLoader() looking at "/usr/bin/rfcomm"
"Failed to extract plugin meta data from '/usr/bin/rfcomm'" 
         not a plugin
QFactoryLoader::QFactoryLoader() looking at "/usr/bin/rgb3toppm"
"Failed to extract plugin meta data from '/usr/bin/rgb3toppm'" 
         not a plugin
QFactoryLoader::QFactoryLoader() looking at "/usr/bin/rgrep"
QElfParser: '/usr/bin/rgrep' is not an ELF object (file too small)
"'/usr/bin/rgrep' is not an ELF object (file too small)" 
         not a plugin
QFactoryLoader::QFactoryLoader() looking at "/usr/bin/rhythmbox"
"Failed to extract plugin meta data from '/usr/bin/rhythmbox'" 
         not a plugin
QFactoryLoader::QFactoryLoader() looking at "/usr/bin/rhythmbox-client"
"Failed to extract plugin meta data from '/usr/bin/rhythmbox-client'" 
         not a plugin
QFactoryLoader::QFactoryLoader() looking at "/usr/bin/ri"
QElfParser: '/usr/bin/ri3.0' is not an ELF object
"'/usr/bin/ri3.0' is not an ELF object" 
         not a plugin
QFactoryLoader::QFactoryLoader() looking at "/usr/bin/ri3.0"
QElfParser: '/usr/bin/ri3.0' is not an ELF object
"'/usr/bin/ri3.0' is not an ELF object" 
         not a plugin
QFactoryLoader::QFactoryLoader() looking at "/usr/bin/ristretto"
"Failed to extract plugin meta data from '/usr/bin/ristretto'" 
         not a plugin
QFactoryLoader::QFactoryLoader() looking at "/usr/bin/rletopnm"
"Failed to extract plugin meta data from '/usr/bin/rletopnm'" 
         not a plugin
QFactoryLoader::QFactoryLoader() looking at "/usr/bin/rlogin"
"Failed to extract plugin meta data from '/usr/bin/ssh'" 
         not a plugin
QFactoryLoader::QFactoryLoader() looking at "/usr/bin/rm"
"Failed to extract plugin meta data from '/usr/bin/rm'" 
         not a plugin
QFactoryLoader::QFactoryLoader() looking at "/usr/bin/rmdir"
"Failed to extract plugin meta data from '/usr/bin/rmdir'" 
         not a plugin
QFactoryLoader::QFactoryLoader() looking at "/usr/bin/rnano"
"Failed to extract plugin meta data from '/usr/bin/nano'" 
         not a plugin
QFactoryLoader::QFactoryLoader() looking at "/usr/bin/routef"
QElfParser: '/usr/bin/routef' is not an ELF object
"'/usr/bin/routef' is not an ELF object" 
         not a plugin
QFactoryLoader::QFactoryLoader() looking at "/usr/bin/routel"
QElfParser: '/usr/bin/routel' is not an ELF object
"'/usr/bin/routel' is not an ELF object" 
         not a plugin
QFactoryLoader::QFactoryLoader() looking at "/usr/bin/rpdfcrop"
QElfParser: '/usr/share/texlive/texmf-dist/scripts/pdfcrop/pdfcrop.pl' is not an ELF object
"'/usr/share/texlive/texmf-dist/scripts/pdfcrop/pdfcrop.pl' is not an ELF object" 
         not a plugin
QFactoryLoader::QFactoryLoader() looking at "/usr/bin/rrsync"
QElfParser: '/usr/bin/rrsync' is not an ELF object
"'/usr/bin/rrsync' is not an ELF object" 
         not a plugin
QFactoryLoader::QFactoryLoader() looking at "/usr/bin/rsaperf"
"Failed to extract plugin meta data from '/usr/bin/rsaperf'" 
         not a plugin
QFactoryLoader::QFactoryLoader() looking at "/usr/bin/rsh"
"Failed to extract plugin meta data from '/usr/bin/ssh'" 
         not a plugin
QFactoryLoader::QFactoryLoader() looking at "/usr/bin/rstart"
QElfParser: '/usr/bin/rstart' is not an ELF object
"'/usr/bin/rstart' is not an ELF object" 
         not a plugin
QFactoryLoader::QFactoryLoader() looking at "/usr/bin/rstartd"
QElfParser: '/usr/bin/rstartd' is not an ELF object
"'/usr/bin/rstartd' is not an ELF object" 
         not a plugin
QFactoryLoader::QFactoryLoader() looking at "/usr/bin/rsync"
"Failed to extract plugin meta data from '/usr/bin/rsync'" 
         not a plugin
QFactoryLoader::QFactoryLoader() looking at "/usr/bin/rsync-ssl"
QElfParser: '/usr/bin/rsync-ssl' is not an ELF object
"'/usr/bin/rsync-ssl' is not an ELF object" 
         not a plugin
QFactoryLoader::QFactoryLoader() looking at "/usr/bin/rtstat"
"Failed to extract plugin meta data from '/usr/bin/lnstat'" 
         not a plugin
QFactoryLoader::QFactoryLoader() looking at "/usr/bin/rubibtex"
QElfParser: '/usr/share/texlive/texmf-dist/scripts/texlive-extra/rubibtex.sh' is not an ELF object
"'/usr/share/texlive/texmf-dist/scripts/texlive-extra/rubibtex.sh' is not an ELF object" 
         not a plugin
QFactoryLoader::QFactoryLoader() looking at "/usr/bin/rubikrotation"
QElfParser: '/usr/share/texlive/texmf-dist/scripts/rubik/rubikrotation.pl' is not an ELF object
"'/usr/share/texlive/texmf-dist/scripts/rubik/rubikrotation.pl' is not an ELF object" 
         not a plugin
QFactoryLoader::QFactoryLoader() looking at "/usr/bin/ruby"
"Failed to extract plugin meta data from '/usr/bin/ruby3.0'" 
         not a plugin
QFactoryLoader::QFactoryLoader() looking at "/usr/bin/ruby3.0"
"Failed to extract plugin meta data from '/usr/bin/ruby3.0'" 
         not a plugin
QFactoryLoader::QFactoryLoader() looking at "/usr/bin/rumakeindex"
QElfParser: '/usr/share/texlive/texmf-dist/scripts/texlive-extra/rumakeindex.sh' is not an ELF object
"'/usr/share/texlive/texmf-dist/scripts/texlive-extra/rumakeindex.sh' is not an ELF object" 
         not a plugin
QFactoryLoader::QFactoryLoader() looking at "/usr/bin/run-mailcap"
QElfParser: '/usr/bin/run-mailcap' is not an ELF object
"'/usr/bin/run-mailcap' is not an ELF object" 
         not a plugin
QFactoryLoader::QFactoryLoader() looking at "/usr/bin/run-parts"
"Failed to extract plugin meta data from '/usr/bin/run-parts'" 
         not a plugin
QFactoryLoader::QFactoryLoader() looking at "/usr/bin/run-with-aspell"
QElfParser: '/usr/bin/run-with-aspell' is not an ELF object (file too small)
"'/usr/bin/run-with-aspell' is not an ELF object (file too small)" 
         not a plugin
QFactoryLoader::QFactoryLoader() looking at "/usr/bin/runcon"
"Failed to extract plugin meta data from '/usr/bin/runcon'" 
         not a plugin
QFactoryLoader::QFactoryLoader() looking at "/usr/bin/rungs"
QElfParser: '/usr/share/texlive/texmf-dist/scripts/texlive/rungs.tlu' is not an ELF object
"'/usr/share/texlive/texmf-dist/scripts/texlive/rungs.tlu' is not an ELF object" 
         not a plugin
QFactoryLoader::QFactoryLoader() looking at "/usr/bin/rview"
"Failed to extract plugin meta data from '/usr/bin/vim.tiny'" 
         not a plugin
QFactoryLoader::QFactoryLoader() looking at "/usr/bin/sane-find-scanner"
"Failed to extract plugin meta data from '/usr/bin/sane-find-scanner'" 
         not a plugin
QFactoryLoader::QFactoryLoader() looking at "/usr/bin/savelog"
QElfParser: '/usr/bin/savelog' is not an ELF object
"'/usr/bin/savelog' is not an ELF object" 
         not a plugin
QFactoryLoader::QFactoryLoader() looking at "/usr/bin/sbattach"
"Failed to extract plugin meta data from '/usr/bin/sbattach'" 
         not a plugin
QFactoryLoader::QFactoryLoader() looking at "/usr/bin/sbigtopgm"
"Failed to extract plugin meta data from '/usr/bin/sbigtopgm'" 
         not a plugin
QFactoryLoader::QFactoryLoader() looking at "/usr/bin/sbkeysync"
"Failed to extract plugin meta data from '/usr/bin/sbkeysync'" 
         not a plugin
QFactoryLoader::QFactoryLoader() looking at "/usr/bin/sbsiglist"
"Failed to extract plugin meta data from '/usr/bin/sbsiglist'" 
         not a plugin
QFactoryLoader::QFactoryLoader() looking at "/usr/bin/sbsign"
"Failed to extract plugin meta data from '/usr/bin/sbsign'" 
         not a plugin
QFactoryLoader::QFactoryLoader() looking at "/usr/bin/sbvarsign"
"Failed to extract plugin meta data from '/usr/bin/sbvarsign'" 
         not a plugin
QFactoryLoader::QFactoryLoader() looking at "/usr/bin/sbverify"
"Failed to extract plugin meta data from '/usr/bin/sbverify'" 
         not a plugin
QFactoryLoader::QFactoryLoader() looking at "/usr/bin/scanimage"
"Failed to extract plugin meta data from '/usr/bin/scanimage'" 
         not a plugin
QFactoryLoader::QFactoryLoader() looking at "/usr/bin/sccmap"
"Failed to extract plugin meta data from '/usr/bin/sccmap'" 
         not a plugin
QFactoryLoader::QFactoryLoader() looking at "/usr/bin/scel2org5"
"Failed to extract plugin meta data from '/usr/bin/scel2org5'" 
         not a plugin
QFactoryLoader::QFactoryLoader() looking at "/usr/bin/scor2prt"
"Failed to extract plugin meta data from '/usr/bin/scor2prt'" 
         not a plugin
QFactoryLoader::QFactoryLoader() looking at "/usr/bin/scp"
"Failed to extract plugin meta data from '/usr/bin/scp'" 
         not a plugin
QFactoryLoader::QFactoryLoader() looking at "/usr/bin/scp-dbus-service"
QElfParser: '/usr/bin/scp-dbus-service' is not an ELF object
"'/usr/bin/scp-dbus-service' is not an ELF object" 
         not a plugin
QFactoryLoader::QFactoryLoader() looking at "/usr/bin/screendump"
"Failed to extract plugin meta data from '/usr/bin/screendump'" 
         not a plugin
QFactoryLoader::QFactoryLoader() looking at "/usr/bin/script"
"Failed to extract plugin meta data from '/usr/bin/script'" 
         not a plugin
QFactoryLoader::QFactoryLoader() looking at "/usr/bin/scriptlive"
"Failed to extract plugin meta data from '/usr/bin/scriptlive'" 
         not a plugin
QFactoryLoader::QFactoryLoader() looking at "/usr/bin/scriptreplay"
"Failed to extract plugin meta data from '/usr/bin/scriptreplay'" 
         not a plugin
QFactoryLoader::QFactoryLoader() looking at "/usr/bin/sdiff"
"Failed to extract plugin meta data from '/usr/bin/sdiff'" 
         not a plugin
QFactoryLoader::QFactoryLoader() looking at "/usr/bin/sdptool"
"Failed to extract plugin meta data from '/usr/bin/sdptool'" 
         not a plugin
QFactoryLoader::QFactoryLoader() looking at "/usr/bin/sed"
"Failed to extract plugin meta data from '/usr/bin/sed'" 
         not a plugin
QFactoryLoader::QFactoryLoader() looking at "/usr/bin/see"
QElfParser: '/usr/bin/run-mailcap' is not an ELF object
"'/usr/bin/run-mailcap' is not an ELF object" 
         not a plugin
QFactoryLoader::QFactoryLoader() looking at "/usr/bin/select-default-iwrap"
QElfParser: '/usr/bin/select-default-iwrap' is not an ELF object
"'/usr/bin/select-default-iwrap' is not an ELF object" 
         not a plugin
QFactoryLoader::QFactoryLoader() looking at "/usr/bin/select-editor"
QElfParser: '/usr/bin/select-editor' is not an ELF object
"'/usr/bin/select-editor' is not an ELF object" 
         not a plugin
QFactoryLoader::QFactoryLoader() looking at "/usr/bin/selfserv"
"Failed to extract plugin meta data from '/usr/bin/selfserv'" 
         not a plugin
QFactoryLoader::QFactoryLoader() looking at "/usr/bin/sensible-browser"
QElfParser: '/usr/bin/sensible-browser' is not an ELF object
"'/usr/bin/sensible-browser' is not an ELF object" 
         not a plugin
QFactoryLoader::QFactoryLoader() looking at "/usr/bin/sensible-editor"
QElfParser: '/usr/bin/sensible-editor' is not an ELF object
"'/usr/bin/sensible-editor' is not an ELF object" 
         not a plugin
QFactoryLoader::QFactoryLoader() looking at "/usr/bin/sensible-pager"
QElfParser: '/usr/bin/sensible-pager' is not an ELF object
"'/usr/bin/sensible-pager' is not an ELF object" 
         not a plugin
QFactoryLoader::QFactoryLoader() looking at "/usr/bin/sensors"
"Failed to extract plugin meta data from '/usr/bin/sensors'" 
         not a plugin
QFactoryLoader::QFactoryLoader() looking at "/usr/bin/sensors-conf-convert"
QElfParser: '/usr/bin/sensors-conf-convert' is not an ELF object
"'/usr/bin/sensors-conf-convert' is not an ELF object" 
         not a plugin
QFactoryLoader::QFactoryLoader() looking at "/usr/bin/seq"
"Failed to extract plugin meta data from '/usr/bin/seq'" 
         not a plugin
QFactoryLoader::QFactoryLoader() looking at "/usr/bin/session-migration"
"Failed to extract plugin meta data from '/usr/bin/session-migration'" 
         not a plugin
QFactoryLoader::QFactoryLoader() looking at "/usr/bin/sessreg"
"Failed to extract plugin meta data from '/usr/bin/sessreg'" 
         not a plugin
QFactoryLoader::QFactoryLoader() looking at "/usr/bin/setarch"
"Failed to extract plugin meta data from '/usr/bin/setarch'" 
         not a plugin
QFactoryLoader::QFactoryLoader() looking at "/usr/bin/setfacl"
"Failed to extract plugin meta data from '/usr/bin/setfacl'" 
         not a plugin
QFactoryLoader::QFactoryLoader() looking at "/usr/bin/setfont"
"Failed to extract plugin meta data from '/usr/bin/setfont'" 
         not a plugin
QFactoryLoader::QFactoryLoader() looking at "/usr/bin/setkeycodes"
"Failed to extract plugin meta data from '/usr/bin/setkeycodes'" 
         not a plugin
QFactoryLoader::QFactoryLoader() looking at "/usr/bin/setleds"
"Failed to extract plugin meta data from '/usr/bin/setleds'" 
         not a plugin
QFactoryLoader::QFactoryLoader() looking at "/usr/bin/setlogcons"
"Failed to extract plugin meta data from '/usr/bin/setlogcons'" 
         not a plugin
QFactoryLoader::QFactoryLoader() looking at "/usr/bin/setmetamode"
"Failed to extract plugin meta data from '/usr/bin/setmetamode'" 
         not a plugin
QFactoryLoader::QFactoryLoader() looking at "/usr/bin/setpci"
"Failed to extract plugin meta data from '/usr/bin/setpci'" 
         not a plugin
QFactoryLoader::QFactoryLoader() looking at "/usr/bin/setpriv"
"Failed to extract plugin meta data from '/usr/bin/setpriv'" 
         not a plugin
QFactoryLoader::QFactoryLoader() looking at "/usr/bin/setsid"
"Failed to extract plugin meta data from '/usr/bin/setsid'" 
         not a plugin
QFactoryLoader::QFactoryLoader() looking at "/usr/bin/setterm"
"Failed to extract plugin meta data from '/usr/bin/setterm'" 
         not a plugin
QFactoryLoader::QFactoryLoader() looking at "/usr/bin/setupcon"
QElfParser: '/usr/bin/setupcon' is not an ELF object
"'/usr/bin/setupcon' is not an ELF object" 
         not a plugin
QFactoryLoader::QFactoryLoader() looking at "/usr/bin/setxkbmap"
"Failed to extract plugin meta data from '/usr/bin/setxkbmap'" 
         not a plugin
QFactoryLoader::QFactoryLoader() looking at "/usr/bin/sfconv"
"Failed to extract plugin meta data from '/usr/bin/sfconv'" 
         not a plugin
QFactoryLoader::QFactoryLoader() looking at "/usr/bin/sfdp"
"Failed to extract plugin meta data from '/usr/sbin/libgvc6-config-update'" 
         not a plugin
QFactoryLoader::QFactoryLoader() looking at "/usr/bin/sftp"
"Failed to extract plugin meta data from '/usr/bin/sftp'" 
         not a plugin
QFactoryLoader::QFactoryLoader() looking at "/usr/bin/sg"
"Failed to extract plugin meta data from '/usr/bin/newgrp'" 
         not a plugin
QFactoryLoader::QFactoryLoader() looking at "/usr/bin/sgitopnm"
"Failed to extract plugin meta data from '/usr/bin/sgitopnm'" 
         not a plugin
QFactoryLoader::QFactoryLoader() looking at "/usr/bin/sh"
"Failed to extract plugin meta data from '/usr/bin/dash'" 
         not a plugin
QFactoryLoader::QFactoryLoader() looking at "/usr/bin/sha1sum"
"Failed to extract plugin meta data from '/usr/bin/sha1sum'" 
         not a plugin
QFactoryLoader::QFactoryLoader() looking at "/usr/bin/sha224sum"
"Failed to extract plugin meta data from '/usr/bin/sha224sum'" 
         not a plugin
QFactoryLoader::QFactoryLoader() looking at "/usr/bin/sha256sum"
"Failed to extract plugin meta data from '/usr/bin/sha256sum'" 
         not a plugin
QFactoryLoader::QFactoryLoader() looking at "/usr/bin/sha384sum"
"Failed to extract plugin meta data from '/usr/bin/sha384sum'" 
         not a plugin
QFactoryLoader::QFactoryLoader() looking at "/usr/bin/sha512sum"
"Failed to extract plugin meta data from '/usr/bin/sha512sum'" 
         not a plugin
QFactoryLoader::QFactoryLoader() looking at "/usr/bin/shares-admin"
"Failed to extract plugin meta data from '/usr/bin/shares-admin'" 
         not a plugin
QFactoryLoader::QFactoryLoader() looking at "/usr/bin/shasum"
QElfParser: '/usr/bin/shasum' is not an ELF object
"'/usr/bin/shasum' is not an ELF object" 
         not a plugin
QFactoryLoader::QFactoryLoader() looking at "/usr/bin/shlibsign"
"Failed to extract plugin meta data from '/usr/bin/shlibsign'" 
         not a plugin
QFactoryLoader::QFactoryLoader() looking at "/usr/bin/showchar"
QElfParser: '/usr/bin/showchar' is not an ELF object
"'/usr/bin/showchar' is not an ELF object" 
         not a plugin
QFactoryLoader::QFactoryLoader() looking at "/usr/bin/showconsolefont"
"Failed to extract plugin meta data from '/usr/bin/showconsolefont'" 
         not a plugin
QFactoryLoader::QFactoryLoader() looking at "/usr/bin/showkey"
"Failed to extract plugin meta data from '/usr/bin/showkey'" 
         not a plugin
QFactoryLoader::QFactoryLoader() looking at "/usr/bin/showrgb"
"Failed to extract plugin meta data from '/usr/bin/showrgb'" 
         not a plugin
QFactoryLoader::QFactoryLoader() looking at "/usr/bin/shred"
"Failed to extract plugin meta data from '/usr/bin/shred'" 
         not a plugin
QFactoryLoader::QFactoryLoader() looking at "/usr/bin/shuf"
"Failed to extract plugin meta data from '/usr/bin/shuf'" 
         not a plugin
QFactoryLoader::QFactoryLoader() looking at "/usr/bin/signtool"
"Failed to extract plugin meta data from '/usr/bin/signtool'" 
         not a plugin
QFactoryLoader::QFactoryLoader() looking at "/usr/bin/signver"
"Failed to extract plugin meta data from '/usr/bin/signver'" 
         not a plugin
QFactoryLoader::QFactoryLoader() looking at "/usr/bin/simpdftex"
QElfParser: '/usr/share/texlive/texmf-dist/scripts/simpdftex/simpdftex' is not an ELF object
"'/usr/share/texlive/texmf-dist/scripts/simpdftex/simpdftex' is not an ELF object" 
         not a plugin
QFactoryLoader::QFactoryLoader() looking at "/usr/bin/simple-scan"
"Failed to extract plugin meta data from '/usr/bin/simple-scan'" 
         not a plugin
QFactoryLoader::QFactoryLoader() looking at "/usr/bin/sirtopnm"
"Failed to extract plugin meta data from '/usr/bin/sirtopnm'" 
         not a plugin
QFactoryLoader::QFactoryLoader() looking at "/usr/bin/sjisconv"
"Failed to extract plugin meta data from '/usr/bin/sjisconv'" 
         not a plugin
QFactoryLoader::QFactoryLoader() looking at "/usr/bin/sjislatex"
QElfParser: '/usr/bin/sjislatex' is not an ELF object
"'/usr/bin/sjislatex' is not an ELF object" 
         not a plugin
QFactoryLoader::QFactoryLoader() looking at "/usr/bin/sjispdflatex"
QElfParser: '/usr/bin/sjispdflatex' is not an ELF object
"'/usr/bin/sjispdflatex' is not an ELF object" 
         not a plugin
QFactoryLoader::QFactoryLoader() looking at "/usr/bin/skill"
"Failed to extract plugin meta data from '/usr/bin/skill'" 
         not a plugin
QFactoryLoader::QFactoryLoader() looking at "/usr/bin/slabtop"
"Failed to extract plugin meta data from '/usr/bin/slabtop'" 
         not a plugin
QFactoryLoader::QFactoryLoader() looking at "/usr/bin/sldtoppm"
"Failed to extract plugin meta data from '/usr/bin/sldtoppm'" 
         not a plugin
QFactoryLoader::QFactoryLoader() looking at "/usr/bin/sleep"
"Failed to extract plugin meta data from '/usr/bin/sleep'" 
         not a plugin
QFactoryLoader::QFactoryLoader() looking at "/usr/bin/slogin"
"Failed to extract plugin meta data from '/usr/bin/ssh'" 
         not a plugin
QFactoryLoader::QFactoryLoader() looking at "/usr/bin/slxdecode"
"Failed to extract plugin meta data from '/usr/bin/slxdecode'" 
         not a plugin
QFactoryLoader::QFactoryLoader() looking at "/usr/bin/smproxy"
"Failed to extract plugin meta data from '/usr/bin/smproxy'" 
         not a plugin
QFactoryLoader::QFactoryLoader() looking at "/usr/bin/snap"
"Failed to extract plugin meta data from '/usr/bin/snap'" 
         not a plugin
QFactoryLoader::QFactoryLoader() looking at "/usr/bin/snapctl"
"Failed to extract plugin meta data from '/usr/lib/snapd/snapctl'" 
         not a plugin
QFactoryLoader::QFactoryLoader() looking at "/usr/bin/snapfuse"
"Failed to extract plugin meta data from '/usr/bin/snapfuse'" 
         not a plugin
QFactoryLoader::QFactoryLoader() looking at "/usr/bin/snice"
"Failed to extract plugin meta data from '/usr/bin/skill'" 
         not a plugin
QFactoryLoader::QFactoryLoader() looking at "/usr/bin/sntp"
"Failed to extract plugin meta data from '/usr/bin/sntp'" 
         not a plugin
QFactoryLoader::QFactoryLoader() looking at "/usr/bin/socat"
"Failed to extract plugin meta data from '/usr/bin/socat'" 
         not a plugin
QFactoryLoader::QFactoryLoader() looking at "/usr/bin/soelim"
"Failed to extract plugin meta data from '/usr/bin/soelim'" 
         not a plugin
QFactoryLoader::QFactoryLoader() looking at "/usr/bin/soffice"
QElfParser: '/usr/lib/libreoffice/program/soffice' is not an ELF object
"'/usr/lib/libreoffice/program/soffice' is not an ELF object" 
         not a plugin
QFactoryLoader::QFactoryLoader() looking at "/usr/bin/software-properties-gtk"
QElfParser: '/usr/bin/software-properties-gtk' is not an ELF object
"'/usr/bin/software-properties-gtk' is not an ELF object" 
         not a plugin
QFactoryLoader::QFactoryLoader() looking at "/usr/bin/sort"
"Failed to extract plugin meta data from '/usr/bin/sort'" 
         not a plugin
QFactoryLoader::QFactoryLoader() looking at "/usr/bin/spa-acp-tool"
"Failed to extract plugin meta data from '/usr/bin/spa-acp-tool'" 
         not a plugin
QFactoryLoader::QFactoryLoader() looking at "/usr/bin/spa-inspect"
"Failed to extract plugin meta data from '/usr/bin/spa-inspect'" 
         not a plugin
QFactoryLoader::QFactoryLoader() looking at "/usr/bin/spa-json-dump"
"Failed to extract plugin meta data from '/usr/bin/spa-json-dump'" 
         not a plugin
QFactoryLoader::QFactoryLoader() looking at "/usr/bin/spa-monitor"
"Failed to extract plugin meta data from '/usr/bin/spa-monitor'" 
         not a plugin
QFactoryLoader::QFactoryLoader() looking at "/usr/bin/spa-resample"
"Failed to extract plugin meta data from '/usr/bin/spa-resample'" 
         not a plugin
QFactoryLoader::QFactoryLoader() looking at "/usr/bin/spctoppm"
"Failed to extract plugin meta data from '/usr/bin/spctoppm'" 
         not a plugin
QFactoryLoader::QFactoryLoader() looking at "/usr/bin/spd-say"
"Failed to extract plugin meta data from '/usr/bin/spd-say'" 
         not a plugin
QFactoryLoader::QFactoryLoader() looking at "/usr/bin/spdsend"
"Failed to extract plugin meta data from '/usr/bin/spdsend'" 
         not a plugin
QFactoryLoader::QFactoryLoader() looking at "/usr/bin/speaker-test"
"Failed to extract plugin meta data from '/usr/bin/speaker-test'" 
         not a plugin
QFactoryLoader::QFactoryLoader() looking at "/usr/bin/speech-dispatcher"
"Failed to extract plugin meta data from '/usr/bin/speech-dispatcher'" 
         not a plugin
QFactoryLoader::QFactoryLoader() looking at "/usr/bin/spice-vdagent"
"Failed to extract plugin meta data from '/usr/bin/spice-vdagent'" 
         not a plugin
QFactoryLoader::QFactoryLoader() looking at "/usr/bin/splain"
QElfParser: '/usr/bin/splain' is not an ELF object
"'/usr/bin/splain' is not an ELF object" 
         not a plugin
QFactoryLoader::QFactoryLoader() looking at "/usr/bin/split"
"Failed to extract plugin meta data from '/usr/bin/split'" 
         not a plugin
QFactoryLoader::QFactoryLoader() looking at "/usr/bin/splitfont"
"Failed to extract plugin meta data from '/usr/bin/splitfont'" 
         not a plugin
QFactoryLoader::QFactoryLoader() looking at "/usr/bin/splitindex"
QElfParser: '/usr/share/texlive/texmf-dist/scripts/splitindex/splitindex.pl' is not an ELF object
"'/usr/share/texlive/texmf-dist/scripts/splitindex/splitindex.pl' is not an ELF object" 
         not a plugin
QFactoryLoader::QFactoryLoader() looking at "/usr/bin/sputoppm"
"Failed to extract plugin meta data from '/usr/bin/sputoppm'" 
         not a plugin
QFactoryLoader::QFactoryLoader() looking at "/usr/bin/sqfscat"
"Failed to extract plugin meta data from '/usr/bin/unsquashfs'" 
         not a plugin
QFactoryLoader::QFactoryLoader() looking at "/usr/bin/sqfstar"
"Failed to extract plugin meta data from '/usr/bin/mksquashfs'" 
         not a plugin
QFactoryLoader::QFactoryLoader() looking at "/usr/bin/srcredact"
QElfParser: '/usr/share/texlive/texmf-dist/scripts/srcredact/srcredact.pl' is not an ELF object
"'/usr/share/texlive/texmf-dist/scripts/srcredact/srcredact.pl' is not an ELF object" 
         not a plugin
QFactoryLoader::QFactoryLoader() looking at "/usr/bin/ss"
"Failed to extract plugin meta data from '/usr/bin/ss'" 
         not a plugin
QFactoryLoader::QFactoryLoader() looking at "/usr/bin/ssh"
"Failed to extract plugin meta data from '/usr/bin/ssh'" 
         not a plugin
QFactoryLoader::QFactoryLoader() looking at "/usr/bin/ssh-add"
"Failed to extract plugin meta data from '/usr/bin/ssh-add'" 
         not a plugin
QFactoryLoader::QFactoryLoader() looking at "/usr/bin/ssh-agent"
"Failed to extract plugin meta data from '/usr/bin/ssh-agent'" 
         not a plugin
QFactoryLoader::QFactoryLoader() looking at "/usr/bin/ssh-argv0"
QElfParser: '/usr/bin/ssh-argv0' is not an ELF object
"'/usr/bin/ssh-argv0' is not an ELF object" 
         not a plugin
QFactoryLoader::QFactoryLoader() looking at "/usr/bin/ssh-copy-id"
QElfParser: '/usr/bin/ssh-copy-id' is not an ELF object
"'/usr/bin/ssh-copy-id' is not an ELF object" 
         not a plugin
QFactoryLoader::QFactoryLoader() looking at "/usr/bin/ssh-keygen"
"Failed to extract plugin meta data from '/usr/bin/ssh-keygen'" 
         not a plugin
QFactoryLoader::QFactoryLoader() looking at "/usr/bin/ssh-keyscan"
"Failed to extract plugin meta data from '/usr/bin/ssh-keyscan'" 
         not a plugin
QFactoryLoader::QFactoryLoader() looking at "/usr/bin/sshfs"
"Failed to extract plugin meta data from '/usr/bin/sshfs'" 
         not a plugin
QFactoryLoader::QFactoryLoader() looking at "/usr/bin/ssltap"
"Failed to extract plugin meta data from '/usr/bin/ssltap'" 
         not a plugin
QFactoryLoader::QFactoryLoader() looking at "/usr/bin/st4topgm"
"Failed to extract plugin meta data from '/usr/bin/st4topgm'" 
         not a plugin
QFactoryLoader::QFactoryLoader() looking at "/usr/bin/start-pulseaudio-x11"
QElfParser: '/usr/bin/start-pulseaudio-x11' is not an ELF object
"'/usr/bin/start-pulseaudio-x11' is not an ELF object" 
         not a plugin
QFactoryLoader::QFactoryLoader() looking at "/usr/bin/startx"
QElfParser: '/usr/bin/startx' is not an ELF object
"'/usr/bin/startx' is not an ELF object" 
         not a plugin
QFactoryLoader::QFactoryLoader() looking at "/usr/bin/startxfce4"
QElfParser: '/usr/bin/startxfce4' is not an ELF object
"'/usr/bin/startxfce4' is not an ELF object" 
         not a plugin
QFactoryLoader::QFactoryLoader() looking at "/usr/bin/stat"
"Failed to extract plugin meta data from '/usr/bin/stat'" 
         not a plugin
QFactoryLoader::QFactoryLoader() looking at "/usr/bin/static-sh"
"Failed to extract plugin meta data from '/usr/bin/busybox'" 
         not a plugin
QFactoryLoader::QFactoryLoader() looking at "/usr/bin/stdbuf"
"Failed to extract plugin meta data from '/usr/bin/stdbuf'" 
         not a plugin
QFactoryLoader::QFactoryLoader() looking at "/usr/bin/stl2gts"
"Failed to extract plugin meta data from '/usr/bin/stl2gts'" 
         not a plugin
QFactoryLoader::QFactoryLoader() looking at "/usr/bin/strace"
"Failed to extract plugin meta data from '/usr/bin/strace'" 
         not a plugin
QFactoryLoader::QFactoryLoader() looking at "/usr/bin/strace-log-merge"
QElfParser: '/usr/bin/strace-log-merge' is not an ELF object
"'/usr/bin/strace-log-merge' is not an ELF object" 
         not a plugin
QFactoryLoader::QFactoryLoader() looking at "/usr/bin/stream"
"Failed to extract plugin meta data from '/usr/bin/stream-im6.q16'" 
         not a plugin
QFactoryLoader::QFactoryLoader() looking at "/usr/bin/stream-im6"
"Failed to extract plugin meta data from '/usr/bin/stream-im6.q16'" 
         not a plugin
QFactoryLoader::QFactoryLoader() looking at "/usr/bin/stream-im6.q16"
"Failed to extract plugin meta data from '/usr/bin/stream-im6.q16'" 
         not a plugin
QFactoryLoader::QFactoryLoader() looking at "/usr/bin/streamzip"
QElfParser: '/usr/bin/streamzip' is not an ELF object
"'/usr/bin/streamzip' is not an ELF object" 
         not a plugin
QFactoryLoader::QFactoryLoader() looking at "/usr/bin/strsclnt"
"Failed to extract plugin meta data from '/usr/bin/strsclnt'" 
         not a plugin
QFactoryLoader::QFactoryLoader() looking at "/usr/bin/stty"
"Failed to extract plugin meta data from '/usr/bin/stty'" 
         not a plugin
QFactoryLoader::QFactoryLoader() looking at "/usr/bin/sty2dtx"
QElfParser: '/usr/share/texlive/texmf-dist/scripts/sty2dtx/sty2dtx.pl' is not an ELF object
"'/usr/share/texlive/texmf-dist/scripts/sty2dtx/sty2dtx.pl' is not an ELF object" 
         not a plugin
QFactoryLoader::QFactoryLoader() looking at "/usr/bin/su"
"Failed to extract plugin meta data from '/usr/bin/su'" 
         not a plugin
QFactoryLoader::QFactoryLoader() looking at "/usr/bin/sudo"
"Failed to extract plugin meta data from '/usr/bin/sudo'" 
         not a plugin
QFactoryLoader::QFactoryLoader() looking at "/usr/bin/sudoedit"
"Failed to extract plugin meta data from '/usr/bin/sudo'" 
         not a plugin
QFactoryLoader::QFactoryLoader() looking at "/usr/bin/sudoreplay"
"Failed to extract plugin meta data from '/usr/bin/sudoreplay'" 
         not a plugin
QFactoryLoader::QFactoryLoader() looking at "/usr/bin/sum"
"Failed to extract plugin meta data from '/usr/bin/sum'" 
         not a plugin
QFactoryLoader::QFactoryLoader() looking at "/usr/bin/svn-multi"
QElfParser: '/usr/share/texlive/texmf-dist/scripts/svn-multi/svn-multi.pl' is not an ELF object
"'/usr/share/texlive/texmf-dist/scripts/svn-multi/svn-multi.pl' is not an ELF object" 
         not a plugin
QFactoryLoader::QFactoryLoader() looking at "/usr/bin/symkeyutil"
"Failed to extract plugin meta data from '/usr/bin/symkeyutil'" 
         not a plugin
QFactoryLoader::QFactoryLoader() looking at "/usr/bin/synaptic-pkexec"
QElfParser: '/usr/bin/synaptic-pkexec' is not an ELF object (file too small)
"'/usr/bin/synaptic-pkexec' is not an ELF object (file too small)" 
         not a plugin
QFactoryLoader::QFactoryLoader() looking at "/usr/bin/sync"
"Failed to extract plugin meta data from '/usr/bin/sync'" 
         not a plugin
QFactoryLoader::QFactoryLoader() looking at "/usr/bin/synclient"
"Failed to extract plugin meta data from '/usr/bin/synclient'" 
         not a plugin
QFactoryLoader::QFactoryLoader() looking at "/usr/bin/synctex"
"Failed to extract plugin meta data from '/usr/bin/synctex'" 
         not a plugin
QFactoryLoader::QFactoryLoader() looking at "/usr/bin/syndaemon"
"Failed to extract plugin meta data from '/usr/bin/syndaemon'" 
         not a plugin
QFactoryLoader::QFactoryLoader() looking at "/usr/bin/system-config-printer"
QElfParser: '/usr/bin/system-config-printer' is not an ELF object
"'/usr/bin/system-config-printer' is not an ELF object" 
         not a plugin
QFactoryLoader::QFactoryLoader() looking at "/usr/bin/system-config-printer-applet"
QElfParser: '/usr/bin/system-config-printer-applet' is not an ELF object
"'/usr/bin/system-config-printer-applet' is not an ELF object" 
         not a plugin
QFactoryLoader::QFactoryLoader() looking at "/usr/bin/systemctl"
"Failed to extract plugin meta data from '/usr/bin/systemctl'" 
         not a plugin
QFactoryLoader::QFactoryLoader() looking at "/usr/bin/systemd"
"Failed to extract plugin meta data from '/usr/lib/systemd/systemd'" 
         not a plugin
QFactoryLoader::QFactoryLoader() looking at "/usr/bin/systemd-analyze"
"Failed to extract plugin meta data from '/usr/bin/systemd-analyze'" 
         not a plugin
QFactoryLoader::QFactoryLoader() looking at "/usr/bin/systemd-ask-password"
"Failed to extract plugin meta data from '/usr/bin/systemd-ask-password'" 
         not a plugin
QFactoryLoader::QFactoryLoader() looking at "/usr/bin/systemd-cat"
"Failed to extract plugin meta data from '/usr/bin/systemd-cat'" 
         not a plugin
QFactoryLoader::QFactoryLoader() looking at "/usr/bin/systemd-cgls"
"Failed to extract plugin meta data from '/usr/bin/systemd-cgls'" 
         not a plugin
QFactoryLoader::QFactoryLoader() looking at "/usr/bin/systemd-cgtop"
"Failed to extract plugin meta data from '/usr/bin/systemd-cgtop'" 
         not a plugin
QFactoryLoader::QFactoryLoader() looking at "/usr/bin/systemd-cryptenroll"
"Failed to extract plugin meta data from '/usr/bin/systemd-cryptenroll'" 
         not a plugin
QFactoryLoader::QFactoryLoader() looking at "/usr/bin/systemd-delta"
"Failed to extract plugin meta data from '/usr/bin/systemd-delta'" 
         not a plugin
QFactoryLoader::QFactoryLoader() looking at "/usr/bin/systemd-detect-virt"
"Failed to extract plugin meta data from '/usr/bin/systemd-detect-virt'" 
         not a plugin
QFactoryLoader::QFactoryLoader() looking at "/usr/bin/systemd-escape"
"Failed to extract plugin meta data from '/usr/bin/systemd-escape'" 
         not a plugin
QFactoryLoader::QFactoryLoader() looking at "/usr/bin/systemd-hwdb"
"Failed to extract plugin meta data from '/usr/bin/systemd-hwdb'" 
         not a plugin
QFactoryLoader::QFactoryLoader() looking at "/usr/bin/systemd-id128"
"Failed to extract plugin meta data from '/usr/bin/systemd-id128'" 
         not a plugin
QFactoryLoader::QFactoryLoader() looking at "/usr/bin/systemd-inhibit"
"Failed to extract plugin meta data from '/usr/bin/systemd-inhibit'" 
         not a plugin
QFactoryLoader::QFactoryLoader() looking at "/usr/bin/systemd-machine-id-setup"
"Failed to extract plugin meta data from '/usr/bin/systemd-machine-id-setup'" 
         not a plugin
QFactoryLoader::QFactoryLoader() looking at "/usr/bin/systemd-mount"
"Failed to extract plugin meta data from '/usr/bin/systemd-mount'" 
         not a plugin
QFactoryLoader::QFactoryLoader() looking at "/usr/bin/systemd-notify"
"Failed to extract plugin meta data from '/usr/bin/systemd-notify'" 
         not a plugin
QFactoryLoader::QFactoryLoader() looking at "/usr/bin/systemd-path"
"Failed to extract plugin meta data from '/usr/bin/systemd-path'" 
         not a plugin
QFactoryLoader::QFactoryLoader() looking at "/usr/bin/systemd-run"
"Failed to extract plugin meta data from '/usr/bin/systemd-run'" 
         not a plugin
QFactoryLoader::QFactoryLoader() looking at "/usr/bin/systemd-socket-activate"
"Failed to extract plugin meta data from '/usr/bin/systemd-socket-activate'" 
         not a plugin
QFactoryLoader::QFactoryLoader() looking at "/usr/bin/systemd-stdio-bridge"
"Failed to extract plugin meta data from '/usr/bin/systemd-stdio-bridge'" 
         not a plugin
QFactoryLoader::QFactoryLoader() looking at "/usr/bin/systemd-sysext"
"Failed to extract plugin meta data from '/usr/bin/systemd-sysext'" 
         not a plugin
QFactoryLoader::QFactoryLoader() looking at "/usr/bin/systemd-sysusers"
"Failed to extract plugin meta data from '/usr/bin/systemd-sysusers'" 
         not a plugin
QFactoryLoader::QFactoryLoader() looking at "/usr/bin/systemd-tmpfiles"
"Failed to extract plugin meta data from '/usr/bin/systemd-tmpfiles'" 
         not a plugin
QFactoryLoader::QFactoryLoader() looking at "/usr/bin/systemd-tty-ask-password-agent"
"Failed to extract plugin meta data from '/usr/bin/systemd-tty-ask-password-agent'" 
         not a plugin
QFactoryLoader::QFactoryLoader() looking at "/usr/bin/systemd-umount"
"Failed to extract plugin meta data from '/usr/bin/systemd-mount'" 
         not a plugin
QFactoryLoader::QFactoryLoader() looking at "/usr/bin/t1ascii"
"Failed to extract plugin meta data from '/usr/bin/t1ascii'" 
         not a plugin
QFactoryLoader::QFactoryLoader() looking at "/usr/bin/t1asm"
"Failed to extract plugin meta data from '/usr/bin/t1asm'" 
         not a plugin
QFactoryLoader::QFactoryLoader() looking at "/usr/bin/t1binary"
"Failed to extract plugin meta data from '/usr/bin/t1binary'" 
         not a plugin
QFactoryLoader::QFactoryLoader() looking at "/usr/bin/t1c2pfb"
"Failed to extract plugin meta data from '/usr/bin/t1c2pfb'" 
         not a plugin
QFactoryLoader::QFactoryLoader() looking at "/usr/bin/t1disasm"
"Failed to extract plugin meta data from '/usr/bin/t1disasm'" 
         not a plugin
QFactoryLoader::QFactoryLoader() looking at "/usr/bin/t1dotlessj"
"Failed to extract plugin meta data from '/usr/bin/t1dotlessj'" 
         not a plugin
QFactoryLoader::QFactoryLoader() looking at "/usr/bin/t1lint"
"Failed to extract plugin meta data from '/usr/bin/t1lint'" 
         not a plugin
QFactoryLoader::QFactoryLoader() looking at "/usr/bin/t1mac"
"Failed to extract plugin meta data from '/usr/bin/t1mac'" 
         not a plugin
QFactoryLoader::QFactoryLoader() looking at "/usr/bin/t1rawafm"
"Failed to extract plugin meta data from '/usr/bin/t1rawafm'" 
         not a plugin
QFactoryLoader::QFactoryLoader() looking at "/usr/bin/t1reencode"
"Failed to extract plugin meta data from '/usr/bin/t1reencode'" 
         not a plugin
QFactoryLoader::QFactoryLoader() looking at "/usr/bin/t1testpage"
"Failed to extract plugin meta data from '/usr/bin/t1testpage'" 
         not a plugin
QFactoryLoader::QFactoryLoader() looking at "/usr/bin/t1unmac"
"Failed to extract plugin meta data from '/usr/bin/t1unmac'" 
         not a plugin
QFactoryLoader::QFactoryLoader() looking at "/usr/bin/t4ht"
"Failed to extract plugin meta data from '/usr/bin/t4ht'" 
         not a plugin
QFactoryLoader::QFactoryLoader() looking at "/usr/bin/tabs"
"Failed to extract plugin meta data from '/usr/bin/tabs'" 
         not a plugin
QFactoryLoader::QFactoryLoader() looking at "/usr/bin/tac"
"Failed to extract plugin meta data from '/usr/bin/tac'" 
         not a plugin
QFactoryLoader::QFactoryLoader() looking at "/usr/bin/tail"
"Failed to extract plugin meta data from '/usr/bin/tail'" 
         not a plugin
QFactoryLoader::QFactoryLoader() looking at "/usr/bin/tangle"
"Failed to extract plugin meta data from '/usr/bin/tangle'" 
         not a plugin
QFactoryLoader::QFactoryLoader() looking at "/usr/bin/tar"
"Failed to extract plugin meta data from '/usr/bin/tar'" 
         not a plugin
QFactoryLoader::QFactoryLoader() looking at "/usr/bin/taskset"
"Failed to extract plugin meta data from '/usr/bin/taskset'" 
         not a plugin
QFactoryLoader::QFactoryLoader() looking at "/usr/bin/tbl"
"Failed to extract plugin meta data from '/usr/bin/tbl'" 
         not a plugin
QFactoryLoader::QFactoryLoader() looking at "/usr/bin/tclsh"
"Failed to extract plugin meta data from '/usr/bin/tclsh8.6'" 
         not a plugin
QFactoryLoader::QFactoryLoader() looking at "/usr/bin/tclsh8.6"
"Failed to extract plugin meta data from '/usr/bin/tclsh8.6'" 
         not a plugin
QFactoryLoader::QFactoryLoader() looking at "/usr/bin/tcpdump"
"Failed to extract plugin meta data from '/usr/bin/tcpdump'" 
         not a plugin
QFactoryLoader::QFactoryLoader() looking at "/usr/bin/teckit_compile"
"Failed to extract plugin meta data from '/usr/bin/teckit_compile'" 
         not a plugin
QFactoryLoader::QFactoryLoader() looking at "/usr/bin/tee"
"Failed to extract plugin meta data from '/usr/bin/tee'" 
         not a plugin
QFactoryLoader::QFactoryLoader() looking at "/usr/bin/telnet"
"Failed to extract plugin meta data from '/usr/bin/telnet.netkit'" 
         not a plugin
QFactoryLoader::QFactoryLoader() looking at "/usr/bin/telnet.netkit"
"Failed to extract plugin meta data from '/usr/bin/telnet.netkit'" 
         not a plugin
QFactoryLoader::QFactoryLoader() looking at "/usr/bin/tempfile"
"Failed to extract plugin meta data from '/usr/bin/tempfile'" 
         not a plugin
QFactoryLoader::QFactoryLoader() looking at "/usr/bin/test"
"Failed to extract plugin meta data from '/usr/bin/test'" 
         not a plugin
QFactoryLoader::QFactoryLoader() looking at "/usr/bin/tex"
"Failed to extract plugin meta data from '/usr/bin/tex'" 
         not a plugin
QFactoryLoader::QFactoryLoader() looking at "/usr/bin/tex2aspc"
"Failed to extract plugin meta data from '/usr/bin/tex2aspc'" 
         not a plugin
QFactoryLoader::QFactoryLoader() looking at "/usr/bin/tex4ebook"
QElfParser: '/usr/share/texlive/texmf-dist/scripts/tex4ebook/tex4ebook' is not an ELF object
"'/usr/share/texlive/texmf-dist/scripts/tex4ebook/tex4ebook' is not an ELF object" 
         not a plugin
QFactoryLoader::QFactoryLoader() looking at "/usr/bin/tex4ht"
"Failed to extract plugin meta data from '/usr/bin/tex4ht'" 
         not a plugin
QFactoryLoader::QFactoryLoader() looking at "/usr/bin/texconfig"
QElfParser: '/usr/share/texlive/texmf-dist/scripts/texlive-extra/texconfig.sh' is not an ELF object
"'/usr/share/texlive/texmf-dist/scripts/texlive-extra/texconfig.sh' is not an ELF object" 
         not a plugin
QFactoryLoader::QFactoryLoader() looking at "/usr/bin/texconfig-dialog"
QElfParser: '/usr/share/texlive/texmf-dist/scripts/texlive-extra/texconfig-dialog.sh' is not an ELF object
"'/usr/share/texlive/texmf-dist/scripts/texlive-extra/texconfig-dialog.sh' is not an ELF object" 
         not a plugin
QFactoryLoader::QFactoryLoader() looking at "/usr/bin/texconfig-sys"
QElfParser: '/usr/share/texlive/texmf-dist/scripts/texlive-extra/texconfig-sys.sh' is not an ELF object
"'/usr/share/texlive/texmf-dist/scripts/texlive-extra/texconfig-sys.sh' is not an ELF object" 
         not a plugin
QFactoryLoader::QFactoryLoader() looking at "/usr/bin/texcount"
QElfParser: '/usr/share/texlive/texmf-dist/scripts/texcount/texcount.pl' is not an ELF object
"'/usr/share/texlive/texmf-dist/scripts/texcount/texcount.pl' is not an ELF object" 
         not a plugin
QFactoryLoader::QFactoryLoader() looking at "/usr/bin/texdef"
QElfParser: '/usr/share/texlive/texmf-dist/scripts/texdef/texdef.pl' is not an ELF object
"'/usr/share/texlive/texmf-dist/scripts/texdef/texdef.pl' is not an ELF object" 
         not a plugin
QFactoryLoader::QFactoryLoader() looking at "/usr/bin/texdiff"
QElfParser: '/usr/share/texlive/texmf-dist/scripts/texdiff/texdiff' is not an ELF object
"'/usr/share/texlive/texmf-dist/scripts/texdiff/texdiff' is not an ELF object" 
         not a plugin
QFactoryLoader::QFactoryLoader() looking at "/usr/bin/texdirflatten"
QElfParser: '/usr/share/texlive/texmf-dist/scripts/texdirflatten/texdirflatten' is not an ELF object
"'/usr/share/texlive/texmf-dist/scripts/texdirflatten/texdirflatten' is not an ELF object" 
         not a plugin
QFactoryLoader::QFactoryLoader() looking at "/usr/bin/texdoc"
QElfParser: '/usr/share/texlive/texmf-dist/scripts/texdoc/texdoc.tlu' is not an ELF object
"'/usr/share/texlive/texmf-dist/scripts/texdoc/texdoc.tlu' is not an ELF object" 
         not a plugin
QFactoryLoader::QFactoryLoader() looking at "/usr/bin/texdoctk"
QElfParser: '/usr/share/texlive/texmf-dist/scripts/texdoctk/texdoctk.pl' is not an ELF object
"'/usr/share/texlive/texmf-dist/scripts/texdoctk/texdoctk.pl' is not an ELF object" 
         not a plugin
QFactoryLoader::QFactoryLoader() looking at "/usr/bin/texexec"
QElfParser: '/usr/bin/texexec' is not an ELF object (file too small)
"'/usr/bin/texexec' is not an ELF object (file too small)" 
         not a plugin
QFactoryLoader::QFactoryLoader() looking at "/usr/bin/texfind"
QElfParser: '/usr/bin/texfind' is not an ELF object (file too small)
"'/usr/bin/texfind' is not an ELF object (file too small)" 
         not a plugin
QFactoryLoader::QFactoryLoader() looking at "/usr/bin/texfont"
QElfParser: '/usr/bin/texfont' is not an ELF object (file too small)
"'/usr/bin/texfont' is not an ELF object (file too small)" 
         not a plugin
QFactoryLoader::QFactoryLoader() looking at "/usr/bin/texfot"
QElfParser: '/usr/share/texlive/texmf-dist/scripts/texfot/texfot.pl' is not an ELF object
"'/usr/share/texlive/texmf-dist/scripts/texfot/texfot.pl' is not an ELF object" 
         not a plugin
QFactoryLoader::QFactoryLoader() looking at "/usr/bin/texhash"
QElfParser: '/usr/share/texlive/texmf-dist/scripts/texlive/mktexlsr' is not an ELF object
"'/usr/share/texlive/texmf-dist/scripts/texlive/mktexlsr' is not an ELF object" 
         not a plugin
QFactoryLoader::QFactoryLoader() looking at "/usr/bin/texi2any"
QElfParser: '/usr/bin/texi2any' is not an ELF object
"'/usr/bin/texi2any' is not an ELF object" 
         not a plugin
QFactoryLoader::QFactoryLoader() looking at "/usr/bin/texi2dvi"
QElfParser: '/usr/bin/texi2dvi' is not an ELF object
"'/usr/bin/texi2dvi' is not an ELF object" 
         not a plugin
QFactoryLoader::QFactoryLoader() looking at "/usr/bin/texi2pdf"
QElfParser: '/usr/bin/texi2pdf' is not an ELF object
"'/usr/bin/texi2pdf' is not an ELF object" 
         not a plugin
QFactoryLoader::QFactoryLoader() looking at "/usr/bin/texindex"
QElfParser: '/usr/bin/texindex' is not an ELF object
"'/usr/bin/texindex' is not an ELF object" 
         not a plugin
QFactoryLoader::QFactoryLoader() looking at "/usr/bin/texlinks"
QElfParser: '/usr/share/texlive/texmf-dist/scripts/texlive-extra/texlinks.sh' is not an ELF object
"'/usr/share/texlive/texmf-dist/scripts/texlive-extra/texlinks.sh' is not an ELF object" 
         not a plugin
QFactoryLoader::QFactoryLoader() looking at "/usr/bin/texliveonfly"
QElfParser: '/usr/share/texlive/texmf-dist/scripts/texliveonfly/texliveonfly.py' is not an ELF object
"'/usr/share/texlive/texmf-dist/scripts/texliveonfly/texliveonfly.py' is not an ELF object" 
         not a plugin
QFactoryLoader::QFactoryLoader() looking at "/usr/bin/texloganalyser"
QElfParser: '/usr/share/texlive/texmf-dist/scripts/texloganalyser/texloganalyser' is not an ELF object
"'/usr/share/texlive/texmf-dist/scripts/texloganalyser/texloganalyser' is not an ELF object" 
         not a plugin
QFactoryLoader::QFactoryLoader() looking at "/usr/bin/texlua"
"Failed to extract plugin meta data from '/usr/bin/luatex'" 
         not a plugin
QFactoryLoader::QFactoryLoader() looking at "/usr/bin/texluac"
"Failed to extract plugin meta data from '/usr/bin/luatex'" 
         not a plugin
QFactoryLoader::QFactoryLoader() looking at "/usr/bin/texluajit"
"Failed to extract plugin meta data from '/usr/bin/luajittex'" 
         not a plugin
QFactoryLoader::QFactoryLoader() looking at "/usr/bin/texluajitc"
"Failed to extract plugin meta data from '/usr/bin/luajittex'" 
         not a plugin
QFactoryLoader::QFactoryLoader() looking at "/usr/bin/texmfstart"
QElfParser: '/usr/bin/texmfstart' is not an ELF object (file too small)
"'/usr/bin/texmfstart' is not an ELF object (file too small)" 
         not a plugin
QFactoryLoader::QFactoryLoader() looking at "/usr/bin/texosquery"
QElfParser: '/usr/share/texlive/texmf-dist/scripts/texosquery/texosquery.sh' is not an ELF object
"'/usr/share/texlive/texmf-dist/scripts/texosquery/texosquery.sh' is not an ELF object" 
         not a plugin
QFactoryLoader::QFactoryLoader() looking at "/usr/bin/texosquery-jre5"
QElfParser: '/usr/share/texlive/texmf-dist/scripts/texosquery/texosquery-jre5.sh' is not an ELF object
"'/usr/share/texlive/texmf-dist/scripts/texosquery/texosquery-jre5.sh' is not an ELF object" 
         not a plugin
QFactoryLoader::QFactoryLoader() looking at "/usr/bin/texosquery-jre8"
QElfParser: '/usr/share/texlive/texmf-dist/scripts/texosquery/texosquery-jre8.sh' is not an ELF object
"'/usr/share/texlive/texmf-dist/scripts/texosquery/texosquery-jre8.sh' is not an ELF object" 
         not a plugin
QFactoryLoader::QFactoryLoader() looking at "/usr/bin/texplate"
QElfParser: '/usr/share/texlive/texmf-dist/scripts/texplate/texplate.sh' is not an ELF object
"'/usr/share/texlive/texmf-dist/scripts/texplate/texplate.sh' is not an ELF object" 
         not a plugin
QFactoryLoader::QFactoryLoader() looking at "/usr/bin/texsis"
"Failed to extract plugin meta data from '/usr/bin/pdftex'" 
         not a plugin
QFactoryLoader::QFactoryLoader() looking at "/usr/bin/tftopl"
"Failed to extract plugin meta data from '/usr/bin/tftopl'" 
         not a plugin
QFactoryLoader::QFactoryLoader() looking at "/usr/bin/tgatoppm"
"Failed to extract plugin meta data from '/usr/bin/tgatoppm'" 
         not a plugin
QFactoryLoader::QFactoryLoader() looking at "/usr/bin/thinkjettopbm"
"Failed to extract plugin meta data from '/usr/bin/thinkjettopbm'" 
         not a plugin
QFactoryLoader::QFactoryLoader() looking at "/usr/bin/thumbpdf"
QElfParser: '/usr/share/texlive/texmf-dist/scripts/thumbpdf/thumbpdf.pl' is not an ELF object
"'/usr/share/texlive/texmf-dist/scripts/thumbpdf/thumbpdf.pl' is not an ELF object" 
         not a plugin
QFactoryLoader::QFactoryLoader() looking at "/usr/bin/thunar"
"Failed to extract plugin meta data from '/usr/bin/thunar'" 
         not a plugin
QFactoryLoader::QFactoryLoader() looking at "/usr/bin/Thunar"
"Failed to extract plugin meta data from '/usr/bin/thunar'" 
         not a plugin
QFactoryLoader::QFactoryLoader() looking at "/usr/bin/thunar-print"
QElfParser: '/usr/bin/thunar-print' is not an ELF object
"'/usr/bin/thunar-print' is not an ELF object" 
         not a plugin
QFactoryLoader::QFactoryLoader() looking at "/usr/bin/thunar-settings"
QElfParser: '/usr/bin/thunar-settings' is not an ELF object
"'/usr/bin/thunar-settings' is not an ELF object" 
         not a plugin
QFactoryLoader::QFactoryLoader() looking at "/usr/bin/thunar-volman"
"Failed to extract plugin meta data from '/usr/bin/thunar-volman'" 
         not a plugin
QFactoryLoader::QFactoryLoader() looking at "/usr/bin/thunar-volman-settings"
"Failed to extract plugin meta data from '/usr/bin/thunar-volman-settings'" 
         not a plugin
QFactoryLoader::QFactoryLoader() looking at "/usr/bin/thunderbird"
QElfParser: '/usr/lib/thunderbird/thunderbird.sh' is not an ELF object
"'/usr/lib/thunderbird/thunderbird.sh' is not an ELF object" 
         not a plugin
QFactoryLoader::QFactoryLoader() looking at "/usr/bin/tic"
"Failed to extract plugin meta data from '/usr/bin/tic'" 
         not a plugin
QFactoryLoader::QFactoryLoader() looking at "/usr/bin/tie"
"Failed to extract plugin meta data from '/usr/bin/tie'" 
         not a plugin
QFactoryLoader::QFactoryLoader() looking at "/usr/bin/tifftopnm"
"Failed to extract plugin meta data from '/usr/bin/tifftopnm'" 
         not a plugin
QFactoryLoader::QFactoryLoader() looking at "/usr/bin/tificc"
"Failed to extract plugin meta data from '/usr/bin/tificc'" 
         not a plugin
QFactoryLoader::QFactoryLoader() looking at "/usr/bin/tikztosvg"
QElfParser: '/usr/share/texlive/texmf-dist/scripts/tikztosvg/tikztosvg' is not an ELF object
"'/usr/share/texlive/texmf-dist/scripts/tikztosvg/tikztosvg' is not an ELF object" 
         not a plugin
QFactoryLoader::QFactoryLoader() looking at "/usr/bin/time"
"Failed to extract plugin meta data from '/usr/bin/time'" 
         not a plugin
QFactoryLoader::QFactoryLoader() looking at "/usr/bin/time-admin"
"Failed to extract plugin meta data from '/usr/bin/time-admin'" 
         not a plugin
QFactoryLoader::QFactoryLoader() looking at "/usr/bin/timedatectl"
"Failed to extract plugin meta data from '/usr/bin/timedatectl'" 
         not a plugin
QFactoryLoader::QFactoryLoader() looking at "/usr/bin/timeout"
"Failed to extract plugin meta data from '/usr/bin/timeout'" 
         not a plugin
QFactoryLoader::QFactoryLoader() looking at "/usr/bin/tl-paper"
QElfParser: '/usr/bin/tl-paper' is not an ELF object
"'/usr/bin/tl-paper' is not an ELF object" 
         not a plugin
QFactoryLoader::QFactoryLoader() looking at "/usr/bin/tlmgr"
QElfParser: '/usr/share/texlive/texmf-dist/scripts/texlive/tlmgr.pl' is not an ELF object
"'/usr/share/texlive/texmf-dist/scripts/texlive/tlmgr.pl' is not an ELF object" 
         not a plugin
QFactoryLoader::QFactoryLoader() looking at "/usr/bin/tload"
"Failed to extract plugin meta data from '/usr/bin/tload'" 
         not a plugin
QFactoryLoader::QFactoryLoader() looking at "/usr/bin/tnftp"
"Failed to extract plugin meta data from '/usr/bin/tnftp'" 
         not a plugin
QFactoryLoader::QFactoryLoader() looking at "/usr/bin/toe"
"Failed to extract plugin meta data from '/usr/bin/toe'" 
         not a plugin
QFactoryLoader::QFactoryLoader() looking at "/usr/bin/top"
"Failed to extract plugin meta data from '/usr/bin/top'" 
         not a plugin
QFactoryLoader::QFactoryLoader() looking at "/usr/bin/touch"
"Failed to extract plugin meta data from '/usr/bin/touch'" 
         not a plugin
QFactoryLoader::QFactoryLoader() looking at "/usr/bin/tpic2pdftex"
QElfParser: '/usr/bin/tpic2pdftex' is not an ELF object
"'/usr/bin/tpic2pdftex' is not an ELF object" 
         not a plugin
QFactoryLoader::QFactoryLoader() looking at "/usr/bin/tput"
"Failed to extract plugin meta data from '/usr/bin/tput'" 
         not a plugin
QFactoryLoader::QFactoryLoader() looking at "/usr/bin/tr"
"Failed to extract plugin meta data from '/usr/bin/tr'" 
         not a plugin
QFactoryLoader::QFactoryLoader() looking at "/usr/bin/tracepath"
"Failed to extract plugin meta data from '/usr/bin/tracepath'" 
         not a plugin
QFactoryLoader::QFactoryLoader() looking at "/usr/bin/transform"
"Failed to extract plugin meta data from '/usr/bin/transform'" 
         not a plugin
QFactoryLoader::QFactoryLoader() looking at "/usr/bin/transicc"
"Failed to extract plugin meta data from '/usr/bin/transicc'" 
         not a plugin
QFactoryLoader::QFactoryLoader() looking at "/usr/bin/translit"
QElfParser: '/usr/bin/translit' is not an ELF object
"'/usr/bin/translit' is not an ELF object" 
         not a plugin
QFactoryLoader::QFactoryLoader() looking at "/usr/bin/transmission-gtk"
"Failed to extract plugin meta data from '/usr/bin/transmission-gtk'" 
         not a plugin
QFactoryLoader::QFactoryLoader() looking at "/usr/bin/transset"
"Failed to extract plugin meta data from '/usr/bin/transset'" 
         not a plugin
QFactoryLoader::QFactoryLoader() looking at "/usr/bin/tred"
"Failed to extract plugin meta data from '/usr/bin/tred'" 
         not a plugin
QFactoryLoader::QFactoryLoader() looking at "/usr/bin/tree"
"Failed to extract plugin meta data from '/usr/bin/tree'" 
         not a plugin
QFactoryLoader::QFactoryLoader() looking at "/usr/bin/troff"
"Failed to extract plugin meta data from '/usr/bin/troff'" 
         not a plugin
QFactoryLoader::QFactoryLoader() looking at "/usr/bin/true"
"Failed to extract plugin meta data from '/usr/bin/true'" 
         not a plugin
QFactoryLoader::QFactoryLoader() looking at "/usr/bin/truncate"
"Failed to extract plugin meta data from '/usr/bin/truncate'" 
         not a plugin
QFactoryLoader::QFactoryLoader() looking at "/usr/bin/trust"
"Failed to extract plugin meta data from '/usr/bin/trust'" 
         not a plugin
QFactoryLoader::QFactoryLoader() looking at "/usr/bin/tset"
"Failed to extract plugin meta data from '/usr/bin/tset'" 
         not a plugin
QFactoryLoader::QFactoryLoader() looking at "/usr/bin/tsort"
"Failed to extract plugin meta data from '/usr/bin/tsort'" 
         not a plugin
QFactoryLoader::QFactoryLoader() looking at "/usr/bin/tstclnt"
"Failed to extract plugin meta data from '/usr/bin/tstclnt'" 
         not a plugin
QFactoryLoader::QFactoryLoader() looking at "/usr/bin/ttf2afm"
"Failed to extract plugin meta data from '/usr/bin/ttf2afm'" 
         not a plugin
QFactoryLoader::QFactoryLoader() looking at "/usr/bin/ttf2kotexfont"
QElfParser: '/usr/share/texlive/texmf-dist/scripts/kotex-utils/ttf2kotexfont.pl' is not an ELF object
"'/usr/share/texlive/texmf-dist/scripts/kotex-utils/ttf2kotexfont.pl' is not an ELF object" 
         not a plugin
QFactoryLoader::QFactoryLoader() looking at "/usr/bin/ttf2pk"
"Failed to extract plugin meta data from '/usr/bin/ttf2pk'" 
         not a plugin
QFactoryLoader::QFactoryLoader() looking at "/usr/bin/ttf2tfm"
"Failed to extract plugin meta data from '/usr/bin/ttf2tfm'" 
         not a plugin
QFactoryLoader::QFactoryLoader() looking at "/usr/bin/ttfdump"
"Failed to extract plugin meta data from '/usr/bin/ttfdump'" 
         not a plugin
QFactoryLoader::QFactoryLoader() looking at "/usr/bin/ttftotype42"
"Failed to extract plugin meta data from '/usr/bin/ttftotype42'" 
         not a plugin
QFactoryLoader::QFactoryLoader() looking at "/usr/bin/tty"
"Failed to extract plugin meta data from '/usr/bin/tty'" 
         not a plugin
QFactoryLoader::QFactoryLoader() looking at "/usr/bin/turbostat"
QElfParser: '/usr/bin/turbostat' is not an ELF object
"'/usr/bin/turbostat' is not an ELF object" 
         not a plugin
QFactoryLoader::QFactoryLoader() looking at "/usr/bin/twopi"
"Failed to extract plugin meta data from '/usr/sbin/libgvc6-config-update'" 
         not a plugin
QFactoryLoader::QFactoryLoader() looking at "/usr/bin/txixml2texi"
QElfParser: '/usr/bin/txixml2texi' is not an ELF object
"'/usr/bin/txixml2texi' is not an ELF object" 
         not a plugin
QFactoryLoader::QFactoryLoader() looking at "/usr/bin/txtconv"
"Failed to extract plugin meta data from '/usr/bin/txtconv'" 
         not a plugin
QFactoryLoader::QFactoryLoader() looking at "/usr/bin/typeoutfileinfo"
QElfParser: '/usr/share/texlive/texmf-dist/scripts/typeoutfileinfo/typeoutfileinfo.sh' is not an ELF object
"'/usr/share/texlive/texmf-dist/scripts/typeoutfileinfo/typeoutfileinfo.sh' is not an ELF object" 
         not a plugin
QFactoryLoader::QFactoryLoader() looking at "/usr/bin/typeprof3.0"
QElfParser: '/usr/bin/typeprof3.0' is not an ELF object
"'/usr/bin/typeprof3.0' is not an ELF object" 
         not a plugin
QFactoryLoader::QFactoryLoader() looking at "/usr/bin/tzselect"
QElfParser: '/usr/bin/tzselect' is not an ELF object
"'/usr/bin/tzselect' is not an ELF object" 
         not a plugin
QFactoryLoader::QFactoryLoader() looking at "/usr/bin/ua"
QElfParser: '/usr/bin/ubuntu-advantage' is not an ELF object
"'/usr/bin/ubuntu-advantage' is not an ELF object" 
         not a plugin
QFactoryLoader::QFactoryLoader() looking at "/usr/bin/ubuntu-advantage"
QElfParser: '/usr/bin/ubuntu-advantage' is not an ELF object
"'/usr/bin/ubuntu-advantage' is not an ELF object" 
         not a plugin
QFactoryLoader::QFactoryLoader() looking at "/usr/bin/ubuntu-bug"
QElfParser: '/usr/bin/apport-bug' is not an ELF object
"'/usr/bin/apport-bug' is not an ELF object" 
         not a plugin
QFactoryLoader::QFactoryLoader() looking at "/usr/bin/ubuntu-distro-info"
"Failed to extract plugin meta data from '/usr/bin/ubuntu-distro-info'" 
         not a plugin
QFactoryLoader::QFactoryLoader() looking at "/usr/bin/ubuntu-drivers"
QElfParser: '/usr/bin/ubuntu-drivers' is not an ELF object
"'/usr/bin/ubuntu-drivers' is not an ELF object" 
         not a plugin
QFactoryLoader::QFactoryLoader() looking at "/usr/bin/ubuntu-security-status"
QElfParser: '/usr/bin/ubuntu-security-status' is not an ELF object
"'/usr/bin/ubuntu-security-status' is not an ELF object" 
         not a plugin
QFactoryLoader::QFactoryLoader() looking at "/usr/bin/ucf"
QElfParser: '/usr/bin/ucf' is not an ELF object
"'/usr/bin/ucf' is not an ELF object" 
         not a plugin
QFactoryLoader::QFactoryLoader() looking at "/usr/bin/ucfq"
QElfParser: '/usr/bin/ucfq' is not an ELF object
"'/usr/bin/ucfq' is not an ELF object" 
         not a plugin
QFactoryLoader::QFactoryLoader() looking at "/usr/bin/ucfr"
QElfParser: '/usr/bin/ucfr' is not an ELF object
"'/usr/bin/ucfr' is not an ELF object" 
         not a plugin
QFactoryLoader::QFactoryLoader() looking at "/usr/bin/uclampset"
"Failed to extract plugin meta data from '/usr/bin/uclampset'" 
         not a plugin
QFactoryLoader::QFactoryLoader() looking at "/usr/bin/ucs2any"
"Failed to extract plugin meta data from '/usr/bin/ucs2any'" 
         not a plugin
QFactoryLoader::QFactoryLoader() looking at "/usr/bin/udevadm"
"Failed to extract plugin meta data from '/usr/bin/udevadm'" 
         not a plugin
QFactoryLoader::QFactoryLoader() looking at "/usr/bin/udisksctl"
"Failed to extract plugin meta data from '/usr/bin/udisksctl'" 
         not a plugin
QFactoryLoader::QFactoryLoader() looking at "/usr/bin/ul"
"Failed to extract plugin meta data from '/usr/bin/ul'" 
         not a plugin
QFactoryLoader::QFactoryLoader() looking at "/usr/bin/ulqda"
QElfParser: '/usr/share/texlive/texmf-dist/scripts/ulqda/ulqda.pl' is not an ELF object
"'/usr/share/texlive/texmf-dist/scripts/ulqda/ulqda.pl' is not an ELF object" 
         not a plugin
QFactoryLoader::QFactoryLoader() looking at "/usr/bin/umax_pp"
"Failed to extract plugin meta data from '/usr/bin/umax_pp'" 
         not a plugin
QFactoryLoader::QFactoryLoader() looking at "/usr/bin/umount"
"Failed to extract plugin meta data from '/usr/bin/umount'" 
         not a plugin
QFactoryLoader::QFactoryLoader() looking at "/usr/bin/uname"
"Failed to extract plugin meta data from '/usr/bin/uname'" 
         not a plugin
QFactoryLoader::QFactoryLoader() looking at "/usr/bin/unattended-upgrade"
QElfParser: '/usr/bin/unattended-upgrade' is not an ELF object
"'/usr/bin/unattended-upgrade' is not an ELF object" 
         not a plugin
QFactoryLoader::QFactoryLoader() looking at "/usr/bin/unattended-upgrades"
QElfParser: '/usr/bin/unattended-upgrade' is not an ELF object
"'/usr/bin/unattended-upgrade' is not an ELF object" 
         not a plugin
QFactoryLoader::QFactoryLoader() looking at "/usr/bin/uncompress"
QElfParser: '/usr/bin/uncompress' is not an ELF object
"'/usr/bin/uncompress' is not an ELF object" 
         not a plugin
QFactoryLoader::QFactoryLoader() looking at "/usr/bin/unexpand"
"Failed to extract plugin meta data from '/usr/bin/unexpand'" 
         not a plugin
QFactoryLoader::QFactoryLoader() looking at "/usr/bin/unflatten"
"Failed to extract plugin meta data from '/usr/bin/unflatten'" 
         not a plugin
QFactoryLoader::QFactoryLoader() looking at "/usr/bin/unicode_start"
QElfParser: '/usr/bin/unicode_start' is not an ELF object
"'/usr/bin/unicode_start' is not an ELF object" 
         not a plugin
QFactoryLoader::QFactoryLoader() looking at "/usr/bin/unicode_stop"
QElfParser: '/usr/bin/unicode_stop' is not an ELF object
"'/usr/bin/unicode_stop' is not an ELF object" 
         not a plugin
QFactoryLoader::QFactoryLoader() looking at "/usr/bin/uniq"
"Failed to extract plugin meta data from '/usr/bin/uniq'" 
         not a plugin
QFactoryLoader::QFactoryLoader() looking at "/usr/bin/unix2dos"
"Failed to extract plugin meta data from '/usr/bin/unix2dos'" 
         not a plugin
QFactoryLoader::QFactoryLoader() looking at "/usr/bin/unix2mac"
"Failed to extract plugin meta data from '/usr/bin/unix2dos'" 
         not a plugin
QFactoryLoader::QFactoryLoader() looking at "/usr/bin/unlink"
"Failed to extract plugin meta data from '/usr/bin/unlink'" 
         not a plugin
QFactoryLoader::QFactoryLoader() looking at "/usr/bin/unlzma"
"Failed to extract plugin meta data from '/usr/bin/xz'" 
         not a plugin
QFactoryLoader::QFactoryLoader() looking at "/usr/bin/unmkinitramfs"
QElfParser: '/usr/bin/unmkinitramfs' is not an ELF object
"'/usr/bin/unmkinitramfs' is not an ELF object" 
         not a plugin
QFactoryLoader::QFactoryLoader() looking at "/usr/bin/unopkg"
QElfParser: '/usr/bin/unopkg' is not an ELF object (file too small)
"'/usr/bin/unopkg' is not an ELF object (file too small)" 
         not a plugin
QFactoryLoader::QFactoryLoader() looking at "/usr/bin/unshare"
"Failed to extract plugin meta data from '/usr/bin/unshare'" 
         not a plugin
QFactoryLoader::QFactoryLoader() looking at "/usr/bin/unsquashfs"
"Failed to extract plugin meta data from '/usr/bin/unsquashfs'" 
         not a plugin
QFactoryLoader::QFactoryLoader() looking at "/usr/bin/unxz"
"Failed to extract plugin meta data from '/usr/bin/xz'" 
         not a plugin
QFactoryLoader::QFactoryLoader() looking at "/usr/bin/unzip"
"Failed to extract plugin meta data from '/usr/bin/unzip'" 
         not a plugin
QFactoryLoader::QFactoryLoader() looking at "/usr/bin/unzipsfx"
"Failed to extract plugin meta data from '/usr/bin/unzipsfx'" 
         not a plugin
QFactoryLoader::QFactoryLoader() looking at "/usr/bin/unzstd"
"Failed to extract plugin meta data from '/usr/bin/zstd'" 
         not a plugin
QFactoryLoader::QFactoryLoader() looking at "/usr/bin/upbibtex"
"Failed to extract plugin meta data from '/usr/bin/upbibtex'" 
         not a plugin
QFactoryLoader::QFactoryLoader() looking at "/usr/bin/update-alternatives"
"Failed to extract plugin meta data from '/usr/bin/update-alternatives'" 
         not a plugin
QFactoryLoader::QFactoryLoader() looking at "/usr/bin/update-desktop-database"
"Failed to extract plugin meta data from '/usr/bin/update-desktop-database'" 
         not a plugin
QFactoryLoader::QFactoryLoader() looking at "/usr/bin/update-leap"
QElfParser: '/usr/bin/update-leap' is not an ELF object
"'/usr/bin/update-leap' is not an ELF object" 
         not a plugin
QFactoryLoader::QFactoryLoader() looking at "/usr/bin/update-manager"
QElfParser: '/usr/bin/update-manager' is not an ELF object
"'/usr/bin/update-manager' is not an ELF object" 
         not a plugin
QFactoryLoader::QFactoryLoader() looking at "/usr/bin/update-mime-database"
"Failed to extract plugin meta data from '/usr/bin/update-mime-database'" 
         not a plugin
QFactoryLoader::QFactoryLoader() looking at "/usr/bin/update-notifier"
"Failed to extract plugin meta data from '/usr/bin/update-notifier'" 
         not a plugin
QFactoryLoader::QFactoryLoader() looking at "/usr/bin/update-perl-sax-parsers"
QElfParser: '/usr/bin/update-perl-sax-parsers' is not an ELF object
"'/usr/bin/update-perl-sax-parsers' is not an ELF object" 
         not a plugin
QFactoryLoader::QFactoryLoader() looking at "/usr/bin/update_rubygems"
QElfParser: '/usr/bin/update_rubygems' is not an ELF object
"'/usr/bin/update_rubygems' is not an ELF object" 
         not a plugin
QFactoryLoader::QFactoryLoader() looking at "/usr/bin/updatedb"
"Failed to extract plugin meta data from '/usr/sbin/updatedb.plocate'" 
         not a plugin
QFactoryLoader::QFactoryLoader() looking at "/usr/bin/updmap"
QElfParser: '/usr/share/texlive/texmf-dist/scripts/texlive/updmap.pl' is not an ELF object
"'/usr/share/texlive/texmf-dist/scripts/texlive/updmap.pl' is not an ELF object" 
         not a plugin
QFactoryLoader::QFactoryLoader() looking at "/usr/bin/updmap-sys"
QElfParser: '/usr/share/texlive/texmf-dist/scripts/texlive/updmap-sys.sh' is not an ELF object
"'/usr/share/texlive/texmf-dist/scripts/texlive/updmap-sys.sh' is not an ELF object" 
         not a plugin
QFactoryLoader::QFactoryLoader() looking at "/usr/bin/updmap-user"
QElfParser: '/usr/share/texlive/texmf-dist/scripts/texlive/updmap-user.sh' is not an ELF object
"'/usr/share/texlive/texmf-dist/scripts/texlive/updmap-user.sh' is not an ELF object" 
         not a plugin
QFactoryLoader::QFactoryLoader() looking at "/usr/bin/updvitomp"
"Failed to extract plugin meta data from '/usr/bin/upmpost'" 
         not a plugin
QFactoryLoader::QFactoryLoader() looking at "/usr/bin/updvitype"
"Failed to extract plugin meta data from '/usr/bin/updvitype'" 
         not a plugin
QFactoryLoader::QFactoryLoader() looking at "/usr/bin/uplatex"
"Failed to extract plugin meta data from '/usr/bin/euptex'" 
         not a plugin
QFactoryLoader::QFactoryLoader() looking at "/usr/bin/uplatex-dev"
"Failed to extract plugin meta data from '/usr/bin/euptex'" 
         not a plugin
QFactoryLoader::QFactoryLoader() looking at "/usr/bin/upmendex"
"Failed to extract plugin meta data from '/usr/bin/upmendex'" 
         not a plugin
QFactoryLoader::QFactoryLoader() looking at "/usr/bin/upmpost"
"Failed to extract plugin meta data from '/usr/bin/upmpost'" 
         not a plugin
QFactoryLoader::QFactoryLoader() looking at "/usr/bin/upower"
"Failed to extract plugin meta data from '/usr/bin/upower'" 
         not a plugin
QFactoryLoader::QFactoryLoader() looking at "/usr/bin/uppltotf"
"Failed to extract plugin meta data from '/usr/bin/uppltotf'" 
         not a plugin
QFactoryLoader::QFactoryLoader() looking at "/usr/bin/uptex"
"Failed to extract plugin meta data from '/usr/bin/uptex'" 
         not a plugin
QFactoryLoader::QFactoryLoader() looking at "/usr/bin/uptftopl"
"Failed to extract plugin meta data from '/usr/bin/uptftopl'" 
         not a plugin
QFactoryLoader::QFactoryLoader() looking at "/usr/bin/uptime"
"Failed to extract plugin meta data from '/usr/bin/uptime'" 
         not a plugin
QFactoryLoader::QFactoryLoader() looking at "/usr/bin/urlbst"
QElfParser: '/usr/share/texlive/texmf-dist/scripts/urlbst/urlbst' is not an ELF object
"'/usr/share/texlive/texmf-dist/scripts/urlbst/urlbst' is not an ELF object" 
         not a plugin
QFactoryLoader::QFactoryLoader() looking at "/usr/bin/usb-devices"
QElfParser: '/usr/bin/usb-devices' is not an ELF object
"'/usr/bin/usb-devices' is not an ELF object" 
         not a plugin
QFactoryLoader::QFactoryLoader() looking at "/usr/bin/usb_printerid"
"Failed to extract plugin meta data from '/usr/bin/usb_printerid'" 
         not a plugin
QFactoryLoader::QFactoryLoader() looking at "/usr/bin/usbhid-dump"
"Failed to extract plugin meta data from '/usr/bin/usbhid-dump'" 
         not a plugin
QFactoryLoader::QFactoryLoader() looking at "/usr/bin/usbip"
QElfParser: '/usr/bin/usbip' is not an ELF object
"'/usr/bin/usbip' is not an ELF object" 
         not a plugin
QFactoryLoader::QFactoryLoader() looking at "/usr/bin/usbipd"
QElfParser: '/usr/bin/usbipd' is not an ELF object
"'/usr/bin/usbipd' is not an ELF object" 
         not a plugin
QFactoryLoader::QFactoryLoader() looking at "/usr/bin/usbreset"
"Failed to extract plugin meta data from '/usr/bin/usbreset'" 
         not a plugin
QFactoryLoader::QFactoryLoader() looking at "/usr/bin/users"
"Failed to extract plugin meta data from '/usr/bin/users'" 
         not a plugin
QFactoryLoader::QFactoryLoader() looking at "/usr/bin/users-admin"
"Failed to extract plugin meta data from '/usr/bin/users-admin'" 
         not a plugin
QFactoryLoader::QFactoryLoader() looking at "/usr/bin/utf8mex"
"Failed to extract plugin meta data from '/usr/bin/pdftex'" 
         not a plugin
QFactoryLoader::QFactoryLoader() looking at "/usr/bin/utmpdump"
"Failed to extract plugin meta data from '/usr/bin/utmpdump'" 
         not a plugin
QFactoryLoader::QFactoryLoader() looking at "/usr/bin/uuidgen"
"Failed to extract plugin meta data from '/usr/bin/uuidgen'" 
         not a plugin
QFactoryLoader::QFactoryLoader() looking at "/usr/bin/uuidparse"
"Failed to extract plugin meta data from '/usr/bin/uuidparse'" 
         not a plugin
QFactoryLoader::QFactoryLoader() looking at "/usr/bin/uxterm"
QElfParser: '/usr/bin/uxterm' is not an ELF object
"'/usr/bin/uxterm' is not an ELF object" 
         not a plugin
QFactoryLoader::QFactoryLoader() looking at "/usr/bin/vdir"
"Failed to extract plugin meta data from '/usr/bin/vdir'" 
         not a plugin
QFactoryLoader::QFactoryLoader() looking at "/usr/bin/vftovp"
"Failed to extract plugin meta data from '/usr/bin/vftovp'" 
         not a plugin
QFactoryLoader::QFactoryLoader() looking at "/usr/bin/vfychain"
"Failed to extract plugin meta data from '/usr/bin/vfychain'" 
         not a plugin
QFactoryLoader::QFactoryLoader() looking at "/usr/bin/vfyserv"
"Failed to extract plugin meta data from '/usr/bin/vfyserv'" 
         not a plugin
QFactoryLoader::QFactoryLoader() looking at "/usr/bin/vi"
"Failed to extract plugin meta data from '/usr/bin/vim.tiny'" 
         not a plugin
QFactoryLoader::QFactoryLoader() looking at "/usr/bin/view"
"Failed to extract plugin meta data from '/usr/bin/vim.tiny'" 
         not a plugin
QFactoryLoader::QFactoryLoader() looking at "/usr/bin/viewres"
"Failed to extract plugin meta data from '/usr/bin/viewres'" 
         not a plugin
QFactoryLoader::QFactoryLoader() looking at "/usr/bin/vim.tiny"
"Failed to extract plugin meta data from '/usr/bin/vim.tiny'" 
         not a plugin
QFactoryLoader::QFactoryLoader() looking at "/usr/bin/vimdot"
QElfParser: '/usr/bin/vimdot' is not an ELF object
"'/usr/bin/vimdot' is not an ELF object" 
         not a plugin
QFactoryLoader::QFactoryLoader() looking at "/usr/bin/vlna"
"Failed to extract plugin meta data from '/usr/bin/vlna'" 
         not a plugin
QFactoryLoader::QFactoryLoader() looking at "/usr/bin/vmstat"
"Failed to extract plugin meta data from '/usr/bin/vmstat'" 
         not a plugin
QFactoryLoader::QFactoryLoader() looking at "/usr/bin/vmwarectrl"
"Failed to extract plugin meta data from '/usr/bin/vmwarectrl'" 
         not a plugin
QFactoryLoader::QFactoryLoader() looking at "/usr/bin/vpe"
QElfParser: '/usr/share/texlive/texmf-dist/scripts/vpe/vpe.pl' is not an ELF object
"'/usr/share/texlive/texmf-dist/scripts/vpe/vpe.pl' is not an ELF object" 
         not a plugin
QFactoryLoader::QFactoryLoader() looking at "/usr/bin/vpl2ovp"
QElfParser: '/usr/share/texlive/texmf-dist/scripts/accfonts/vpl2ovp' is not an ELF object
"'/usr/share/texlive/texmf-dist/scripts/accfonts/vpl2ovp' is not an ELF object" 
         not a plugin
QFactoryLoader::QFactoryLoader() looking at "/usr/bin/vpl2vpl"
QElfParser: '/usr/share/texlive/texmf-dist/scripts/accfonts/vpl2vpl' is not an ELF object
"'/usr/share/texlive/texmf-dist/scripts/accfonts/vpl2vpl' is not an ELF object" 
         not a plugin
QFactoryLoader::QFactoryLoader() looking at "/usr/bin/vprerex"
"Failed to extract plugin meta data from '/usr/bin/vprerex'" 
         not a plugin
QFactoryLoader::QFactoryLoader() looking at "/usr/bin/vptovf"
"Failed to extract plugin meta data from '/usr/bin/vptovf'" 
         not a plugin
QFactoryLoader::QFactoryLoader() looking at "/usr/bin/vstp"
"Failed to extract plugin meta data from '/usr/bin/vstp'" 
         not a plugin
QFactoryLoader::QFactoryLoader() looking at "/usr/bin/w"
"Failed to extract plugin meta data from '/usr/bin/w'" 
         not a plugin
QFactoryLoader::QFactoryLoader() looking at "/usr/bin/wall"
"Failed to extract plugin meta data from '/usr/bin/wall'" 
         not a plugin
QFactoryLoader::QFactoryLoader() looking at "/usr/bin/watch"
"Failed to extract plugin meta data from '/usr/bin/watch'" 
         not a plugin
QFactoryLoader::QFactoryLoader() looking at "/usr/bin/watchgnupg"
"Failed to extract plugin meta data from '/usr/bin/watchgnupg'" 
         not a plugin
QFactoryLoader::QFactoryLoader() looking at "/usr/bin/wbmptopbm"
"Failed to extract plugin meta data from '/usr/bin/wbmptopbm'" 
         not a plugin
QFactoryLoader::QFactoryLoader() looking at "/usr/bin/wc"
"Failed to extract plugin meta data from '/usr/bin/wc'" 
         not a plugin
QFactoryLoader::QFactoryLoader() looking at "/usr/bin/wdctl"
"Failed to extract plugin meta data from '/usr/bin/wdctl'" 
         not a plugin
QFactoryLoader::QFactoryLoader() looking at "/usr/bin/weave"
"Failed to extract plugin meta data from '/usr/bin/weave'" 
         not a plugin
QFactoryLoader::QFactoryLoader() looking at "/usr/bin/webquiz"
QElfParser: '/usr/share/texlive/texmf-dist/scripts/webquiz/webquiz.py' is not an ELF object
"'/usr/share/texlive/texmf-dist/scripts/webquiz/webquiz.py' is not an ELF object" 
         not a plugin
QFactoryLoader::QFactoryLoader() looking at "/usr/bin/wget"
"Failed to extract plugin meta data from '/usr/bin/wget'" 
         not a plugin
QFactoryLoader::QFactoryLoader() looking at "/usr/bin/whatis"
"Failed to extract plugin meta data from '/usr/bin/whatis'" 
         not a plugin
QFactoryLoader::QFactoryLoader() looking at "/usr/bin/whereis"
"Failed to extract plugin meta data from '/usr/bin/whereis'" 
         not a plugin
QFactoryLoader::QFactoryLoader() looking at "/usr/bin/which"
QElfParser: '/usr/bin/which.debianutils' is not an ELF object
"'/usr/bin/which.debianutils' is not an ELF object" 
         not a plugin
QFactoryLoader::QFactoryLoader() looking at "/usr/bin/which.debianutils"
QElfParser: '/usr/bin/which.debianutils' is not an ELF object
"'/usr/bin/which.debianutils' is not an ELF object" 
         not a plugin
QFactoryLoader::QFactoryLoader() looking at "/usr/bin/whiptail"
"Failed to extract plugin meta data from '/usr/bin/whiptail'" 
         not a plugin
QFactoryLoader::QFactoryLoader() looking at "/usr/bin/who"
"Failed to extract plugin meta data from '/usr/bin/who'" 
         not a plugin
QFactoryLoader::QFactoryLoader() looking at "/usr/bin/whoami"
"Failed to extract plugin meta data from '/usr/bin/whoami'" 
         not a plugin
QFactoryLoader::QFactoryLoader() looking at "/usr/bin/whoopsie"
"Failed to extract plugin meta data from '/usr/bin/whoopsie'" 
         not a plugin
QFactoryLoader::QFactoryLoader() looking at "/usr/bin/whoopsie-preferences"
"Failed to extract plugin meta data from '/usr/bin/whoopsie-preferences'" 
         not a plugin
QFactoryLoader::QFactoryLoader() looking at "/usr/bin/wine"
QElfParser: '/usr/bin/wine-stable' is not an ELF object
"'/usr/bin/wine-stable' is not an ELF object" 
         not a plugin
QFactoryLoader::QFactoryLoader() looking at "/usr/bin/wine-stable"
QElfParser: '/usr/bin/wine-stable' is not an ELF object
"'/usr/bin/wine-stable' is not an ELF object" 
         not a plugin
QFactoryLoader::QFactoryLoader() looking at "/usr/bin/wine64"
"Failed to extract plugin meta data from '/usr/lib/wine/wine64'" 
         not a plugin
QFactoryLoader::QFactoryLoader() looking at "/usr/bin/wine64-stable"
"Failed to extract plugin meta data from '/usr/lib/wine/wine64'" 
         not a plugin
QFactoryLoader::QFactoryLoader() looking at "/usr/bin/wineboot"
QElfParser: '/usr/lib/wine/wineapploader' is not an ELF object
"'/usr/lib/wine/wineapploader' is not an ELF object" 
         not a plugin
QFactoryLoader::QFactoryLoader() looking at "/usr/bin/wineboot-stable"
QElfParser: '/usr/lib/wine/wineapploader' is not an ELF object
"'/usr/lib/wine/wineapploader' is not an ELF object" 
         not a plugin
QFactoryLoader::QFactoryLoader() looking at "/usr/bin/winecfg"
QElfParser: '/usr/lib/wine/wineapploader' is not an ELF object
"'/usr/lib/wine/wineapploader' is not an ELF object" 
         not a plugin
QFactoryLoader::QFactoryLoader() looking at "/usr/bin/winecfg-stable"
QElfParser: '/usr/lib/wine/wineapploader' is not an ELF object
"'/usr/lib/wine/wineapploader' is not an ELF object" 
         not a plugin
QFactoryLoader::QFactoryLoader() looking at "/usr/bin/wineconsole"
QElfParser: '/usr/lib/wine/wineapploader' is not an ELF object
"'/usr/lib/wine/wineapploader' is not an ELF object" 
         not a plugin
QFactoryLoader::QFactoryLoader() looking at "/usr/bin/wineconsole-stable"
QElfParser: '/usr/lib/wine/wineapploader' is not an ELF object
"'/usr/lib/wine/wineapploader' is not an ELF object" 
         not a plugin
QFactoryLoader::QFactoryLoader() looking at "/usr/bin/winedbg"
QElfParser: '/usr/lib/wine/wineapploader' is not an ELF object
"'/usr/lib/wine/wineapploader' is not an ELF object" 
         not a plugin
QFactoryLoader::QFactoryLoader() looking at "/usr/bin/winedbg-stable"
QElfParser: '/usr/lib/wine/wineapploader' is not an ELF object
"'/usr/lib/wine/wineapploader' is not an ELF object" 
         not a plugin
QFactoryLoader::QFactoryLoader() looking at "/usr/bin/winefile"
QElfParser: '/usr/lib/wine/wineapploader' is not an ELF object
"'/usr/lib/wine/wineapploader' is not an ELF object" 
         not a plugin
QFactoryLoader::QFactoryLoader() looking at "/usr/bin/winefile-stable"
QElfParser: '/usr/lib/wine/wineapploader' is not an ELF object
"'/usr/lib/wine/wineapploader' is not an ELF object" 
         not a plugin
QFactoryLoader::QFactoryLoader() looking at "/usr/bin/winepath"
QElfParser: '/usr/lib/wine/wineapploader' is not an ELF object
"'/usr/lib/wine/wineapploader' is not an ELF object" 
         not a plugin
QFactoryLoader::QFactoryLoader() looking at "/usr/bin/winepath-stable"
QElfParser: '/usr/lib/wine/wineapploader' is not an ELF object
"'/usr/lib/wine/wineapploader' is not an ELF object" 
         not a plugin
QFactoryLoader::QFactoryLoader() looking at "/usr/bin/wineserver"
QElfParser: '/usr/lib/wine/wineserver' is not an ELF object
"'/usr/lib/wine/wineserver' is not an ELF object" 
         not a plugin
QFactoryLoader::QFactoryLoader() looking at "/usr/bin/wineserver-stable"
QElfParser: '/usr/lib/wine/wineserver' is not an ELF object
"'/usr/lib/wine/wineserver' is not an ELF object" 
         not a plugin
QFactoryLoader::QFactoryLoader() looking at "/usr/bin/winicontoppm"
"Failed to extract plugin meta data from '/usr/bin/winicontoppm'" 
         not a plugin
QFactoryLoader::QFactoryLoader() looking at "/usr/bin/wish"
"Failed to extract plugin meta data from '/usr/bin/wish8.6'" 
         not a plugin
QFactoryLoader::QFactoryLoader() looking at "/usr/bin/wish8.6"
"Failed to extract plugin meta data from '/usr/bin/wish8.6'" 
         not a plugin
QFactoryLoader::QFactoryLoader() looking at "/usr/bin/wofm2opl"
"Failed to extract plugin meta data from '/usr/bin/wofm2opl'" 
         not a plugin
QFactoryLoader::QFactoryLoader() looking at "/usr/bin/wopl2ofm"
"Failed to extract plugin meta data from '/usr/bin/wopl2ofm'" 
         not a plugin
QFactoryLoader::QFactoryLoader() looking at "/usr/bin/word-list-compress"
"Failed to extract plugin meta data from '/usr/bin/word-list-compress'" 
         not a plugin
QFactoryLoader::QFactoryLoader() looking at "/usr/bin/wordview"
QElfParser: '/usr/bin/wordview' is not an ELF object
"'/usr/bin/wordview' is not an ELF object" 
         not a plugin
QFactoryLoader::QFactoryLoader() looking at "/usr/bin/wovf2ovp"
"Failed to extract plugin meta data from '/usr/bin/wovf2ovp'" 
         not a plugin
QFactoryLoader::QFactoryLoader() looking at "/usr/bin/wovp2ovf"
"Failed to extract plugin meta data from '/usr/bin/wovp2ovf'" 
         not a plugin
QFactoryLoader::QFactoryLoader() looking at "/usr/bin/wpa_passphrase"
"Failed to extract plugin meta data from '/usr/bin/wpa_passphrase'" 
         not a plugin
QFactoryLoader::QFactoryLoader() looking at "/usr/bin/write"
"Failed to extract plugin meta data from '/usr/bin/write.ul'" 
         not a plugin
QFactoryLoader::QFactoryLoader() looking at "/usr/bin/write.ul"
"Failed to extract plugin meta data from '/usr/bin/write.ul'" 
         not a plugin
QFactoryLoader::QFactoryLoader() looking at "/usr/bin/X"
QElfParser: '/usr/bin/Xorg' is not an ELF object
"'/usr/bin/Xorg' is not an ELF object" 
         not a plugin
QFactoryLoader::QFactoryLoader() looking at "/usr/bin/x-session-manager"
QElfParser: '/usr/bin/startxfce4' is not an ELF object
"'/usr/bin/startxfce4' is not an ELF object" 
         not a plugin
QFactoryLoader::QFactoryLoader() looking at "/usr/bin/x-terminal-emulator"
QElfParser: '/usr/bin/xfce4-terminal.wrapper' is not an ELF object
"'/usr/bin/xfce4-terminal.wrapper' is not an ELF object" 
         not a plugin
QFactoryLoader::QFactoryLoader() looking at "/usr/bin/x-window-manager"
"Failed to extract plugin meta data from '/usr/bin/xfwm4'" 
         not a plugin
QFactoryLoader::QFactoryLoader() looking at "/usr/bin/x-www-browser"
QElfParser: '/usr/bin/chromium-browser' is not an ELF object
"'/usr/bin/chromium-browser' is not an ELF object" 
         not a plugin
QFactoryLoader::QFactoryLoader() looking at "/usr/bin/x11perf"
"Failed to extract plugin meta data from '/usr/bin/x11perf'" 
         not a plugin
QFactoryLoader::QFactoryLoader() looking at "/usr/bin/x11perfcomp"
QElfParser: '/usr/bin/x11perfcomp' is not an ELF object
"'/usr/bin/x11perfcomp' is not an ELF object" 
         not a plugin
QFactoryLoader::QFactoryLoader() looking at "/usr/bin/x86_64"
"Failed to extract plugin meta data from '/usr/bin/setarch'" 
         not a plugin
QFactoryLoader::QFactoryLoader() looking at "/usr/bin/x86_64-linux-gnu-cpp"
"Failed to extract plugin meta data from '/usr/bin/x86_64-linux-gnu-cpp-11'" 
         not a plugin
QFactoryLoader::QFactoryLoader() looking at "/usr/bin/x86_64-linux-gnu-cpp-11"
"Failed to extract plugin meta data from '/usr/bin/x86_64-linux-gnu-cpp-11'" 
         not a plugin
QFactoryLoader::QFactoryLoader() looking at "/usr/bin/x86_energy_perf_policy"
QElfParser: '/usr/bin/x86_energy_perf_policy' is not an ELF object
"'/usr/bin/x86_energy_perf_policy' is not an ELF object" 
         not a plugin
QFactoryLoader::QFactoryLoader() looking at "/usr/bin/xargs"
"Failed to extract plugin meta data from '/usr/bin/xargs'" 
         not a plugin
QFactoryLoader::QFactoryLoader() looking at "/usr/bin/xauth"
"Failed to extract plugin meta data from '/usr/bin/xauth'" 
         not a plugin
QFactoryLoader::QFactoryLoader() looking at "/usr/bin/xbiff"
"Failed to extract plugin meta data from '/usr/bin/xbiff'" 
         not a plugin
QFactoryLoader::QFactoryLoader() looking at "/usr/bin/xbmtopbm"
"Failed to extract plugin meta data from '/usr/bin/xbmtopbm'" 
         not a plugin
QFactoryLoader::QFactoryLoader() looking at "/usr/bin/xbrlapi"
"Failed to extract plugin meta data from '/usr/bin/xbrlapi'" 
         not a plugin
QFactoryLoader::QFactoryLoader() looking at "/usr/bin/xcalc"
"Failed to extract plugin meta data from '/usr/bin/xcalc'" 
         not a plugin
QFactoryLoader::QFactoryLoader() looking at "/usr/bin/xcape"
"Failed to extract plugin meta data from '/usr/bin/xcape'" 
         not a plugin
QFactoryLoader::QFactoryLoader() looking at "/usr/bin/xclipboard"
"Failed to extract plugin meta data from '/usr/bin/xclipboard'" 
         not a plugin
QFactoryLoader::QFactoryLoader() looking at "/usr/bin/xclock"
"Failed to extract plugin meta data from '/usr/bin/xclock'" 
         not a plugin
QFactoryLoader::QFactoryLoader() looking at "/usr/bin/xcmsdb"
"Failed to extract plugin meta data from '/usr/bin/xcmsdb'" 
         not a plugin
QFactoryLoader::QFactoryLoader() looking at "/usr/bin/xconsole"
"Failed to extract plugin meta data from '/usr/bin/xconsole'" 
         not a plugin
QFactoryLoader::QFactoryLoader() looking at "/usr/bin/xcursorgen"
"Failed to extract plugin meta data from '/usr/bin/xcursorgen'" 
         not a plugin
QFactoryLoader::QFactoryLoader() looking at "/usr/bin/xcutsel"
"Failed to extract plugin meta data from '/usr/bin/xcutsel'" 
         not a plugin
QFactoryLoader::QFactoryLoader() looking at "/usr/bin/xdg-dbus-proxy"
"Failed to extract plugin meta data from '/usr/bin/xdg-dbus-proxy'" 
         not a plugin
QFactoryLoader::QFactoryLoader() looking at "/usr/bin/xdg-desktop-icon"
QElfParser: '/usr/bin/xdg-desktop-icon' is not an ELF object
"'/usr/bin/xdg-desktop-icon' is not an ELF object" 
         not a plugin
QFactoryLoader::QFactoryLoader() looking at "/usr/bin/xdg-desktop-menu"
QElfParser: '/usr/bin/xdg-desktop-menu' is not an ELF object
"'/usr/bin/xdg-desktop-menu' is not an ELF object" 
         not a plugin
QFactoryLoader::QFactoryLoader() looking at "/usr/bin/xdg-email"
QElfParser: '/usr/bin/xdg-email' is not an ELF object
"'/usr/bin/xdg-email' is not an ELF object" 
         not a plugin
QFactoryLoader::QFactoryLoader() looking at "/usr/bin/xdg-icon-resource"
QElfParser: '/usr/bin/xdg-icon-resource' is not an ELF object
"'/usr/bin/xdg-icon-resource' is not an ELF object" 
         not a plugin
QFactoryLoader::QFactoryLoader() looking at "/usr/bin/xdg-mime"
QElfParser: '/usr/bin/xdg-mime' is not an ELF object
"'/usr/bin/xdg-mime' is not an ELF object" 
         not a plugin
QFactoryLoader::QFactoryLoader() looking at "/usr/bin/xdg-open"
QElfParser: '/usr/bin/xdg-open' is not an ELF object
"'/usr/bin/xdg-open' is not an ELF object" 
         not a plugin
QFactoryLoader::QFactoryLoader() looking at "/usr/bin/xdg-screensaver"
QElfParser: '/usr/bin/xdg-screensaver' is not an ELF object
"'/usr/bin/xdg-screensaver' is not an ELF object" 
         not a plugin
QFactoryLoader::QFactoryLoader() looking at "/usr/bin/xdg-settings"
QElfParser: '/usr/bin/xdg-settings' is not an ELF object
"'/usr/bin/xdg-settings' is not an ELF object" 
         not a plugin
QFactoryLoader::QFactoryLoader() looking at "/usr/bin/xdg-user-dir"
QElfParser: '/usr/bin/xdg-user-dir' is not an ELF object
"'/usr/bin/xdg-user-dir' is not an ELF object" 
         not a plugin
QFactoryLoader::QFactoryLoader() looking at "/usr/bin/xdg-user-dirs-gtk-update"
"Failed to extract plugin meta data from '/usr/bin/xdg-user-dirs-gtk-update'" 
         not a plugin
QFactoryLoader::QFactoryLoader() looking at "/usr/bin/xdg-user-dirs-update"
"Failed to extract plugin meta data from '/usr/bin/xdg-user-dirs-update'" 
         not a plugin
QFactoryLoader::QFactoryLoader() looking at "/usr/bin/xditview"
"Failed to extract plugin meta data from '/usr/bin/xditview'" 
         not a plugin
QFactoryLoader::QFactoryLoader() looking at "/usr/bin/xdpyinfo"
"Failed to extract plugin meta data from '/usr/bin/xdpyinfo'" 
         not a plugin
QFactoryLoader::QFactoryLoader() looking at "/usr/bin/xdriinfo"
"Failed to extract plugin meta data from '/usr/bin/xdriinfo'" 
         not a plugin
QFactoryLoader::QFactoryLoader() looking at "/usr/bin/xdvi"
QElfParser: '/usr/bin/xdvi' is not an ELF object
"'/usr/bin/xdvi' is not an ELF object" 
         not a plugin
QFactoryLoader::QFactoryLoader() looking at "/usr/bin/xdvi-xaw"
"Failed to extract plugin meta data from '/usr/bin/xdvi-xaw'" 
         not a plugin
QFactoryLoader::QFactoryLoader() looking at "/usr/bin/xdvi.bin"
"Failed to extract plugin meta data from '/usr/bin/xdvi-xaw'" 
         not a plugin
QFactoryLoader::QFactoryLoader() looking at "/usr/bin/xdvipdfmx"
"Failed to extract plugin meta data from '/usr/bin/xdvipdfmx'" 
         not a plugin
QFactoryLoader::QFactoryLoader() looking at "/usr/bin/xedit"
"Failed to extract plugin meta data from '/usr/bin/xedit'" 
         not a plugin
QFactoryLoader::QFactoryLoader() looking at "/usr/bin/xelatex"
"Failed to extract plugin meta data from '/usr/bin/xetex'" 
         not a plugin
QFactoryLoader::QFactoryLoader() looking at "/usr/bin/xelatex-dev"
"Failed to extract plugin meta data from '/usr/bin/xetex'" 
         not a plugin
QFactoryLoader::QFactoryLoader() looking at "/usr/bin/xetex"
"Failed to extract plugin meta data from '/usr/bin/xetex'" 
         not a plugin
QFactoryLoader::QFactoryLoader() looking at "/usr/bin/xev"
"Failed to extract plugin meta data from '/usr/bin/xev'" 
         not a plugin
QFactoryLoader::QFactoryLoader() looking at "/usr/bin/xeyes"
"Failed to extract plugin meta data from '/usr/bin/xeyes'" 
         not a plugin
QFactoryLoader::QFactoryLoader() looking at "/usr/bin/xfburn"
"Failed to extract plugin meta data from '/usr/bin/xfburn'" 
         not a plugin
QFactoryLoader::QFactoryLoader() looking at "/usr/bin/xfce4-about"
"Failed to extract plugin meta data from '/usr/bin/xfce4-about'" 
         not a plugin
QFactoryLoader::QFactoryLoader() looking at "/usr/bin/xfce4-accessibility-settings"
"Failed to extract plugin meta data from '/usr/bin/xfce4-accessibility-settings'" 
         not a plugin
QFactoryLoader::QFactoryLoader() looking at "/usr/bin/xfce4-appearance-settings"
"Failed to extract plugin meta data from '/usr/bin/xfce4-appearance-settings'" 
         not a plugin
QFactoryLoader::QFactoryLoader() looking at "/usr/bin/xfce4-appfinder"
"Failed to extract plugin meta data from '/usr/bin/xfce4-appfinder'" 
         not a plugin
QFactoryLoader::QFactoryLoader() looking at "/usr/bin/xfce4-clipman"
"Failed to extract plugin meta data from '/usr/bin/xfce4-clipman'" 
         not a plugin
QFactoryLoader::QFactoryLoader() looking at "/usr/bin/xfce4-clipman-history"
"Failed to extract plugin meta data from '/usr/bin/xfce4-clipman-history'" 
         not a plugin
QFactoryLoader::QFactoryLoader() looking at "/usr/bin/xfce4-clipman-settings"
"Failed to extract plugin meta data from '/usr/bin/xfce4-clipman-settings'" 
         not a plugin
QFactoryLoader::QFactoryLoader() looking at "/usr/bin/xfce4-color-settings"
"Failed to extract plugin meta data from '/usr/bin/xfce4-color-settings'" 
         not a plugin
QFactoryLoader::QFactoryLoader() looking at "/usr/bin/xfce4-dict"
"Failed to extract plugin meta data from '/usr/bin/xfce4-dict'" 
         not a plugin
QFactoryLoader::QFactoryLoader() looking at "/usr/bin/xfce4-display-settings"
"Failed to extract plugin meta data from '/usr/bin/xfce4-display-settings'" 
         not a plugin
QFactoryLoader::QFactoryLoader() looking at "/usr/bin/xfce4-find-cursor"
"Failed to extract plugin meta data from '/usr/bin/xfce4-find-cursor'" 
         not a plugin
QFactoryLoader::QFactoryLoader() looking at "/usr/bin/xfce4-keyboard-settings"
"Failed to extract plugin meta data from '/usr/bin/xfce4-keyboard-settings'" 
         not a plugin
QFactoryLoader::QFactoryLoader() looking at "/usr/bin/xfce4-mime-helper"
"Failed to extract plugin meta data from '/usr/bin/xfce4-mime-helper'" 
         not a plugin
QFactoryLoader::QFactoryLoader() looking at "/usr/bin/xfce4-mime-settings"
"Failed to extract plugin meta data from '/usr/bin/xfce4-mime-settings'" 
         not a plugin
QFactoryLoader::QFactoryLoader() looking at "/usr/bin/xfce4-mouse-settings"
"Failed to extract plugin meta data from '/usr/bin/xfce4-mouse-settings'" 
         not a plugin
QFactoryLoader::QFactoryLoader() looking at "/usr/bin/xfce4-notes"
"Failed to extract plugin meta data from '/usr/bin/xfce4-notes'" 
         not a plugin
QFactoryLoader::QFactoryLoader() looking at "/usr/bin/xfce4-notes-settings"
"Failed to extract plugin meta data from '/usr/bin/xfce4-notes-settings'" 
         not a plugin
QFactoryLoader::QFactoryLoader() looking at "/usr/bin/xfce4-notifyd-config"
"Failed to extract plugin meta data from '/usr/bin/xfce4-notifyd-config'" 
         not a plugin
QFactoryLoader::QFactoryLoader() looking at "/usr/bin/xfce4-panel"
"Failed to extract plugin meta data from '/usr/bin/xfce4-panel'" 
         not a plugin
QFactoryLoader::QFactoryLoader() looking at "/usr/bin/xfce4-panel-profiles"
QElfParser: '/usr/bin/xfce4-panel-profiles' is not an ELF object
"'/usr/bin/xfce4-panel-profiles' is not an ELF object" 
         not a plugin
QFactoryLoader::QFactoryLoader() looking at "/usr/bin/xfce4-popup-applicationsmenu"
QElfParser: '/usr/bin/xfce4-popup-applicationsmenu' is not an ELF object
"'/usr/bin/xfce4-popup-applicationsmenu' is not an ELF object" 
         not a plugin
QFactoryLoader::QFactoryLoader() looking at "/usr/bin/xfce4-popup-clipman"
"Failed to extract plugin meta data from '/usr/bin/xfce4-popup-clipman'" 
         not a plugin
QFactoryLoader::QFactoryLoader() looking at "/usr/bin/xfce4-popup-clipman-actions"
"Failed to extract plugin meta data from '/usr/bin/xfce4-popup-clipman'" 
         not a plugin
QFactoryLoader::QFactoryLoader() looking at "/usr/bin/xfce4-popup-directorymenu"
QElfParser: '/usr/bin/xfce4-popup-directorymenu' is not an ELF object
"'/usr/bin/xfce4-popup-directorymenu' is not an ELF object" 
         not a plugin
QFactoryLoader::QFactoryLoader() looking at "/usr/bin/xfce4-popup-notes"
"Failed to extract plugin meta data from '/usr/bin/xfce4-popup-notes'" 
         not a plugin
QFactoryLoader::QFactoryLoader() looking at "/usr/bin/xfce4-popup-places"
QElfParser: '/usr/bin/xfce4-popup-places' is not an ELF object
"'/usr/bin/xfce4-popup-places' is not an ELF object" 
         not a plugin
QFactoryLoader::QFactoryLoader() looking at "/usr/bin/xfce4-popup-whiskermenu"
QElfParser: '/usr/bin/xfce4-popup-whiskermenu' is not an ELF object
"'/usr/bin/xfce4-popup-whiskermenu' is not an ELF object" 
         not a plugin
QFactoryLoader::QFactoryLoader() looking at "/usr/bin/xfce4-popup-windowmenu"
QElfParser: '/usr/bin/xfce4-popup-windowmenu' is not an ELF object
"'/usr/bin/xfce4-popup-windowmenu' is not an ELF object" 
         not a plugin
QFactoryLoader::QFactoryLoader() looking at "/usr/bin/xfce4-power-manager"
"Failed to extract plugin meta data from '/usr/bin/xfce4-power-manager'" 
         not a plugin
QFactoryLoader::QFactoryLoader() looking at "/usr/bin/xfce4-power-manager-settings"
"Failed to extract plugin meta data from '/usr/bin/xfce4-power-manager-settings'" 
         not a plugin
QFactoryLoader::QFactoryLoader() looking at "/usr/bin/xfce4-screensaver"
"Failed to extract plugin meta data from '/usr/bin/xfce4-screensaver'" 
         not a plugin
QFactoryLoader::QFactoryLoader() looking at "/usr/bin/xfce4-screensaver-command"
"Failed to extract plugin meta data from '/usr/bin/xfce4-screensaver-command'" 
         not a plugin
QFactoryLoader::QFactoryLoader() looking at "/usr/bin/xfce4-screensaver-configure"
QElfParser: '/usr/bin/xfce4-screensaver-configure' is not an ELF object
"'/usr/bin/xfce4-screensaver-configure' is not an ELF object" 
         not a plugin
QFactoryLoader::QFactoryLoader() looking at "/usr/bin/xfce4-screensaver-preferences"
"Failed to extract plugin meta data from '/usr/bin/xfce4-screensaver-preferences'" 
         not a plugin
QFactoryLoader::QFactoryLoader() looking at "/usr/bin/xfce4-screenshooter"
"Failed to extract plugin meta data from '/usr/bin/xfce4-screenshooter'" 
         not a plugin
QFactoryLoader::QFactoryLoader() looking at "/usr/bin/xfce4-session"
"Failed to extract plugin meta data from '/usr/bin/xfce4-session'" 
         not a plugin
QFactoryLoader::QFactoryLoader() looking at "/usr/bin/xfce4-session-logout"
"Failed to extract plugin meta data from '/usr/bin/xfce4-session-logout'" 
         not a plugin
QFactoryLoader::QFactoryLoader() looking at "/usr/bin/xfce4-session-settings"
"Failed to extract plugin meta data from '/usr/bin/xfce4-session-settings'" 
         not a plugin
QFactoryLoader::QFactoryLoader() looking at "/usr/bin/xfce4-settings-editor"
"Failed to extract plugin meta data from '/usr/bin/xfce4-settings-editor'" 
         not a plugin
QFactoryLoader::QFactoryLoader() looking at "/usr/bin/xfce4-settings-manager"
"Failed to extract plugin meta data from '/usr/bin/xfce4-settings-manager'" 
         not a plugin
QFactoryLoader::QFactoryLoader() looking at "/usr/bin/xfce4-taskmanager"
"Failed to extract plugin meta data from '/usr/bin/xfce4-taskmanager'" 
         not a plugin
QFactoryLoader::QFactoryLoader() looking at "/usr/bin/xfce4-terminal"
"Failed to extract plugin meta data from '/usr/bin/xfce4-terminal'" 
         not a plugin
QFactoryLoader::QFactoryLoader() looking at "/usr/bin/xfce4-terminal.wrapper"
QElfParser: '/usr/bin/xfce4-terminal.wrapper' is not an ELF object
"'/usr/bin/xfce4-terminal.wrapper' is not an ELF object" 
         not a plugin
QFactoryLoader::QFactoryLoader() looking at "/usr/bin/xfconf-query"
"Failed to extract plugin meta data from '/usr/bin/xfconf-query'" 
         not a plugin
QFactoryLoader::QFactoryLoader() looking at "/usr/bin/xfd"
"Failed to extract plugin meta data from '/usr/bin/xfd'" 
         not a plugin
QFactoryLoader::QFactoryLoader() looking at "/usr/bin/xfdesktop"
"Failed to extract plugin meta data from '/usr/bin/xfdesktop'" 
         not a plugin
QFactoryLoader::QFactoryLoader() looking at "/usr/bin/xfdesktop-settings"
"Failed to extract plugin meta data from '/usr/bin/xfdesktop-settings'" 
         not a plugin
QFactoryLoader::QFactoryLoader() looking at "/usr/bin/xfhelp4"
QElfParser: '/usr/bin/xfhelp4' is not an ELF object
"'/usr/bin/xfhelp4' is not an ELF object" 
         not a plugin
QFactoryLoader::QFactoryLoader() looking at "/usr/bin/xflock4"
QElfParser: '/usr/bin/xflock4' is not an ELF object
"'/usr/bin/xflock4' is not an ELF object" 
         not a plugin
QFactoryLoader::QFactoryLoader() looking at "/usr/bin/xfontsel"
"Failed to extract plugin meta data from '/usr/bin/xfontsel'" 
         not a plugin
QFactoryLoader::QFactoryLoader() looking at "/usr/bin/xfrun4"
"Failed to extract plugin meta data from '/usr/bin/xfce4-appfinder'" 
         not a plugin
QFactoryLoader::QFactoryLoader() looking at "/usr/bin/xfsettingsd"
"Failed to extract plugin meta data from '/usr/bin/xfsettingsd'" 
         not a plugin
QFactoryLoader::QFactoryLoader() looking at "/usr/bin/xfwm4"
"Failed to extract plugin meta data from '/usr/bin/xfwm4'" 
         not a plugin
QFactoryLoader::QFactoryLoader() looking at "/usr/bin/xfwm4-settings"
"Failed to extract plugin meta data from '/usr/bin/xfwm4-settings'" 
         not a plugin
QFactoryLoader::QFactoryLoader() looking at "/usr/bin/xfwm4-tweaks-settings"
"Failed to extract plugin meta data from '/usr/bin/xfwm4-tweaks-settings'" 
         not a plugin
QFactoryLoader::QFactoryLoader() looking at "/usr/bin/xfwm4-workspace-settings"
"Failed to extract plugin meta data from '/usr/bin/xfwm4-workspace-settings'" 
         not a plugin
QFactoryLoader::QFactoryLoader() looking at "/usr/bin/xgamma"
"Failed to extract plugin meta data from '/usr/bin/xgamma'" 
         not a plugin
QFactoryLoader::QFactoryLoader() looking at "/usr/bin/xgc"
"Failed to extract plugin meta data from '/usr/bin/xgc'" 
         not a plugin
QFactoryLoader::QFactoryLoader() looking at "/usr/bin/xgettext"
"Failed to extract plugin meta data from '/usr/bin/xgettext'" 
         not a plugin
QFactoryLoader::QFactoryLoader() looking at "/usr/bin/xhlatex"
QElfParser: '/usr/share/texlive/texmf-dist/scripts/tex4ht/xhlatex.sh' is not an ELF object
"'/usr/share/texlive/texmf-dist/scripts/tex4ht/xhlatex.sh' is not an ELF object" 
         not a plugin
QFactoryLoader::QFactoryLoader() looking at "/usr/bin/xhost"
"Failed to extract plugin meta data from '/usr/bin/xhost'" 
         not a plugin
QFactoryLoader::QFactoryLoader() looking at "/usr/bin/xiccd"
"Failed to extract plugin meta data from '/usr/bin/xiccd'" 
         not a plugin
QFactoryLoader::QFactoryLoader() looking at "/usr/bin/ximtoppm"
"Failed to extract plugin meta data from '/usr/bin/ximtoppm'" 
         not a plugin
QFactoryLoader::QFactoryLoader() looking at "/usr/bin/xindex"
QElfParser: '/usr/share/texlive/texmf-dist/scripts/xindex/xindex.lua' is not an ELF object
"'/usr/share/texlive/texmf-dist/scripts/xindex/xindex.lua' is not an ELF object" 
         not a plugin
QFactoryLoader::QFactoryLoader() looking at "/usr/bin/xinit"
"Failed to extract plugin meta data from '/usr/bin/xinit'" 
         not a plugin
QFactoryLoader::QFactoryLoader() looking at "/usr/bin/xinput"
"Failed to extract plugin meta data from '/usr/bin/xinput'" 
         not a plugin
QFactoryLoader::QFactoryLoader() looking at "/usr/bin/xkbbell"
"Failed to extract plugin meta data from '/usr/bin/xkbbell'" 
         not a plugin
QFactoryLoader::QFactoryLoader() looking at "/usr/bin/xkbcomp"
"Failed to extract plugin meta data from '/usr/bin/xkbcomp'" 
         not a plugin
QFactoryLoader::QFactoryLoader() looking at "/usr/bin/xkbevd"
"Failed to extract plugin meta data from '/usr/bin/xkbevd'" 
         not a plugin
QFactoryLoader::QFactoryLoader() looking at "/usr/bin/xkbprint"
"Failed to extract plugin meta data from '/usr/bin/xkbprint'" 
         not a plugin
QFactoryLoader::QFactoryLoader() looking at "/usr/bin/xkbvleds"
"Failed to extract plugin meta data from '/usr/bin/xkbvleds'" 
         not a plugin
QFactoryLoader::QFactoryLoader() looking at "/usr/bin/xkbwatch"
"Failed to extract plugin meta data from '/usr/bin/xkbwatch'" 
         not a plugin
QFactoryLoader::QFactoryLoader() looking at "/usr/bin/xkeystone"
QElfParser: '/usr/bin/xkeystone' is not an ELF object
"'/usr/bin/xkeystone' is not an ELF object" 
         not a plugin
QFactoryLoader::QFactoryLoader() looking at "/usr/bin/xkill"
"Failed to extract plugin meta data from '/usr/bin/xkill'" 
         not a plugin
QFactoryLoader::QFactoryLoader() looking at "/usr/bin/xload"
"Failed to extract plugin meta data from '/usr/bin/xload'" 
         not a plugin
QFactoryLoader::QFactoryLoader() looking at "/usr/bin/xlogo"
"Failed to extract plugin meta data from '/usr/bin/xlogo'" 
         not a plugin
QFactoryLoader::QFactoryLoader() looking at "/usr/bin/xls2csv"
"Failed to extract plugin meta data from '/usr/bin/xls2csv'" 
         not a plugin
QFactoryLoader::QFactoryLoader() looking at "/usr/bin/xlsatoms"
"Failed to extract plugin meta data from '/usr/bin/xlsatoms'" 
         not a plugin
QFactoryLoader::QFactoryLoader() looking at "/usr/bin/xlsclients"
"Failed to extract plugin meta data from '/usr/bin/xlsclients'" 
         not a plugin
QFactoryLoader::QFactoryLoader() looking at "/usr/bin/xlsfonts"
"Failed to extract plugin meta data from '/usr/bin/xlsfonts'" 
         not a plugin
QFactoryLoader::QFactoryLoader() looking at "/usr/bin/xmag"
"Failed to extract plugin meta data from '/usr/bin/xmag'" 
         not a plugin
QFactoryLoader::QFactoryLoader() looking at "/usr/bin/xman"
"Failed to extract plugin meta data from '/usr/bin/xman'" 
         not a plugin
QFactoryLoader::QFactoryLoader() looking at "/usr/bin/xmessage"
"Failed to extract plugin meta data from '/usr/bin/xmessage'" 
         not a plugin
QFactoryLoader::QFactoryLoader() looking at "/usr/bin/xml2pmx"
"Failed to extract plugin meta data from '/usr/bin/xml2pmx'" 
         not a plugin
QFactoryLoader::QFactoryLoader() looking at "/usr/bin/xmltex"
"Failed to extract plugin meta data from '/usr/bin/pdftex'" 
         not a plugin
QFactoryLoader::QFactoryLoader() looking at "/usr/bin/xmodmap"
"Failed to extract plugin meta data from '/usr/bin/xmodmap'" 
         not a plugin
QFactoryLoader::QFactoryLoader() looking at "/usr/bin/xmore"
"Failed to extract plugin meta data from '/usr/bin/xmore'" 
         not a plugin
QFactoryLoader::QFactoryLoader() looking at "/usr/bin/Xorg"
QElfParser: '/usr/bin/Xorg' is not an ELF object
"'/usr/bin/Xorg' is not an ELF object" 
         not a plugin
QFactoryLoader::QFactoryLoader() looking at "/usr/bin/xpmtoppm"
"Failed to extract plugin meta data from '/usr/bin/xpmtoppm'" 
         not a plugin
QFactoryLoader::QFactoryLoader() looking at "/usr/bin/xprop"
"Failed to extract plugin meta data from '/usr/bin/xprop'" 
         not a plugin
QFactoryLoader::QFactoryLoader() looking at "/usr/bin/xqxdecode"
"Failed to extract plugin meta data from '/usr/bin/xqxdecode'" 
         not a plugin
QFactoryLoader::QFactoryLoader() looking at "/usr/bin/xrandr"
"Failed to extract plugin meta data from '/usr/bin/xrandr'" 
         not a plugin
QFactoryLoader::QFactoryLoader() looking at "/usr/bin/xrdb"
"Failed to extract plugin meta data from '/usr/bin/xrdb'" 
         not a plugin
QFactoryLoader::QFactoryLoader() looking at "/usr/bin/xrefresh"
"Failed to extract plugin meta data from '/usr/bin/xrefresh'" 
         not a plugin
QFactoryLoader::QFactoryLoader() looking at "/usr/bin/xset"
"Failed to extract plugin meta data from '/usr/bin/xset'" 
         not a plugin
QFactoryLoader::QFactoryLoader() looking at "/usr/bin/xsetmode"
"Failed to extract plugin meta data from '/usr/bin/xsetmode'" 
         not a plugin
QFactoryLoader::QFactoryLoader() looking at "/usr/bin/xsetpointer"
"Failed to extract plugin meta data from '/usr/bin/xsetpointer'" 
         not a plugin
QFactoryLoader::QFactoryLoader() looking at "/usr/bin/xsetroot"
"Failed to extract plugin meta data from '/usr/bin/xsetroot'" 
         not a plugin
QFactoryLoader::QFactoryLoader() looking at "/usr/bin/xsetwacom"
"Failed to extract plugin meta data from '/usr/bin/xsetwacom'" 
         not a plugin
QFactoryLoader::QFactoryLoader() looking at "/usr/bin/xsm"
"Failed to extract plugin meta data from '/usr/bin/xsm'" 
         not a plugin
QFactoryLoader::QFactoryLoader() looking at "/usr/bin/xstdcmap"
"Failed to extract plugin meta data from '/usr/bin/xstdcmap'" 
         not a plugin
QFactoryLoader::QFactoryLoader() looking at "/usr/bin/xsubpp"
QElfParser: '/usr/bin/xsubpp' is not an ELF object
"'/usr/bin/xsubpp' is not an ELF object" 
         not a plugin
QFactoryLoader::QFactoryLoader() looking at "/usr/bin/xterm"
"Failed to extract plugin meta data from '/usr/bin/xterm'" 
         not a plugin
QFactoryLoader::QFactoryLoader() looking at "/usr/bin/xubuntu-numlockx"
QElfParser: '/usr/bin/xubuntu-numlockx' is not an ELF object
"'/usr/bin/xubuntu-numlockx' is not an ELF object" 
         not a plugin
QFactoryLoader::QFactoryLoader() looking at "/usr/bin/xvidtune"
"Failed to extract plugin meta data from '/usr/bin/xvidtune'" 
         not a plugin
QFactoryLoader::QFactoryLoader() looking at "/usr/bin/xvinfo"
"Failed to extract plugin meta data from '/usr/bin/xvinfo'" 
         not a plugin
QFactoryLoader::QFactoryLoader() looking at "/usr/bin/xvminitoppm"
"Failed to extract plugin meta data from '/usr/bin/xvminitoppm'" 
         not a plugin
QFactoryLoader::QFactoryLoader() looking at "/usr/bin/xwd"
"Failed to extract plugin meta data from '/usr/bin/xwd'" 
         not a plugin
QFactoryLoader::QFactoryLoader() looking at "/usr/bin/xwdtopnm"
"Failed to extract plugin meta data from '/usr/bin/xwdtopnm'" 
         not a plugin
QFactoryLoader::QFactoryLoader() looking at "/usr/bin/xwininfo"
"Failed to extract plugin meta data from '/usr/bin/xwininfo'" 
         not a plugin
QFactoryLoader::QFactoryLoader() looking at "/usr/bin/xwud"
"Failed to extract plugin meta data from '/usr/bin/xwud'" 
         not a plugin
QFactoryLoader::QFactoryLoader() looking at "/usr/bin/xxd"
"Failed to extract plugin meta data from '/usr/bin/xxd'" 
         not a plugin
QFactoryLoader::QFactoryLoader() looking at "/usr/bin/xz"
"Failed to extract plugin meta data from '/usr/bin/xz'" 
         not a plugin
QFactoryLoader::QFactoryLoader() looking at "/usr/bin/xzcat"
"Failed to extract plugin meta data from '/usr/bin/xz'" 
         not a plugin
QFactoryLoader::QFactoryLoader() looking at "/usr/bin/xzcmp"
QElfParser: '/usr/bin/xzdiff' is not an ELF object
"'/usr/bin/xzdiff' is not an ELF object" 
         not a plugin
QFactoryLoader::QFactoryLoader() looking at "/usr/bin/xzdiff"
QElfParser: '/usr/bin/xzdiff' is not an ELF object
"'/usr/bin/xzdiff' is not an ELF object" 
         not a plugin
QFactoryLoader::QFactoryLoader() looking at "/usr/bin/xzegrep"
QElfParser: '/usr/bin/xzgrep' is not an ELF object
"'/usr/bin/xzgrep' is not an ELF object" 
         not a plugin
QFactoryLoader::QFactoryLoader() looking at "/usr/bin/xzfgrep"
QElfParser: '/usr/bin/xzgrep' is not an ELF object
"'/usr/bin/xzgrep' is not an ELF object" 
         not a plugin
QFactoryLoader::QFactoryLoader() looking at "/usr/bin/xzgrep"
QElfParser: '/usr/bin/xzgrep' is not an ELF object
"'/usr/bin/xzgrep' is not an ELF object" 
         not a plugin
QFactoryLoader::QFactoryLoader() looking at "/usr/bin/xzless"
QElfParser: '/usr/bin/xzless' is not an ELF object
"'/usr/bin/xzless' is not an ELF object" 
         not a plugin
QFactoryLoader::QFactoryLoader() looking at "/usr/bin/xzmore"
QElfParser: '/usr/bin/xzmore' is not an ELF object
"'/usr/bin/xzmore' is not an ELF object" 
         not a plugin
QFactoryLoader::QFactoryLoader() looking at "/usr/bin/ybmtopbm"
"Failed to extract plugin meta data from '/usr/bin/ybmtopbm'" 
         not a plugin
QFactoryLoader::QFactoryLoader() looking at "/usr/bin/yelp"
"Failed to extract plugin meta data from '/usr/bin/yelp'" 
         not a plugin
QFactoryLoader::QFactoryLoader() looking at "/usr/bin/yes"
"Failed to extract plugin meta data from '/usr/bin/yes'" 
         not a plugin
QFactoryLoader::QFactoryLoader() looking at "/usr/bin/ypdomainname"
"Failed to extract plugin meta data from '/usr/bin/hostname'" 
         not a plugin
QFactoryLoader::QFactoryLoader() looking at "/usr/bin/yplan"
QElfParser: '/usr/share/texlive/texmf-dist/scripts/yplan/yplan' is not an ELF object
"'/usr/share/texlive/texmf-dist/scripts/yplan/yplan' is not an ELF object" 
         not a plugin
QFactoryLoader::QFactoryLoader() looking at "/usr/bin/yuvsplittoppm"
"Failed to extract plugin meta data from '/usr/bin/yuvsplittoppm'" 
         not a plugin
QFactoryLoader::QFactoryLoader() looking at "/usr/bin/yuvtoppm"
"Failed to extract plugin meta data from '/usr/bin/yuvtoppm'" 
         not a plugin
QFactoryLoader::QFactoryLoader() looking at "/usr/bin/zcat"
QElfParser: '/usr/bin/zcat' is not an ELF object
"'/usr/bin/zcat' is not an ELF object" 
         not a plugin
QFactoryLoader::QFactoryLoader() looking at "/usr/bin/zcmp"
QElfParser: '/usr/bin/zcmp' is not an ELF object
"'/usr/bin/zcmp' is not an ELF object" 
         not a plugin
QFactoryLoader::QFactoryLoader() looking at "/usr/bin/zdiff"
QElfParser: '/usr/bin/zdiff' is not an ELF object
"'/usr/bin/zdiff' is not an ELF object" 
         not a plugin
QFactoryLoader::QFactoryLoader() looking at "/usr/bin/zdump"
"Failed to extract plugin meta data from '/usr/bin/zdump'" 
         not a plugin
QFactoryLoader::QFactoryLoader() looking at "/usr/bin/zegrep"
QElfParser: '/usr/bin/zegrep' is not an ELF object (file too small)
"'/usr/bin/zegrep' is not an ELF object (file too small)" 
         not a plugin
QFactoryLoader::QFactoryLoader() looking at "/usr/bin/zeisstopnm"
"Failed to extract plugin meta data from '/usr/bin/zeisstopnm'" 
         not a plugin
QFactoryLoader::QFactoryLoader() looking at "/usr/bin/zenity"
"Failed to extract plugin meta data from '/usr/bin/zenity'" 
         not a plugin
QFactoryLoader::QFactoryLoader() looking at "/usr/bin/zfgrep"
QElfParser: '/usr/bin/zfgrep' is not an ELF object (file too small)
"'/usr/bin/zfgrep' is not an ELF object (file too small)" 
         not a plugin
QFactoryLoader::QFactoryLoader() looking at "/usr/bin/zforce"
QElfParser: '/usr/bin/zforce' is not an ELF object
"'/usr/bin/zforce' is not an ELF object" 
         not a plugin
QFactoryLoader::QFactoryLoader() looking at "/usr/bin/zgrep"
QElfParser: '/usr/bin/zgrep' is not an ELF object
"'/usr/bin/zgrep' is not an ELF object" 
         not a plugin
QFactoryLoader::QFactoryLoader() looking at "/usr/bin/zip"
"Failed to extract plugin meta data from '/usr/bin/zip'" 
         not a plugin
QFactoryLoader::QFactoryLoader() looking at "/usr/bin/zipcloak"
"Failed to extract plugin meta data from '/usr/bin/zipcloak'" 
         not a plugin
QFactoryLoader::QFactoryLoader() looking at "/usr/bin/zipdetails"
QElfParser: '/usr/bin/zipdetails' is not an ELF object
"'/usr/bin/zipdetails' is not an ELF object" 
         not a plugin
QFactoryLoader::QFactoryLoader() looking at "/usr/bin/zipgrep"
QElfParser: '/usr/bin/zipgrep' is not an ELF object
"'/usr/bin/zipgrep' is not an ELF object" 
         not a plugin
QFactoryLoader::QFactoryLoader() looking at "/usr/bin/zipinfo"
"Failed to extract plugin meta data from '/usr/bin/zipinfo'" 
         not a plugin
QFactoryLoader::QFactoryLoader() looking at "/usr/bin/zipnote"
"Failed to extract plugin meta data from '/usr/bin/zipnote'" 
         not a plugin
QFactoryLoader::QFactoryLoader() looking at "/usr/bin/zipsplit"
"Failed to extract plugin meta data from '/usr/bin/zipsplit'" 
         not a plugin
QFactoryLoader::QFactoryLoader() looking at "/usr/bin/zjsdecode"
"Failed to extract plugin meta data from '/usr/bin/zjsdecode'" 
         not a plugin
QFactoryLoader::QFactoryLoader() looking at "/usr/bin/zless"
QElfParser: '/usr/bin/zless' is not an ELF object
"'/usr/bin/zless' is not an ELF object" 
         not a plugin
QFactoryLoader::QFactoryLoader() looking at "/usr/bin/zmore"
QElfParser: '/usr/bin/zmore' is not an ELF object
"'/usr/bin/zmore' is not an ELF object" 
         not a plugin
QFactoryLoader::QFactoryLoader() looking at "/usr/bin/znew"
QElfParser: '/usr/bin/znew' is not an ELF object
"'/usr/bin/znew' is not an ELF object" 
         not a plugin
QFactoryLoader::QFactoryLoader() looking at "/usr/bin/zstd"
"Failed to extract plugin meta data from '/usr/bin/zstd'" 
         not a plugin
QFactoryLoader::QFactoryLoader() looking at "/usr/bin/zstdcat"
"Failed to extract plugin meta data from '/usr/bin/zstd'" 
         not a plugin
QFactoryLoader::QFactoryLoader() looking at "/usr/bin/zstdgrep"
QElfParser: '/usr/bin/zstdgrep' is not an ELF object
"'/usr/bin/zstdgrep' is not an ELF object" 
         not a plugin
QFactoryLoader::QFactoryLoader() looking at "/usr/bin/zstdless"
QElfParser: '/usr/bin/zstdless' is not an ELF object (file too small)
"'/usr/bin/zstdless' is not an ELF object (file too small)" 
         not a plugin
QFactoryLoader::QFactoryLoader() looking at "/usr/bin/zstdmt"
"Failed to extract plugin meta data from '/usr/bin/zstd'" 
         not a plugin
QFactoryLoader::QFactoryLoader() checking directory path "/home/ydssj233/文档/Sankteco/.venv/lib/python3.8/site-packages/PySide2/Qt/plugins/platforms" ...
QFactoryLoader::QFactoryLoader() looking at "/home/ydssj233/文档/Sankteco/.venv/lib/python3.8/site-packages/PySide2/Qt/plugins/platforms/libqeglfs.so"
Found metadata in lib /home/ydssj233/文档/Sankteco/.venv/lib/python3.8/site-packages/PySide2/Qt/plugins/platforms/libqeglfs.so, metadata=
{
    "IID": "org.qt-project.Qt.QPA.QPlatformIntegrationFactoryInterface.5.3",
    "MetaData": {
        "Keys": [
            "eglfs"
        ]
    },
    "archreq": 0,
    "className": "QEglFSIntegrationPlugin",
    "debug": false,
    "version": 331520
}


Got keys from plugin meta data ("eglfs")
QFactoryLoader::QFactoryLoader() looking at "/home/ydssj233/文档/Sankteco/.venv/lib/python3.8/site-packages/PySide2/Qt/plugins/platforms/libqlinuxfb.so"
Found metadata in lib /home/ydssj233/文档/Sankteco/.venv/lib/python3.8/site-packages/PySide2/Qt/plugins/platforms/libqlinuxfb.so, metadata=
{
    "IID": "org.qt-project.Qt.QPA.QPlatformIntegrationFactoryInterface.5.3",
    "MetaData": {
        "Keys": [
            "linuxfb"
        ]
    },
    "archreq": 0,
    "className": "QLinuxFbIntegrationPlugin",
    "debug": false,
    "version": 331520
}


Got keys from plugin meta data ("linuxfb")
QFactoryLoader::QFactoryLoader() looking at "/home/ydssj233/文档/Sankteco/.venv/lib/python3.8/site-packages/PySide2/Qt/plugins/platforms/libqminimal.so"
Found metadata in lib /home/ydssj233/文档/Sankteco/.venv/lib/python3.8/site-packages/PySide2/Qt/plugins/platforms/libqminimal.so, metadata=
{
    "IID": "org.qt-project.Qt.QPA.QPlatformIntegrationFactoryInterface.5.3",
    "MetaData": {
        "Keys": [
            "minimal"
        ]
    },
    "archreq": 0,
    "className": "QMinimalIntegrationPlugin",
    "debug": false,
    "version": 331520
}


Got keys from plugin meta data ("minimal")
QFactoryLoader::QFactoryLoader() looking at "/home/ydssj233/文档/Sankteco/.venv/lib/python3.8/site-packages/PySide2/Qt/plugins/platforms/libqminimalegl.so"
Found metadata in lib /home/ydssj233/文档/Sankteco/.venv/lib/python3.8/site-packages/PySide2/Qt/plugins/platforms/libqminimalegl.so, metadata=
{
    "IID": "org.qt-project.Qt.QPA.QPlatformIntegrationFactoryInterface.5.3",
    "MetaData": {
        "Keys": [
            "minimalegl"
        ]
    },
    "archreq": 0,
    "className": "QMinimalEglIntegrationPlugin",
    "debug": false,
    "version": 331520
}


Got keys from plugin meta data ("minimalegl")
QFactoryLoader::QFactoryLoader() looking at "/home/ydssj233/文档/Sankteco/.venv/lib/python3.8/site-packages/PySide2/Qt/plugins/platforms/libqoffscreen.so"
Found metadata in lib /home/ydssj233/文档/Sankteco/.venv/lib/python3.8/site-packages/PySide2/Qt/plugins/platforms/libqoffscreen.so, metadata=
{
    "IID": "org.qt-project.Qt.QPA.QPlatformIntegrationFactoryInterface.5.3",
    "MetaData": {
        "Keys": [
            "offscreen"
        ]
    },
    "archreq": 0,
    "className": "QOffscreenIntegrationPlugin",
    "debug": false,
    "version": 331520
}


Got keys from plugin meta data ("offscreen")
QFactoryLoader::QFactoryLoader() looking at "/home/ydssj233/文档/Sankteco/.venv/lib/python3.8/site-packages/PySide2/Qt/plugins/platforms/libqvnc.so"
Found metadata in lib /home/ydssj233/文档/Sankteco/.venv/lib/python3.8/site-packages/PySide2/Qt/plugins/platforms/libqvnc.so, metadata=
{
    "IID": "org.qt-project.Qt.QPA.QPlatformIntegrationFactoryInterface.5.3",
    "MetaData": {
        "Keys": [
            "vnc"
        ]
    },
    "archreq": 0,
    "className": "QVncIntegrationPlugin",
    "debug": false,
    "version": 331520
}


Got keys from plugin meta data ("vnc")
QFactoryLoader::QFactoryLoader() looking at "/home/ydssj233/文档/Sankteco/.venv/lib/python3.8/site-packages/PySide2/Qt/plugins/platforms/libqwayland-egl.so"
Found metadata in lib /home/ydssj233/文档/Sankteco/.venv/lib/python3.8/site-packages/PySide2/Qt/plugins/platforms/libqwayland-egl.so, metadata=
{
    "IID": "org.qt-project.Qt.QPA.QPlatformIntegrationFactoryInterface.5.3",
    "MetaData": {
        "Keys": [
            "wayland-egl"
        ]
    },
    "archreq": 0,
    "className": "QWaylandEglPlatformIntegrationPlugin",
    "debug": false,
    "version": 331520
}


Got keys from plugin meta data ("wayland-egl")
QFactoryLoader::QFactoryLoader() looking at "/home/ydssj233/文档/Sankteco/.venv/lib/python3.8/site-packages/PySide2/Qt/plugins/platforms/libqwayland-generic.so"
Found metadata in lib /home/ydssj233/文档/Sankteco/.venv/lib/python3.8/site-packages/PySide2/Qt/plugins/platforms/libqwayland-generic.so, metadata=
{
    "IID": "org.qt-project.Qt.QPA.QPlatformIntegrationFactoryInterface.5.3",
    "MetaData": {
        "Keys": [
            "wayland"
        ]
    },
    "archreq": 0,
    "className": "QWaylandIntegrationPlugin",
    "debug": false,
    "version": 331520
}


Got keys from plugin meta data ("wayland")
QFactoryLoader::QFactoryLoader() looking at "/home/ydssj233/文档/Sankteco/.venv/lib/python3.8/site-packages/PySide2/Qt/plugins/platforms/libqwayland-xcomposite-egl.so"
Found metadata in lib /home/ydssj233/文档/Sankteco/.venv/lib/python3.8/site-packages/PySide2/Qt/plugins/platforms/libqwayland-xcomposite-egl.so, metadata=
{
    "IID": "org.qt-project.Qt.QPA.QPlatformIntegrationFactoryInterface.5.3",
    "MetaData": {
        "Keys": [
            "wayland-xcomposite-egl"
        ]
    },
    "archreq": 0,
    "className": "QWaylandXCompositeEglPlatformIntegrationPlugin",
    "debug": false,
    "version": 331520
}


Got keys from plugin meta data ("wayland-xcomposite-egl")
QFactoryLoader::QFactoryLoader() looking at "/home/ydssj233/文档/Sankteco/.venv/lib/python3.8/site-packages/PySide2/Qt/plugins/platforms/libqwayland-xcomposite-glx.so"
Found metadata in lib /home/ydssj233/文档/Sankteco/.venv/lib/python3.8/site-packages/PySide2/Qt/plugins/platforms/libqwayland-xcomposite-glx.so, metadata=
{
    "IID": "org.qt-project.Qt.QPA.QPlatformIntegrationFactoryInterface.5.3",
    "MetaData": {
        "Keys": [
            "wayland-xcomposite-glx"
        ]
    },
    "archreq": 0,
    "className": "QWaylandXCompositeGlxPlatformIntegrationPlugin",
    "debug": false,
    "version": 331520
}


Got keys from plugin meta data ("wayland-xcomposite-glx")
QFactoryLoader::QFactoryLoader() looking at "/home/ydssj233/文档/Sankteco/.venv/lib/python3.8/site-packages/PySide2/Qt/plugins/platforms/libqwebgl.so"
Found metadata in lib /home/ydssj233/文档/Sankteco/.venv/lib/python3.8/site-packages/PySide2/Qt/plugins/platforms/libqwebgl.so, metadata=
{
    "IID": "org.qt-project.Qt.QPA.QPlatformIntegrationFactoryInterface.5.3",
    "MetaData": {
        "Keys": [
            "webgl"
        ]
    },
    "archreq": 0,
    "className": "QWebGLIntegrationPlugin",
    "debug": false,
    "version": 331520
}


Got keys from plugin meta data ("webgl")
QFactoryLoader::QFactoryLoader() looking at "/home/ydssj233/文档/Sankteco/.venv/lib/python3.8/site-packages/PySide2/Qt/plugins/platforms/libqxcb.so"
Found metadata in lib /home/ydssj233/文档/Sankteco/.venv/lib/python3.8/site-packages/PySide2/Qt/plugins/platforms/libqxcb.so, metadata=
{
    "IID": "org.qt-project.Qt.QPA.QPlatformIntegrationFactoryInterface.5.3",
    "MetaData": {
        "Keys": [
            "xcb"
        ]
    },
    "archreq": 0,
    "className": "QXcbIntegrationPlugin",
    "debug": false,
    "version": 331520
}


Got keys from plugin meta data ("xcb")
QFactoryLoader::QFactoryLoader() checking directory path "/usr/bin/platforms" ...
loaded library "/home/ydssj233/文档/Sankteco/.venv/lib/python3.8/site-packages/PySide2/Qt/plugins/platforms/libqxcb.so"
loaded library "Xcursor"
QFactoryLoader::QFactoryLoader() checking directory path "/home/ydssj233/文档/Sankteco/.venv/lib/python3.8/site-packages/PySide2/Qt/plugins" ...
QFactoryLoader::QFactoryLoader() checking directory path "/usr/bin" ...
QFactoryLoader::QFactoryLoader() looking at "/usr/bin/2to3-3.8"
QElfParser: '/usr/bin/2to3-3.8' is not an ELF object
"'/usr/bin/2to3-3.8' is not an ELF object" 
         not a plugin
QFactoryLoader::QFactoryLoader() looking at "/usr/bin/411toppm"
"Failed to extract plugin meta data from '/usr/bin/411toppm'" 
         not a plugin
QFactoryLoader::QFactoryLoader() looking at "/usr/bin/7z"
QElfParser: '/usr/bin/7z' is not an ELF object (file too small)
"'/usr/bin/7z' is not an ELF object (file too small)" 
         not a plugin
QFactoryLoader::QFactoryLoader() looking at "/usr/bin/7za"
QElfParser: '/usr/bin/7za' is not an ELF object (file too small)
"'/usr/bin/7za' is not an ELF object (file too small)" 
         not a plugin
QFactoryLoader::QFactoryLoader() looking at "/usr/bin/7zr"
QElfParser: '/usr/bin/7zr' is not an ELF object (file too small)
"'/usr/bin/7zr' is not an ELF object (file too small)" 
         not a plugin
QFactoryLoader::QFactoryLoader() looking at "/usr/bin/["
"Failed to extract plugin meta data from '/usr/bin/['" 
         not a plugin
QFactoryLoader::QFactoryLoader() looking at "/usr/bin/a2ping"
QElfParser: '/usr/share/texlive/texmf-dist/scripts/a2ping/a2ping.pl' is not an ELF object
"'/usr/share/texlive/texmf-dist/scripts/a2ping/a2ping.pl' is not an ELF object" 
         not a plugin
QFactoryLoader::QFactoryLoader() looking at "/usr/bin/a5booklet"
QElfParser: '/usr/bin/a5booklet' is not an ELF object
"'/usr/bin/a5booklet' is not an ELF object" 
         not a plugin
QFactoryLoader::QFactoryLoader() looking at "/usr/bin/a5toa4"
QElfParser: '/usr/share/texlive/texmf-dist/scripts/pfarrei/a5toa4.tlu' is not an ELF object
"'/usr/share/texlive/texmf-dist/scripts/pfarrei/a5toa4.tlu' is not an ELF object" 
         not a plugin
QFactoryLoader::QFactoryLoader() looking at "/usr/bin/aa-enabled"
"Failed to extract plugin meta data from '/usr/bin/aa-enabled'" 
         not a plugin
QFactoryLoader::QFactoryLoader() looking at "/usr/bin/aa-exec"
"Failed to extract plugin meta data from '/usr/bin/aa-exec'" 
         not a plugin
QFactoryLoader::QFactoryLoader() looking at "/usr/bin/aa-features-abi"
"Failed to extract plugin meta data from '/usr/bin/aa-features-abi'" 
         not a plugin
QFactoryLoader::QFactoryLoader() looking at "/usr/bin/aconnect"
"Failed to extract plugin meta data from '/usr/bin/aconnect'" 
         not a plugin
QFactoryLoader::QFactoryLoader() looking at "/usr/bin/acpi_listen"
"Failed to extract plugin meta data from '/usr/bin/acpi_listen'" 
         not a plugin
QFactoryLoader::QFactoryLoader() looking at "/usr/bin/acpidbg"
QElfParser: '/usr/bin/acpidbg' is not an ELF object
"'/usr/bin/acpidbg' is not an ELF object" 
         not a plugin
QFactoryLoader::QFactoryLoader() looking at "/usr/bin/acyclic"
"Failed to extract plugin meta data from '/usr/bin/acyclic'" 
         not a plugin
QFactoryLoader::QFactoryLoader() looking at "/usr/bin/add-apt-repository"
QElfParser: '/usr/bin/add-apt-repository' is not an ELF object
"'/usr/bin/add-apt-repository' is not an ELF object" 
         not a plugin
QFactoryLoader::QFactoryLoader() looking at "/usr/bin/addpart"
"Failed to extract plugin meta data from '/usr/bin/addpart'" 
         not a plugin
QFactoryLoader::QFactoryLoader() looking at "/usr/bin/adhocfilelist"
QElfParser: '/usr/share/texlive/texmf-dist/scripts/adhocfilelist/adhocfilelist.sh' is not an ELF object
"'/usr/share/texlive/texmf-dist/scripts/adhocfilelist/adhocfilelist.sh' is not an ELF object" 
         not a plugin
QFactoryLoader::QFactoryLoader() looking at "/usr/bin/afm2afm"
QElfParser: '/usr/share/texlive/texmf-dist/scripts/fontools/afm2afm' is not an ELF object
"'/usr/share/texlive/texmf-dist/scripts/fontools/afm2afm' is not an ELF object" 
         not a plugin
QFactoryLoader::QFactoryLoader() looking at "/usr/bin/afm2pl"
"Failed to extract plugin meta data from '/usr/bin/afm2pl'" 
         not a plugin
QFactoryLoader::QFactoryLoader() looking at "/usr/bin/afm2tfm"
"Failed to extract plugin meta data from '/usr/bin/afm2tfm'" 
         not a plugin
QFactoryLoader::QFactoryLoader() looking at "/usr/bin/airscan-discover"
"Failed to extract plugin meta data from '/usr/bin/airscan-discover'" 
         not a plugin
QFactoryLoader::QFactoryLoader() looking at "/usr/bin/aleph"
"Failed to extract plugin meta data from '/usr/bin/aleph'" 
         not a plugin
QFactoryLoader::QFactoryLoader() looking at "/usr/bin/allcm"
QElfParser: '/usr/share/texlive/texmf-dist/scripts/texlive-extra/allcm.sh' is not an ELF object
"'/usr/share/texlive/texmf-dist/scripts/texlive-extra/allcm.sh' is not an ELF object" 
         not a plugin
QFactoryLoader::QFactoryLoader() looking at "/usr/bin/allec"
QElfParser: '/usr/share/texlive/texmf-dist/scripts/texlive-extra/allcm.sh' is not an ELF object
"'/usr/share/texlive/texmf-dist/scripts/texlive-extra/allcm.sh' is not an ELF object" 
         not a plugin
QFactoryLoader::QFactoryLoader() looking at "/usr/bin/allneeded"
QElfParser: '/usr/share/texlive/texmf-dist/scripts/texlive-extra/allneeded.sh' is not an ELF object
"'/usr/share/texlive/texmf-dist/scripts/texlive-extra/allneeded.sh' is not an ELF object" 
         not a plugin
QFactoryLoader::QFactoryLoader() looking at "/usr/bin/alsabat"
"Failed to extract plugin meta data from '/usr/bin/alsabat'" 
         not a plugin
QFactoryLoader::QFactoryLoader() looking at "/usr/bin/alsaloop"
"Failed to extract plugin meta data from '/usr/bin/alsaloop'" 
         not a plugin
QFactoryLoader::QFactoryLoader() looking at "/usr/bin/alsamixer"
"Failed to extract plugin meta data from '/usr/bin/alsamixer'" 
         not a plugin
QFactoryLoader::QFactoryLoader() looking at "/usr/bin/alsatplg"
"Failed to extract plugin meta data from '/usr/bin/alsatplg'" 
         not a plugin
QFactoryLoader::QFactoryLoader() looking at "/usr/bin/alsaucm"
"Failed to extract plugin meta data from '/usr/bin/alsaucm'" 
         not a plugin
QFactoryLoader::QFactoryLoader() looking at "/usr/bin/amidi"
"Failed to extract plugin meta data from '/usr/bin/amidi'" 
         not a plugin
QFactoryLoader::QFactoryLoader() looking at "/usr/bin/amixer"
"Failed to extract plugin meta data from '/usr/bin/amixer'" 
         not a plugin
QFactoryLoader::QFactoryLoader() looking at "/usr/bin/amstex"
"Failed to extract plugin meta data from '/usr/bin/pdftex'" 
         not a plugin
QFactoryLoader::QFactoryLoader() looking at "/usr/bin/animate"
"Failed to extract plugin meta data from '/usr/bin/animate-im6.q16'" 
         not a plugin
QFactoryLoader::QFactoryLoader() looking at "/usr/bin/animate-im6"
"Failed to extract plugin meta data from '/usr/bin/animate-im6.q16'" 
         not a plugin
QFactoryLoader::QFactoryLoader() looking at "/usr/bin/animate-im6.q16"
"Failed to extract plugin meta data from '/usr/bin/animate-im6.q16'" 
         not a plugin
QFactoryLoader::QFactoryLoader() looking at "/usr/bin/anytopnm"
QElfParser: '/usr/bin/anytopnm' is not an ELF object
"'/usr/bin/anytopnm' is not an ELF object" 
         not a plugin
QFactoryLoader::QFactoryLoader() looking at "/usr/bin/aplay"
"Failed to extract plugin meta data from '/usr/bin/aplay'" 
         not a plugin
QFactoryLoader::QFactoryLoader() looking at "/usr/bin/aplaymidi"
"Failed to extract plugin meta data from '/usr/bin/aplaymidi'" 
         not a plugin
QFactoryLoader::QFactoryLoader() looking at "/usr/bin/apport-bug"
QElfParser: '/usr/bin/apport-bug' is not an ELF object
"'/usr/bin/apport-bug' is not an ELF object" 
         not a plugin
QFactoryLoader::QFactoryLoader() looking at "/usr/bin/apport-cli"
QElfParser: '/usr/bin/apport-cli' is not an ELF object
"'/usr/bin/apport-cli' is not an ELF object" 
         not a plugin
QFactoryLoader::QFactoryLoader() looking at "/usr/bin/apport-collect"
QElfParser: '/usr/bin/apport-bug' is not an ELF object
"'/usr/bin/apport-bug' is not an ELF object" 
         not a plugin
QFactoryLoader::QFactoryLoader() looking at "/usr/bin/apport-unpack"
QElfParser: '/usr/bin/apport-unpack' is not an ELF object
"'/usr/bin/apport-unpack' is not an ELF object" 
         not a plugin
QFactoryLoader::QFactoryLoader() looking at "/usr/bin/appres"
"Failed to extract plugin meta data from '/usr/bin/appres'" 
         not a plugin
QFactoryLoader::QFactoryLoader() looking at "/usr/bin/appstreamcli"
"Failed to extract plugin meta data from '/usr/bin/appstreamcli'" 
         not a plugin
QFactoryLoader::QFactoryLoader() looking at "/usr/bin/apropos"
"Failed to extract plugin meta data from '/usr/bin/whatis'" 
         not a plugin
QFactoryLoader::QFactoryLoader() looking at "/usr/bin/apt"
"Failed to extract plugin meta data from '/usr/bin/apt'" 
         not a plugin
QFactoryLoader::QFactoryLoader() looking at "/usr/bin/apt-add-repository"
QElfParser: '/usr/bin/add-apt-repository' is not an ELF object
"'/usr/bin/add-apt-repository' is not an ELF object" 
         not a plugin
QFactoryLoader::QFactoryLoader() looking at "/usr/bin/apt-cache"
"Failed to extract plugin meta data from '/usr/bin/apt-cache'" 
         not a plugin
QFactoryLoader::QFactoryLoader() looking at "/usr/bin/apt-cdrom"
"Failed to extract plugin meta data from '/usr/bin/apt-cdrom'" 
         not a plugin
QFactoryLoader::QFactoryLoader() looking at "/usr/bin/apt-config"
"Failed to extract plugin meta data from '/usr/bin/apt-config'" 
         not a plugin
QFactoryLoader::QFactoryLoader() looking at "/usr/bin/apt-extracttemplates"
"Failed to extract plugin meta data from '/usr/bin/apt-extracttemplates'" 
         not a plugin
QFactoryLoader::QFactoryLoader() looking at "/usr/bin/apt-ftparchive"
"Failed to extract plugin meta data from '/usr/bin/apt-ftparchive'" 
         not a plugin
QFactoryLoader::QFactoryLoader() looking at "/usr/bin/apt-get"
"Failed to extract plugin meta data from '/usr/bin/apt-get'" 
         not a plugin
QFactoryLoader::QFactoryLoader() looking at "/usr/bin/apt-key"
QElfParser: '/usr/bin/apt-key' is not an ELF object
"'/usr/bin/apt-key' is not an ELF object" 
         not a plugin
QFactoryLoader::QFactoryLoader() looking at "/usr/bin/apt-mark"
"Failed to extract plugin meta data from '/usr/bin/apt-mark'" 
         not a plugin
QFactoryLoader::QFactoryLoader() looking at "/usr/bin/apt-sortpkgs"
"Failed to extract plugin meta data from '/usr/bin/apt-sortpkgs'" 
         not a plugin
QFactoryLoader::QFactoryLoader() looking at "/usr/bin/aptdcon"
QElfParser: '/usr/bin/aptdcon' is not an ELF object
"'/usr/bin/aptdcon' is not an ELF object" 
         not a plugin
QFactoryLoader::QFactoryLoader() looking at "/usr/bin/apturl"
QElfParser: '/usr/bin/apturl' is not an ELF object
"'/usr/bin/apturl' is not an ELF object" 
         not a plugin
QFactoryLoader::QFactoryLoader() looking at "/usr/bin/apturl-gtk"
QElfParser: '/usr/bin/apturl-gtk' is not an ELF object
"'/usr/bin/apturl-gtk' is not an ELF object" 
         not a plugin
QFactoryLoader::QFactoryLoader() looking at "/usr/bin/arara"
QElfParser: '/usr/share/texlive/texmf-dist/scripts/arara/arara.sh' is not an ELF object
"'/usr/share/texlive/texmf-dist/scripts/arara/arara.sh' is not an ELF object" 
         not a plugin
QFactoryLoader::QFactoryLoader() looking at "/usr/bin/arch"
"Failed to extract plugin meta data from '/usr/bin/arch'" 
         not a plugin
QFactoryLoader::QFactoryLoader() looking at "/usr/bin/arecord"
"Failed to extract plugin meta data from '/usr/bin/aplay'" 
         not a plugin
QFactoryLoader::QFactoryLoader() looking at "/usr/bin/arecordmidi"
"Failed to extract plugin meta data from '/usr/bin/arecordmidi'" 
         not a plugin
QFactoryLoader::QFactoryLoader() looking at "/usr/bin/arlatex"
QElfParser: '/usr/share/texlive/texmf-dist/scripts/bundledoc/arlatex' is not an ELF object
"'/usr/share/texlive/texmf-dist/scripts/bundledoc/arlatex' is not an ELF object" 
         not a plugin
QFactoryLoader::QFactoryLoader() looking at "/usr/bin/arm2hpdl"
"Failed to extract plugin meta data from '/usr/bin/arm2hpdl'" 
         not a plugin
QFactoryLoader::QFactoryLoader() looking at "/usr/bin/asciitopgm"
"Failed to extract plugin meta data from '/usr/bin/asciitopgm'" 
         not a plugin
QFactoryLoader::QFactoryLoader() looking at "/usr/bin/aseqdump"
"Failed to extract plugin meta data from '/usr/bin/aseqdump'" 
         not a plugin
QFactoryLoader::QFactoryLoader() looking at "/usr/bin/aseqnet"
"Failed to extract plugin meta data from '/usr/bin/aseqnet'" 
         not a plugin
QFactoryLoader::QFactoryLoader() looking at "/usr/bin/aspell"
"Failed to extract plugin meta data from '/usr/bin/aspell'" 
         not a plugin
QFactoryLoader::QFactoryLoader() looking at "/usr/bin/aspell-import"
QElfParser: '/usr/bin/aspell-import' is not an ELF object
"'/usr/bin/aspell-import' is not an ELF object" 
         not a plugin
QFactoryLoader::QFactoryLoader() looking at "/usr/bin/asy"
"Failed to extract plugin meta data from '/usr/bin/asy'" 
         not a plugin
QFactoryLoader::QFactoryLoader() looking at "/usr/bin/atktopbm"
"Failed to extract plugin meta data from '/usr/bin/atktopbm'" 
         not a plugin
QFactoryLoader::QFactoryLoader() looking at "/usr/bin/atobm"
"Failed to extract plugin meta data from '/usr/bin/atobm'" 
         not a plugin
QFactoryLoader::QFactoryLoader() looking at "/usr/bin/atril"
"Failed to extract plugin meta data from '/usr/bin/atril'" 
         not a plugin
QFactoryLoader::QFactoryLoader() looking at "/usr/bin/atril-previewer"
"Failed to extract plugin meta data from '/usr/bin/atril-previewer'" 
         not a plugin
QFactoryLoader::QFactoryLoader() looking at "/usr/bin/atril-thumbnailer"
"Failed to extract plugin meta data from '/usr/bin/atril-thumbnailer'" 
         not a plugin
QFactoryLoader::QFactoryLoader() looking at "/usr/bin/authorindex"
QElfParser: '/usr/share/texlive/texmf-dist/scripts/authorindex/authorindex' is not an ELF object
"'/usr/share/texlive/texmf-dist/scripts/authorindex/authorindex' is not an ELF object" 
         not a plugin
QFactoryLoader::QFactoryLoader() looking at "/usr/bin/autoinst"
QElfParser: '/usr/share/texlive/texmf-dist/scripts/fontools/autoinst' is not an ELF object
"'/usr/share/texlive/texmf-dist/scripts/fontools/autoinst' is not an ELF object" 
         not a plugin
QFactoryLoader::QFactoryLoader() looking at "/usr/bin/autosp"
"Failed to extract plugin meta data from '/usr/bin/autosp'" 
         not a plugin
QFactoryLoader::QFactoryLoader() looking at "/usr/bin/avahi-browse"
"Failed to extract plugin meta data from '/usr/bin/avahi-browse'" 
         not a plugin
QFactoryLoader::QFactoryLoader() looking at "/usr/bin/avahi-browse-domains"
"Failed to extract plugin meta data from '/usr/bin/avahi-browse'" 
         not a plugin
QFactoryLoader::QFactoryLoader() looking at "/usr/bin/avahi-publish"
"Failed to extract plugin meta data from '/usr/bin/avahi-publish'" 
         not a plugin
QFactoryLoader::QFactoryLoader() looking at "/usr/bin/avahi-publish-address"
"Failed to extract plugin meta data from '/usr/bin/avahi-publish'" 
         not a plugin
QFactoryLoader::QFactoryLoader() looking at "/usr/bin/avahi-publish-service"
"Failed to extract plugin meta data from '/usr/bin/avahi-publish'" 
         not a plugin
QFactoryLoader::QFactoryLoader() looking at "/usr/bin/avahi-resolve"
"Failed to extract plugin meta data from '/usr/bin/avahi-resolve'" 
         not a plugin
QFactoryLoader::QFactoryLoader() looking at "/usr/bin/avahi-resolve-address"
"Failed to extract plugin meta data from '/usr/bin/avahi-resolve'" 
         not a plugin
QFactoryLoader::QFactoryLoader() looking at "/usr/bin/avahi-resolve-host-name"
"Failed to extract plugin meta data from '/usr/bin/avahi-resolve'" 
         not a plugin
QFactoryLoader::QFactoryLoader() looking at "/usr/bin/avahi-set-host-name"
"Failed to extract plugin meta data from '/usr/bin/avahi-set-host-name'" 
         not a plugin
QFactoryLoader::QFactoryLoader() looking at "/usr/bin/avinfo"
"Failed to extract plugin meta data from '/usr/bin/avinfo'" 
         not a plugin
QFactoryLoader::QFactoryLoader() looking at "/usr/bin/awk"
"Failed to extract plugin meta data from '/usr/bin/mawk'" 
         not a plugin
QFactoryLoader::QFactoryLoader() looking at "/usr/bin/axfer"
"Failed to extract plugin meta data from '/usr/bin/axfer'" 
         not a plugin
QFactoryLoader::QFactoryLoader() looking at "/usr/bin/axohelp"
"Failed to extract plugin meta data from '/usr/bin/axohelp'" 
         not a plugin
QFactoryLoader::QFactoryLoader() looking at "/usr/bin/b2sum"
"Failed to extract plugin meta data from '/usr/bin/b2sum'" 
         not a plugin
QFactoryLoader::QFactoryLoader() looking at "/usr/bin/baobab"
"Failed to extract plugin meta data from '/usr/bin/baobab'" 
         not a plugin
QFactoryLoader::QFactoryLoader() looking at "/usr/bin/base32"
"Failed to extract plugin meta data from '/usr/bin/base32'" 
         not a plugin
QFactoryLoader::QFactoryLoader() looking at "/usr/bin/base64"
"Failed to extract plugin meta data from '/usr/bin/base64'" 
         not a plugin
QFactoryLoader::QFactoryLoader() looking at "/usr/bin/basename"
"Failed to extract plugin meta data from '/usr/bin/basename'" 
         not a plugin
QFactoryLoader::QFactoryLoader() looking at "/usr/bin/basenc"
"Failed to extract plugin meta data from '/usr/bin/basenc'" 
         not a plugin
QFactoryLoader::QFactoryLoader() looking at "/usr/bin/bash"
"Failed to extract plugin meta data from '/usr/bin/bash'" 
         not a plugin
QFactoryLoader::QFactoryLoader() looking at "/usr/bin/bashbug"
QElfParser: '/usr/bin/bashbug' is not an ELF object
"'/usr/bin/bashbug' is not an ELF object" 
         not a plugin
QFactoryLoader::QFactoryLoader() looking at "/usr/bin/bbl2bib"
QElfParser: '/usr/share/texlive/texmf-dist/scripts/crossrefware/bbl2bib.pl' is not an ELF object
"'/usr/share/texlive/texmf-dist/scripts/crossrefware/bbl2bib.pl' is not an ELF object" 
         not a plugin
QFactoryLoader::QFactoryLoader() looking at "/usr/bin/bbox"
"Failed to extract plugin meta data from '/usr/bin/bbox'" 
         not a plugin
QFactoryLoader::QFactoryLoader() looking at "/usr/bin/bc"
"Failed to extract plugin meta data from '/usr/bin/bc'" 
         not a plugin
QFactoryLoader::QFactoryLoader() looking at "/usr/bin/bcomps"
"Failed to extract plugin meta data from '/usr/bin/bcomps'" 
         not a plugin
QFactoryLoader::QFactoryLoader() looking at "/usr/bin/bdftopcf"
"Failed to extract plugin meta data from '/usr/bin/bdftopcf'" 
         not a plugin
QFactoryLoader::QFactoryLoader() looking at "/usr/bin/bdftruncate"
"Failed to extract plugin meta data from '/usr/bin/bdftruncate'" 
         not a plugin
QFactoryLoader::QFactoryLoader() looking at "/usr/bin/bg5+latex"
QElfParser: '/usr/bin/bg5+latex' is not an ELF object
"'/usr/bin/bg5+latex' is not an ELF object" 
         not a plugin
QFactoryLoader::QFactoryLoader() looking at "/usr/bin/bg5+pdflatex"
QElfParser: '/usr/bin/bg5+pdflatex' is not an ELF object
"'/usr/bin/bg5+pdflatex' is not an ELF object" 
         not a plugin
QFactoryLoader::QFactoryLoader() looking at "/usr/bin/bg5conv"
"Failed to extract plugin meta data from '/usr/bin/bg5conv'" 
         not a plugin
QFactoryLoader::QFactoryLoader() looking at "/usr/bin/bg5latex"
QElfParser: '/usr/bin/bg5latex' is not an ELF object
"'/usr/bin/bg5latex' is not an ELF object" 
         not a plugin
QFactoryLoader::QFactoryLoader() looking at "/usr/bin/bg5pdflatex"
QElfParser: '/usr/bin/bg5pdflatex' is not an ELF object
"'/usr/bin/bg5pdflatex' is not an ELF object" 
         not a plugin
QFactoryLoader::QFactoryLoader() looking at "/usr/bin/bib2gls"
QElfParser: '/usr/share/texlive/texmf-dist/scripts/bib2gls/bib2gls.sh' is not an ELF object
"'/usr/share/texlive/texmf-dist/scripts/bib2gls/bib2gls.sh' is not an ELF object" 
         not a plugin
QFactoryLoader::QFactoryLoader() looking at "/usr/bin/bibdoiadd"
QElfParser: '/usr/share/texlive/texmf-dist/scripts/crossrefware/bibdoiadd.pl' is not an ELF object
"'/usr/share/texlive/texmf-dist/scripts/crossrefware/bibdoiadd.pl' is not an ELF object" 
         not a plugin
QFactoryLoader::QFactoryLoader() looking at "/usr/bin/biber"
QElfParser: '/usr/bin/biber' is not an ELF object
"'/usr/bin/biber' is not an ELF object" 
         not a plugin
QFactoryLoader::QFactoryLoader() looking at "/usr/bin/bibexport"
QElfParser: '/usr/share/texlive/texmf-dist/scripts/bibexport/bibexport.sh' is not an ELF object
"'/usr/share/texlive/texmf-dist/scripts/bibexport/bibexport.sh' is not an ELF object" 
         not a plugin
QFactoryLoader::QFactoryLoader() looking at "/usr/bin/bibmradd"
QElfParser: '/usr/share/texlive/texmf-dist/scripts/crossrefware/bibmradd.pl' is not an ELF object
"'/usr/share/texlive/texmf-dist/scripts/crossrefware/bibmradd.pl' is not an ELF object" 
         not a plugin
QFactoryLoader::QFactoryLoader() looking at "/usr/bin/bibtex"
"Failed to extract plugin meta data from '/usr/bin/bibtex.original'" 
         not a plugin
QFactoryLoader::QFactoryLoader() looking at "/usr/bin/bibtex.original"
"Failed to extract plugin meta data from '/usr/bin/bibtex.original'" 
         not a plugin
QFactoryLoader::QFactoryLoader() looking at "/usr/bin/bibtex8"
"Failed to extract plugin meta data from '/usr/bin/bibtex8'" 
         not a plugin
QFactoryLoader::QFactoryLoader() looking at "/usr/bin/bibtexu"
"Failed to extract plugin meta data from '/usr/bin/bibtexu'" 
         not a plugin
QFactoryLoader::QFactoryLoader() looking at "/usr/bin/biburl2doi"
QElfParser: '/usr/share/texlive/texmf-dist/scripts/crossrefware/biburl2doi.pl' is not an ELF object
"'/usr/share/texlive/texmf-dist/scripts/crossrefware/biburl2doi.pl' is not an ELF object" 
         not a plugin
QFactoryLoader::QFactoryLoader() looking at "/usr/bin/bibzbladd"
QElfParser: '/usr/share/texlive/texmf-dist/scripts/crossrefware/bibzbladd.pl' is not an ELF object
"'/usr/share/texlive/texmf-dist/scripts/crossrefware/bibzbladd.pl' is not an ELF object" 
         not a plugin
QFactoryLoader::QFactoryLoader() looking at "/usr/bin/bioradtopgm"
"Failed to extract plugin meta data from '/usr/bin/bioradtopgm'" 
         not a plugin
QFactoryLoader::QFactoryLoader() looking at "/usr/bin/bitmap"
"Failed to extract plugin meta data from '/usr/bin/bitmap'" 
         not a plugin
QFactoryLoader::QFactoryLoader() looking at "/usr/bin/blueman-adapters"
QElfParser: '/usr/bin/blueman-adapters' is not an ELF object
"'/usr/bin/blueman-adapters' is not an ELF object" 
         not a plugin
QFactoryLoader::QFactoryLoader() looking at "/usr/bin/blueman-applet"
QElfParser: '/usr/bin/blueman-applet' is not an ELF object
"'/usr/bin/blueman-applet' is not an ELF object" 
         not a plugin
QFactoryLoader::QFactoryLoader() looking at "/usr/bin/blueman-manager"
QElfParser: '/usr/bin/blueman-manager' is not an ELF object
"'/usr/bin/blueman-manager' is not an ELF object" 
         not a plugin
QFactoryLoader::QFactoryLoader() looking at "/usr/bin/blueman-sendto"
QElfParser: '/usr/bin/blueman-sendto' is not an ELF object
"'/usr/bin/blueman-sendto' is not an ELF object" 
         not a plugin
QFactoryLoader::QFactoryLoader() looking at "/usr/bin/blueman-services"
QElfParser: '/usr/bin/blueman-services' is not an ELF object
"'/usr/bin/blueman-services' is not an ELF object" 
         not a plugin
QFactoryLoader::QFactoryLoader() looking at "/usr/bin/blueman-tray"
QElfParser: '/usr/bin/blueman-tray' is not an ELF object
"'/usr/bin/blueman-tray' is not an ELF object" 
         not a plugin
QFactoryLoader::QFactoryLoader() looking at "/usr/bin/bluemoon"
"Failed to extract plugin meta data from '/usr/bin/bluemoon'" 
         not a plugin
QFactoryLoader::QFactoryLoader() looking at "/usr/bin/bluetoothctl"
"Failed to extract plugin meta data from '/usr/bin/bluetoothctl'" 
         not a plugin
QFactoryLoader::QFactoryLoader() looking at "/usr/bin/bmptopnm"
"Failed to extract plugin meta data from '/usr/bin/bmptopnm'" 
         not a plugin
QFactoryLoader::QFactoryLoader() looking at "/usr/bin/bmptoppm"
"Failed to extract plugin meta data from '/usr/bin/bmptopnm'" 
         not a plugin
QFactoryLoader::QFactoryLoader() looking at "/usr/bin/bmtoa"
"Failed to extract plugin meta data from '/usr/bin/bmtoa'" 
         not a plugin
QFactoryLoader::QFactoryLoader() looking at "/usr/bin/boltctl"
"Failed to extract plugin meta data from '/usr/bin/boltctl'" 
         not a plugin
QFactoryLoader::QFactoryLoader() looking at "/usr/bin/bootctl"
"Failed to extract plugin meta data from '/usr/bin/bootctl'" 
         not a plugin
QFactoryLoader::QFactoryLoader() looking at "/usr/bin/breeze-settings5"
"Failed to extract plugin meta data from '/usr/bin/breeze-settings5'" 
         not a plugin
QFactoryLoader::QFactoryLoader() looking at "/usr/bin/brltty"
"Failed to extract plugin meta data from '/usr/bin/brltty'" 
         not a plugin
QFactoryLoader::QFactoryLoader() looking at "/usr/bin/brltty-ctb"
"Failed to extract plugin meta data from '/usr/bin/brltty-ctb'" 
         not a plugin
QFactoryLoader::QFactoryLoader() looking at "/usr/bin/brltty-trtxt"
"Failed to extract plugin meta data from '/usr/bin/brltty-trtxt'" 
         not a plugin
QFactoryLoader::QFactoryLoader() looking at "/usr/bin/brltty-ttb"
"Failed to extract plugin meta data from '/usr/bin/brltty-ttb'" 
         not a plugin
QFactoryLoader::QFactoryLoader() looking at "/usr/bin/broadwayd"
"Failed to extract plugin meta data from '/usr/bin/broadwayd'" 
         not a plugin
QFactoryLoader::QFactoryLoader() looking at "/usr/bin/browse"
QElfParser: '/usr/bin/xdg-open' is not an ELF object
"'/usr/bin/xdg-open' is not an ELF object" 
         not a plugin
QFactoryLoader::QFactoryLoader() looking at "/usr/bin/brushtopbm"
"Failed to extract plugin meta data from '/usr/bin/brushtopbm'" 
         not a plugin
QFactoryLoader::QFactoryLoader() looking at "/usr/bin/btattach"
"Failed to extract plugin meta data from '/usr/bin/btattach'" 
         not a plugin
QFactoryLoader::QFactoryLoader() looking at "/usr/bin/btmgmt"
"Failed to extract plugin meta data from '/usr/bin/btmgmt'" 
         not a plugin
QFactoryLoader::QFactoryLoader() looking at "/usr/bin/btmon"
"Failed to extract plugin meta data from '/usr/bin/btmon'" 
         not a plugin
QFactoryLoader::QFactoryLoader() looking at "/usr/bin/bundle3.0"
QElfParser: '/usr/bin/bundle3.0' is not an ELF object
"'/usr/bin/bundle3.0' is not an ELF object" 
         not a plugin
QFactoryLoader::QFactoryLoader() looking at "/usr/bin/bundledoc"
QElfParser: '/usr/share/texlive/texmf-dist/scripts/bundledoc/bundledoc' is not an ELF object
"'/usr/share/texlive/texmf-dist/scripts/bundledoc/bundledoc' is not an ELF object" 
         not a plugin
QFactoryLoader::QFactoryLoader() looking at "/usr/bin/bundler3.0"
QElfParser: '/usr/bin/bundler3.0' is not an ELF object
"'/usr/bin/bundler3.0' is not an ELF object" 
         not a plugin
QFactoryLoader::QFactoryLoader() looking at "/usr/bin/bunzip2"
"Failed to extract plugin meta data from '/usr/bin/bunzip2'" 
         not a plugin
QFactoryLoader::QFactoryLoader() looking at "/usr/bin/busctl"
"Failed to extract plugin meta data from '/usr/bin/busctl'" 
         not a plugin
QFactoryLoader::QFactoryLoader() looking at "/usr/bin/busybox"
"Failed to extract plugin meta data from '/usr/bin/busybox'" 
         not a plugin
QFactoryLoader::QFactoryLoader() looking at "/usr/bin/bwrap"
"Failed to extract plugin meta data from '/usr/bin/bwrap'" 
         not a plugin
QFactoryLoader::QFactoryLoader() looking at "/usr/bin/bzcat"
"Failed to extract plugin meta data from '/usr/bin/bzcat'" 
         not a plugin
QFactoryLoader::QFactoryLoader() looking at "/usr/bin/bzcmp"
QElfParser: '/usr/bin/bzdiff' is not an ELF object
"'/usr/bin/bzdiff' is not an ELF object" 
         not a plugin
QFactoryLoader::QFactoryLoader() looking at "/usr/bin/bzdiff"
QElfParser: '/usr/bin/bzdiff' is not an ELF object
"'/usr/bin/bzdiff' is not an ELF object" 
         not a plugin
QFactoryLoader::QFactoryLoader() looking at "/usr/bin/bzegrep"
QElfParser: '/usr/bin/bzgrep' is not an ELF object
"'/usr/bin/bzgrep' is not an ELF object" 
         not a plugin
QFactoryLoader::QFactoryLoader() looking at "/usr/bin/bzexe"
QElfParser: '/usr/bin/bzexe' is not an ELF object
"'/usr/bin/bzexe' is not an ELF object" 
         not a plugin
QFactoryLoader::QFactoryLoader() looking at "/usr/bin/bzfgrep"
QElfParser: '/usr/bin/bzgrep' is not an ELF object
"'/usr/bin/bzgrep' is not an ELF object" 
         not a plugin
QFactoryLoader::QFactoryLoader() looking at "/usr/bin/bzgrep"
QElfParser: '/usr/bin/bzgrep' is not an ELF object
"'/usr/bin/bzgrep' is not an ELF object" 
         not a plugin
QFactoryLoader::QFactoryLoader() looking at "/usr/bin/bzip2"
"Failed to extract plugin meta data from '/usr/bin/bzip2'" 
         not a plugin
QFactoryLoader::QFactoryLoader() looking at "/usr/bin/bzip2recover"
"Failed to extract plugin meta data from '/usr/bin/bzip2recover'" 
         not a plugin
QFactoryLoader::QFactoryLoader() looking at "/usr/bin/bzless"
QElfParser: '/usr/bin/bzmore' is not an ELF object
"'/usr/bin/bzmore' is not an ELF object" 
         not a plugin
QFactoryLoader::QFactoryLoader() looking at "/usr/bin/bzmore"
QElfParser: '/usr/bin/bzmore' is not an ELF object
"'/usr/bin/bzmore' is not an ELF object" 
         not a plugin
QFactoryLoader::QFactoryLoader() looking at "/usr/bin/c_rehash"
QElfParser: '/usr/bin/c_rehash' is not an ELF object
"'/usr/bin/c_rehash' is not an ELF object" 
         not a plugin
QFactoryLoader::QFactoryLoader() looking at "/usr/bin/cachepic"
QElfParser: '/usr/share/texlive/texmf-dist/scripts/cachepic/cachepic.tlu' is not an ELF object
"'/usr/share/texlive/texmf-dist/scripts/cachepic/cachepic.tlu' is not an ELF object" 
         not a plugin
QFactoryLoader::QFactoryLoader() looking at "/usr/bin/calc_tickadj"
QElfParser: '/usr/bin/calc_tickadj' is not an ELF object
"'/usr/bin/calc_tickadj' is not an ELF object" 
         not a plugin
QFactoryLoader::QFactoryLoader() looking at "/usr/bin/calibrate_ppa"
"Failed to extract plugin meta data from '/usr/bin/calibrate_ppa'" 
         not a plugin
QFactoryLoader::QFactoryLoader() looking at "/usr/bin/cancel"
"Failed to extract plugin meta data from '/usr/bin/cancel'" 
         not a plugin
QFactoryLoader::QFactoryLoader() looking at "/usr/bin/captoinfo"
"Failed to extract plugin meta data from '/usr/bin/tic'" 
         not a plugin
QFactoryLoader::QFactoryLoader() looking at "/usr/bin/cat"
"Failed to extract plugin meta data from '/usr/bin/cat'" 
         not a plugin
QFactoryLoader::QFactoryLoader() looking at "/usr/bin/catdoc"
"Failed to extract plugin meta data from '/usr/bin/catdoc'" 
         not a plugin
QFactoryLoader::QFactoryLoader() looking at "/usr/bin/catfish"
QElfParser: '/usr/bin/catfish' is not an ELF object
"'/usr/bin/catfish' is not an ELF object" 
         not a plugin
QFactoryLoader::QFactoryLoader() looking at "/usr/bin/catman"
"Failed to extract plugin meta data from '/usr/bin/catman'" 
         not a plugin
QFactoryLoader::QFactoryLoader() looking at "/usr/bin/catppt"
"Failed to extract plugin meta data from '/usr/bin/catppt'" 
         not a plugin
QFactoryLoader::QFactoryLoader() looking at "/usr/bin/cautious-launcher"
QElfParser: '/usr/bin/cautious-launcher' is not an ELF object
"'/usr/bin/cautious-launcher' is not an ELF object" 
         not a plugin
QFactoryLoader::QFactoryLoader() looking at "/usr/bin/ccomps"
"Failed to extract plugin meta data from '/usr/bin/ccomps'" 
         not a plugin
QFactoryLoader::QFactoryLoader() looking at "/usr/bin/cct"
"Failed to extract plugin meta data from '/usr/bin/cct'" 
         not a plugin
QFactoryLoader::QFactoryLoader() looking at "/usr/bin/cd-create-profile"
"Failed to extract plugin meta data from '/usr/bin/cd-create-profile'" 
         not a plugin
QFactoryLoader::QFactoryLoader() looking at "/usr/bin/cd-fix-profile"
"Failed to extract plugin meta data from '/usr/bin/cd-fix-profile'" 
         not a plugin
QFactoryLoader::QFactoryLoader() looking at "/usr/bin/cd-iccdump"
"Failed to extract plugin meta data from '/usr/bin/cd-iccdump'" 
         not a plugin
QFactoryLoader::QFactoryLoader() looking at "/usr/bin/cd-it8"
"Failed to extract plugin meta data from '/usr/bin/cd-it8'" 
         not a plugin
QFactoryLoader::QFactoryLoader() looking at "/usr/bin/cef5conv"
"Failed to extract plugin meta data from '/usr/bin/cef5conv'" 
         not a plugin
QFactoryLoader::QFactoryLoader() looking at "/usr/bin/cef5latex"
QElfParser: '/usr/bin/cef5latex' is not an ELF object
"'/usr/bin/cef5latex' is not an ELF object" 
         not a plugin
QFactoryLoader::QFactoryLoader() looking at "/usr/bin/cef5pdflatex"
QElfParser: '/usr/bin/cef5pdflatex' is not an ELF object
"'/usr/bin/cef5pdflatex' is not an ELF object" 
         not a plugin
QFactoryLoader::QFactoryLoader() looking at "/usr/bin/cefconv"
"Failed to extract plugin meta data from '/usr/bin/cefconv'" 
         not a plugin
QFactoryLoader::QFactoryLoader() looking at "/usr/bin/ceflatex"
QElfParser: '/usr/bin/ceflatex' is not an ELF object
"'/usr/bin/ceflatex' is not an ELF object" 
         not a plugin
QFactoryLoader::QFactoryLoader() looking at "/usr/bin/cefpdflatex"
QElfParser: '/usr/bin/cefpdflatex' is not an ELF object
"'/usr/bin/cefpdflatex' is not an ELF object" 
         not a plugin
QFactoryLoader::QFactoryLoader() looking at "/usr/bin/cefsconv"
"Failed to extract plugin meta data from '/usr/bin/cefsconv'" 
         not a plugin
QFactoryLoader::QFactoryLoader() looking at "/usr/bin/cefslatex"
QElfParser: '/usr/bin/cefslatex' is not an ELF object
"'/usr/bin/cefslatex' is not an ELF object" 
         not a plugin
QFactoryLoader::QFactoryLoader() looking at "/usr/bin/cefspdflatex"
QElfParser: '/usr/bin/cefspdflatex' is not an ELF object
"'/usr/bin/cefspdflatex' is not an ELF object" 
         not a plugin
QFactoryLoader::QFactoryLoader() looking at "/usr/bin/certutil"
"Failed to extract plugin meta data from '/usr/bin/certutil'" 
         not a plugin
QFactoryLoader::QFactoryLoader() looking at "/usr/bin/cfftot1"
"Failed to extract plugin meta data from '/usr/bin/cfftot1'" 
         not a plugin
QFactoryLoader::QFactoryLoader() looking at "/usr/bin/chacl"
"Failed to extract plugin meta data from '/usr/bin/chacl'" 
         not a plugin
QFactoryLoader::QFactoryLoader() looking at "/usr/bin/chage"
"Failed to extract plugin meta data from '/usr/bin/chage'" 
         not a plugin
QFactoryLoader::QFactoryLoader() looking at "/usr/bin/chardet"
QElfParser: '/usr/bin/chardetect' is not an ELF object
"'/usr/bin/chardetect' is not an ELF object" 
         not a plugin
QFactoryLoader::QFactoryLoader() looking at "/usr/bin/chardetect"
QElfParser: '/usr/bin/chardetect' is not an ELF object
"'/usr/bin/chardetect' is not an ELF object" 
         not a plugin
QFactoryLoader::QFactoryLoader() looking at "/usr/bin/charmap"
"Failed to extract plugin meta data from '/usr/bin/gucharmap'" 
         not a plugin
QFactoryLoader::QFactoryLoader() looking at "/usr/bin/chattr"
"Failed to extract plugin meta data from '/usr/bin/chattr'" 
         not a plugin
QFactoryLoader::QFactoryLoader() looking at "/usr/bin/chcon"
"Failed to extract plugin meta data from '/usr/bin/chcon'" 
         not a plugin
QFactoryLoader::QFactoryLoader() looking at "/usr/bin/check-language-support"
QElfParser: '/usr/bin/check-language-support' is not an ELF object
"'/usr/bin/check-language-support' is not an ELF object" 
         not a plugin
QFactoryLoader::QFactoryLoader() looking at "/usr/bin/checkcites"
QElfParser: '/usr/share/texlive/texmf-dist/scripts/checkcites/checkcites.lua' is not an ELF object
"'/usr/share/texlive/texmf-dist/scripts/checkcites/checkcites.lua' is not an ELF object" 
         not a plugin
QFactoryLoader::QFactoryLoader() looking at "/usr/bin/checklistings"
QElfParser: '/usr/share/texlive/texmf-dist/scripts/checklistings/checklistings.sh' is not an ELF object
"'/usr/share/texlive/texmf-dist/scripts/checklistings/checklistings.sh' is not an ELF object" 
         not a plugin
QFactoryLoader::QFactoryLoader() looking at "/usr/bin/chfn"
"Failed to extract plugin meta data from '/usr/bin/chfn'" 
         not a plugin
QFactoryLoader::QFactoryLoader() looking at "/usr/bin/chgrp"
"Failed to extract plugin meta data from '/usr/bin/chgrp'" 
         not a plugin
QFactoryLoader::QFactoryLoader() looking at "/usr/bin/chkdvifont"
"Failed to extract plugin meta data from '/usr/bin/chkdvifont'" 
         not a plugin
QFactoryLoader::QFactoryLoader() looking at "/usr/bin/chklref"
QElfParser: '/usr/share/texlive/texmf-dist/scripts/chklref/chklref.pl' is not an ELF object
"'/usr/share/texlive/texmf-dist/scripts/chklref/chklref.pl' is not an ELF object" 
         not a plugin
QFactoryLoader::QFactoryLoader() looking at "/usr/bin/chktest"
"Failed to extract plugin meta data from '/usr/bin/chktest'" 
         not a plugin
QFactoryLoader::QFactoryLoader() looking at "/usr/bin/chktex"
"Failed to extract plugin meta data from '/usr/bin/chktex'" 
         not a plugin
QFactoryLoader::QFactoryLoader() looking at "/usr/bin/chkweb"
QElfParser: '/usr/bin/chkweb' is not an ELF object
"'/usr/bin/chkweb' is not an ELF object" 
         not a plugin
QFactoryLoader::QFactoryLoader() looking at "/usr/bin/chmod"
"Failed to extract plugin meta data from '/usr/bin/chmod'" 
         not a plugin
QFactoryLoader::QFactoryLoader() looking at "/usr/bin/choom"
"Failed to extract plugin meta data from '/usr/bin/choom'" 
         not a plugin
QFactoryLoader::QFactoryLoader() looking at "/usr/bin/chown"
"Failed to extract plugin meta data from '/usr/bin/chown'" 
         not a plugin
QFactoryLoader::QFactoryLoader() looking at "/usr/bin/chromium-browser"
QElfParser: '/usr/bin/chromium-browser' is not an ELF object
"'/usr/bin/chromium-browser' is not an ELF object" 
         not a plugin
QFactoryLoader::QFactoryLoader() looking at "/usr/bin/chrt"
"Failed to extract plugin meta data from '/usr/bin/chrt'" 
         not a plugin
QFactoryLoader::QFactoryLoader() looking at "/usr/bin/chsh"
"Failed to extract plugin meta data from '/usr/bin/chsh'" 
         not a plugin
QFactoryLoader::QFactoryLoader() looking at "/usr/bin/chvt"
"Failed to extract plugin meta data from '/usr/bin/chvt'" 
         not a plugin
QFactoryLoader::QFactoryLoader() looking at "/usr/bin/ciptool"
"Failed to extract plugin meta data from '/usr/bin/ciptool'" 
         not a plugin
QFactoryLoader::QFactoryLoader() looking at "/usr/bin/circo"
"Failed to extract plugin meta data from '/usr/sbin/libgvc6-config-update'" 
         not a plugin
QFactoryLoader::QFactoryLoader() looking at "/usr/bin/cjk-gs-integrate"
QElfParser: '/usr/share/texlive/texmf-dist/scripts/cjk-gs-integrate/cjk-gs-integrate.pl' is not an ELF object
"'/usr/share/texlive/texmf-dist/scripts/cjk-gs-integrate/cjk-gs-integrate.pl' is not an ELF object" 
         not a plugin
QFactoryLoader::QFactoryLoader() looking at "/usr/bin/ckbcomp"
QElfParser: '/usr/bin/ckbcomp' is not an ELF object
"'/usr/bin/ckbcomp' is not an ELF object" 
         not a plugin
QFactoryLoader::QFactoryLoader() looking at "/usr/bin/cksum"
"Failed to extract plugin meta data from '/usr/bin/cksum'" 
         not a plugin
QFactoryLoader::QFactoryLoader() looking at "/usr/bin/clear"
"Failed to extract plugin meta data from '/usr/bin/clear'" 
         not a plugin
QFactoryLoader::QFactoryLoader() looking at "/usr/bin/clear_console"
"Failed to extract plugin meta data from '/usr/bin/clear_console'" 
         not a plugin
QFactoryLoader::QFactoryLoader() looking at "/usr/bin/cluster"
"Failed to extract plugin meta data from '/usr/bin/cluster'" 
         not a plugin
QFactoryLoader::QFactoryLoader() looking at "/usr/bin/cluttex"
QElfParser: '/usr/share/texlive/texmf-dist/scripts/cluttex/cluttex.lua' is not an ELF object
"'/usr/share/texlive/texmf-dist/scripts/cluttex/cluttex.lua' is not an ELF object" 
         not a plugin
QFactoryLoader::QFactoryLoader() looking at "/usr/bin/cmp"
"Failed to extract plugin meta data from '/usr/bin/cmp'" 
         not a plugin
QFactoryLoader::QFactoryLoader() looking at "/usr/bin/cmsutil"
"Failed to extract plugin meta data from '/usr/bin/cmsutil'" 
         not a plugin
QFactoryLoader::QFactoryLoader() looking at "/usr/bin/cmuwmtopbm"
"Failed to extract plugin meta data from '/usr/bin/cmuwmtopbm'" 
         not a plugin
QFactoryLoader::QFactoryLoader() looking at "/usr/bin/code"
QElfParser: '/usr/share/code/bin/code' is not an ELF object
"'/usr/share/code/bin/code' is not an ELF object" 
         not a plugin
QFactoryLoader::QFactoryLoader() looking at "/usr/bin/codepage"
"Failed to extract plugin meta data from '/usr/bin/codepage'" 
         not a plugin
QFactoryLoader::QFactoryLoader() looking at "/usr/bin/col"
"Failed to extract plugin meta data from '/usr/bin/col'" 
         not a plugin
QFactoryLoader::QFactoryLoader() looking at "/usr/bin/colcrt"
"Failed to extract plugin meta data from '/usr/bin/colcrt'" 
         not a plugin
QFactoryLoader::QFactoryLoader() looking at "/usr/bin/colormgr"
"Failed to extract plugin meta data from '/usr/bin/colormgr'" 
         not a plugin
QFactoryLoader::QFactoryLoader() looking at "/usr/bin/colrm"
"Failed to extract plugin meta data from '/usr/bin/colrm'" 
         not a plugin
QFactoryLoader::QFactoryLoader() looking at "/usr/bin/column"
"Failed to extract plugin meta data from '/usr/bin/column'" 
         not a plugin
QFactoryLoader::QFactoryLoader() looking at "/usr/bin/comm"
"Failed to extract plugin meta data from '/usr/bin/comm'" 
         not a plugin
QFactoryLoader::QFactoryLoader() looking at "/usr/bin/compare"
"Failed to extract plugin meta data from '/usr/bin/compare-im6.q16'" 
         not a plugin
QFactoryLoader::QFactoryLoader() looking at "/usr/bin/compare-im6"
"Failed to extract plugin meta data from '/usr/bin/compare-im6.q16'" 
         not a plugin
QFactoryLoader::QFactoryLoader() looking at "/usr/bin/compare-im6.q16"
"Failed to extract plugin meta data from '/usr/bin/compare-im6.q16'" 
         not a plugin
QFactoryLoader::QFactoryLoader() looking at "/usr/bin/compose"
QElfParser: '/usr/bin/run-mailcap' is not an ELF object
"'/usr/bin/run-mailcap' is not an ELF object" 
         not a plugin
QFactoryLoader::QFactoryLoader() looking at "/usr/bin/composite"
"Failed to extract plugin meta data from '/usr/bin/composite-im6.q16'" 
         not a plugin
QFactoryLoader::QFactoryLoader() looking at "/usr/bin/composite-im6"
"Failed to extract plugin meta data from '/usr/bin/composite-im6.q16'" 
         not a plugin
QFactoryLoader::QFactoryLoader() looking at "/usr/bin/composite-im6.q16"
"Failed to extract plugin meta data from '/usr/bin/composite-im6.q16'" 
         not a plugin
QFactoryLoader::QFactoryLoader() looking at "/usr/bin/conjure"
"Failed to extract plugin meta data from '/usr/bin/conjure-im6.q16'" 
         not a plugin
QFactoryLoader::QFactoryLoader() looking at "/usr/bin/conjure-im6"
"Failed to extract plugin meta data from '/usr/bin/conjure-im6.q16'" 
         not a plugin
QFactoryLoader::QFactoryLoader() looking at "/usr/bin/conjure-im6.q16"
"Failed to extract plugin meta data from '/usr/bin/conjure-im6.q16'" 
         not a plugin
QFactoryLoader::QFactoryLoader() looking at "/usr/bin/context"
QElfParser: '/usr/bin/context' is not an ELF object (file too small)
"'/usr/bin/context' is not an ELF object (file too small)" 
         not a plugin
QFactoryLoader::QFactoryLoader() looking at "/usr/bin/contextjit"
QElfParser: '/usr/bin/contextjit' is not an ELF object
"'/usr/bin/contextjit' is not an ELF object" 
         not a plugin
QFactoryLoader::QFactoryLoader() looking at "/usr/bin/convbkmk"
QElfParser: '/usr/share/texlive/texmf-dist/scripts/convbkmk/convbkmk.rb' is not an ELF object
"'/usr/share/texlive/texmf-dist/scripts/convbkmk/convbkmk.rb' is not an ELF object" 
         not a plugin
QFactoryLoader::QFactoryLoader() looking at "/usr/bin/convert"
"Failed to extract plugin meta data from '/usr/bin/convert-im6.q16'" 
         not a plugin
QFactoryLoader::QFactoryLoader() looking at "/usr/bin/convert-im6"
"Failed to extract plugin meta data from '/usr/bin/convert-im6.q16'" 
         not a plugin
QFactoryLoader::QFactoryLoader() looking at "/usr/bin/convert-im6.q16"
"Failed to extract plugin meta data from '/usr/bin/convert-im6.q16'" 
         not a plugin
QFactoryLoader::QFactoryLoader() looking at "/usr/bin/convertgls2bib"
QElfParser: '/usr/share/texlive/texmf-dist/scripts/bib2gls/convertgls2bib.sh' is not an ELF object
"'/usr/share/texlive/texmf-dist/scripts/bib2gls/convertgls2bib.sh' is not an ELF object" 
         not a plugin
QFactoryLoader::QFactoryLoader() looking at "/usr/bin/corelist"
QElfParser: '/usr/bin/corelist' is not an ELF object
"'/usr/bin/corelist' is not an ELF object" 
         not a plugin
QFactoryLoader::QFactoryLoader() looking at "/usr/bin/cp"
"Failed to extract plugin meta data from '/usr/bin/cp'" 
         not a plugin
QFactoryLoader::QFactoryLoader() looking at "/usr/bin/cpan"
QElfParser: '/usr/bin/cpan' is not an ELF object
"'/usr/bin/cpan' is not an ELF object" 
         not a plugin
QFactoryLoader::QFactoryLoader() looking at "/usr/bin/cpan5.34-x86_64-linux-gnu"
QElfParser: '/usr/bin/cpan5.34-x86_64-linux-gnu' is not an ELF object
"'/usr/bin/cpan5.34-x86_64-linux-gnu' is not an ELF object" 
         not a plugin
QFactoryLoader::QFactoryLoader() looking at "/usr/bin/cpio"
"Failed to extract plugin meta data from '/usr/bin/cpio'" 
         not a plugin
QFactoryLoader::QFactoryLoader() looking at "/usr/bin/cpp"
"Failed to extract plugin meta data from '/usr/bin/x86_64-linux-gnu-cpp-11'" 
         not a plugin
QFactoryLoader::QFactoryLoader() looking at "/usr/bin/cpp-11"
"Failed to extract plugin meta data from '/usr/bin/x86_64-linux-gnu-cpp-11'" 
         not a plugin
QFactoryLoader::QFactoryLoader() looking at "/usr/bin/cpupower"
QElfParser: '/usr/bin/cpupower' is not an ELF object
"'/usr/bin/cpupower' is not an ELF object" 
         not a plugin
QFactoryLoader::QFactoryLoader() looking at "/usr/bin/crlutil"
"Failed to extract plugin meta data from '/usr/bin/crlutil'" 
         not a plugin
QFactoryLoader::QFactoryLoader() looking at "/usr/bin/crontab"
"Failed to extract plugin meta data from '/usr/bin/crontab'" 
         not a plugin
QFactoryLoader::QFactoryLoader() looking at "/usr/bin/cs2cs"
"Failed to extract plugin meta data from '/usr/bin/cs2cs'" 
         not a plugin
QFactoryLoader::QFactoryLoader() looking at "/usr/bin/cslatex"
"Failed to extract plugin meta data from '/usr/bin/pdftex'" 
         not a plugin
QFactoryLoader::QFactoryLoader() looking at "/usr/bin/csplain"
"Failed to extract plugin meta data from '/usr/bin/pdftex'" 
         not a plugin
QFactoryLoader::QFactoryLoader() looking at "/usr/bin/csplit"
"Failed to extract plugin meta data from '/usr/bin/csplit'" 
         not a plugin
QFactoryLoader::QFactoryLoader() looking at "/usr/bin/ctan-o-mat"
QElfParser: '/usr/share/texlive/texmf-dist/scripts/ctan-o-mat/ctan-o-mat.pl' is not an ELF object
"'/usr/share/texlive/texmf-dist/scripts/ctan-o-mat/ctan-o-mat.pl' is not an ELF object" 
         not a plugin
QFactoryLoader::QFactoryLoader() looking at "/usr/bin/ctanbib"
QElfParser: '/usr/share/texlive/texmf-dist/scripts/ctanbib/ctanbib' is not an ELF object
"'/usr/share/texlive/texmf-dist/scripts/ctanbib/ctanbib' is not an ELF object" 
         not a plugin
QFactoryLoader::QFactoryLoader() looking at "/usr/bin/ctangle"
"Failed to extract plugin meta data from '/usr/bin/ctangle'" 
         not a plugin
QFactoryLoader::QFactoryLoader() looking at "/usr/bin/ctanify"
QElfParser: '/usr/share/texlive/texmf-dist/scripts/ctanify/ctanify' is not an ELF object
"'/usr/share/texlive/texmf-dist/scripts/ctanify/ctanify' is not an ELF object" 
         not a plugin
QFactoryLoader::QFactoryLoader() looking at "/usr/bin/ctanupload"
QElfParser: '/usr/share/texlive/texmf-dist/scripts/ctanupload/ctanupload.pl' is not an ELF object
"'/usr/share/texlive/texmf-dist/scripts/ctanupload/ctanupload.pl' is not an ELF object" 
         not a plugin
QFactoryLoader::QFactoryLoader() looking at "/usr/bin/ctie"
"Failed to extract plugin meta data from '/usr/bin/ctie'" 
         not a plugin
QFactoryLoader::QFactoryLoader() looking at "/usr/bin/ctstat"
"Failed to extract plugin meta data from '/usr/bin/lnstat'" 
         not a plugin
QFactoryLoader::QFactoryLoader() looking at "/usr/bin/ctwill"
"Failed to extract plugin meta data from '/usr/bin/ctwill'" 
         not a plugin
QFactoryLoader::QFactoryLoader() looking at "/usr/bin/ctwill-refsort"
"Failed to extract plugin meta data from '/usr/bin/ctwill-refsort'" 
         not a plugin
QFactoryLoader::QFactoryLoader() looking at "/usr/bin/ctwill-twinx"
"Failed to extract plugin meta data from '/usr/bin/ctwill-twinx'" 
         not a plugin
QFactoryLoader::QFactoryLoader() looking at "/usr/bin/cupstestppd"
"Failed to extract plugin meta data from '/usr/bin/cupstestppd'" 
         not a plugin
QFactoryLoader::QFactoryLoader() looking at "/usr/bin/curl"
"Failed to extract plugin meta data from '/usr/bin/curl'" 
         not a plugin
QFactoryLoader::QFactoryLoader() looking at "/usr/bin/cut"
"Failed to extract plugin meta data from '/usr/bin/cut'" 
         not a plugin
QFactoryLoader::QFactoryLoader() looking at "/usr/bin/cvt"
"Failed to extract plugin meta data from '/usr/bin/cvt'" 
         not a plugin
QFactoryLoader::QFactoryLoader() looking at "/usr/bin/cvtsudoers"
"Failed to extract plugin meta data from '/usr/bin/cvtsudoers'" 
         not a plugin
QFactoryLoader::QFactoryLoader() looking at "/usr/bin/cweave"
"Failed to extract plugin meta data from '/usr/bin/cweave'" 
         not a plugin
QFactoryLoader::QFactoryLoader() looking at "/usr/bin/dash"
"Failed to extract plugin meta data from '/usr/bin/dash'" 
         not a plugin
QFactoryLoader::QFactoryLoader() looking at "/usr/bin/date"
"Failed to extract plugin meta data from '/usr/bin/date'" 
         not a plugin
QFactoryLoader::QFactoryLoader() looking at "/usr/bin/dbus-cleanup-sockets"
"Failed to extract plugin meta data from '/usr/bin/dbus-cleanup-sockets'" 
         not a plugin
QFactoryLoader::QFactoryLoader() looking at "/usr/bin/dbus-daemon"
"Failed to extract plugin meta data from '/usr/bin/dbus-daemon'" 
         not a plugin
QFactoryLoader::QFactoryLoader() looking at "/usr/bin/dbus-launch"
"Failed to extract plugin meta data from '/usr/bin/dbus-launch'" 
         not a plugin
QFactoryLoader::QFactoryLoader() looking at "/usr/bin/dbus-monitor"
"Failed to extract plugin meta data from '/usr/bin/dbus-monitor'" 
         not a plugin
QFactoryLoader::QFactoryLoader() looking at "/usr/bin/dbus-run-session"
"Failed to extract plugin meta data from '/usr/bin/dbus-run-session'" 
         not a plugin
QFactoryLoader::QFactoryLoader() looking at "/usr/bin/dbus-send"
"Failed to extract plugin meta data from '/usr/bin/dbus-send'" 
         not a plugin
QFactoryLoader::QFactoryLoader() looking at "/usr/bin/dbus-update-activation-environment"
"Failed to extract plugin meta data from '/usr/bin/dbus-update-activation-environment'" 
         not a plugin
QFactoryLoader::QFactoryLoader() looking at "/usr/bin/dbus-uuidgen"
"Failed to extract plugin meta data from '/usr/bin/dbus-uuidgen'" 
         not a plugin
QFactoryLoader::QFactoryLoader() looking at "/usr/bin/dbxtool"
"Failed to extract plugin meta data from '/usr/bin/dbxtool'" 
         not a plugin
QFactoryLoader::QFactoryLoader() looking at "/usr/bin/dc"
"Failed to extract plugin meta data from '/usr/bin/dc'" 
         not a plugin
QFactoryLoader::QFactoryLoader() looking at "/usr/bin/dd"
"Failed to extract plugin meta data from '/usr/bin/dd'" 
         not a plugin
QFactoryLoader::QFactoryLoader() looking at "/usr/bin/ddstdecode"
"Failed to extract plugin meta data from '/usr/bin/ddstdecode'" 
         not a plugin
QFactoryLoader::QFactoryLoader() looking at "/usr/bin/deallocvt"
"Failed to extract plugin meta data from '/usr/bin/deallocvt'" 
         not a plugin
QFactoryLoader::QFactoryLoader() looking at "/usr/bin/deb-systemd-helper"
QElfParser: '/usr/bin/deb-systemd-helper' is not an ELF object
"'/usr/bin/deb-systemd-helper' is not an ELF object" 
         not a plugin
QFactoryLoader::QFactoryLoader() looking at "/usr/bin/deb-systemd-invoke"
QElfParser: '/usr/bin/deb-systemd-invoke' is not an ELF object
"'/usr/bin/deb-systemd-invoke' is not an ELF object" 
         not a plugin
QFactoryLoader::QFactoryLoader() looking at "/usr/bin/debconf"
QElfParser: '/usr/bin/debconf' is not an ELF object
"'/usr/bin/debconf' is not an ELF object" 
         not a plugin
QFactoryLoader::QFactoryLoader() looking at "/usr/bin/debconf-apt-progress"
QElfParser: '/usr/bin/debconf-apt-progress' is not an ELF object
"'/usr/bin/debconf-apt-progress' is not an ELF object" 
         not a plugin
QFactoryLoader::QFactoryLoader() looking at "/usr/bin/debconf-communicate"
QElfParser: '/usr/bin/debconf-communicate' is not an ELF object
"'/usr/bin/debconf-communicate' is not an ELF object" 
         not a plugin
QFactoryLoader::QFactoryLoader() looking at "/usr/bin/debconf-copydb"
QElfParser: '/usr/bin/debconf-copydb' is not an ELF object
"'/usr/bin/debconf-copydb' is not an ELF object" 
         not a plugin
QFactoryLoader::QFactoryLoader() looking at "/usr/bin/debconf-escape"
QElfParser: '/usr/bin/debconf-escape' is not an ELF object
"'/usr/bin/debconf-escape' is not an ELF object" 
         not a plugin
QFactoryLoader::QFactoryLoader() looking at "/usr/bin/debconf-set-selections"
QElfParser: '/usr/bin/debconf-set-selections' is not an ELF object
"'/usr/bin/debconf-set-selections' is not an ELF object" 
         not a plugin
QFactoryLoader::QFactoryLoader() looking at "/usr/bin/debconf-show"
QElfParser: '/usr/bin/debconf-show' is not an ELF object
"'/usr/bin/debconf-show' is not an ELF object" 
         not a plugin
QFactoryLoader::QFactoryLoader() looking at "/usr/bin/debian-distro-info"
"Failed to extract plugin meta data from '/usr/bin/debian-distro-info'" 
         not a plugin
QFactoryLoader::QFactoryLoader() looking at "/usr/bin/delaunay"
"Failed to extract plugin meta data from '/usr/bin/delaunay'" 
         not a plugin
QFactoryLoader::QFactoryLoader() looking at "/usr/bin/delpart"
"Failed to extract plugin meta data from '/usr/bin/delpart'" 
         not a plugin
QFactoryLoader::QFactoryLoader() looking at "/usr/bin/delv"
"Failed to extract plugin meta data from '/usr/bin/delv'" 
         not a plugin
QFactoryLoader::QFactoryLoader() looking at "/usr/bin/depythontex"
QElfParser: '/usr/share/texlive/texmf-dist/scripts/pythontex/depythontex.py' is not an ELF object
"'/usr/share/texlive/texmf-dist/scripts/pythontex/depythontex.py' is not an ELF object" 
         not a plugin
QFactoryLoader::QFactoryLoader() looking at "/usr/bin/derdump"
"Failed to extract plugin meta data from '/usr/bin/derdump'" 
         not a plugin
QFactoryLoader::QFactoryLoader() looking at "/usr/bin/desktop-file-edit"
"Failed to extract plugin meta data from '/usr/bin/desktop-file-install'" 
         not a plugin
QFactoryLoader::QFactoryLoader() looking at "/usr/bin/desktop-file-install"
"Failed to extract plugin meta data from '/usr/bin/desktop-file-install'" 
         not a plugin
QFactoryLoader::QFactoryLoader() looking at "/usr/bin/desktop-file-validate"
"Failed to extract plugin meta data from '/usr/bin/desktop-file-validate'" 
         not a plugin
QFactoryLoader::QFactoryLoader() looking at "/usr/bin/detex"
"Failed to extract plugin meta data from '/usr/bin/detex'" 
         not a plugin
QFactoryLoader::QFactoryLoader() looking at "/usr/bin/devnag"
"Failed to extract plugin meta data from '/usr/bin/devnag'" 
         not a plugin
QFactoryLoader::QFactoryLoader() looking at "/usr/bin/deweb"
QElfParser: '/usr/bin/deweb' is not an ELF object
"'/usr/bin/deweb' is not an ELF object" 
         not a plugin
QFactoryLoader::QFactoryLoader() looking at "/usr/bin/df"
"Failed to extract plugin meta data from '/usr/bin/df'" 
         not a plugin
QFactoryLoader::QFactoryLoader() looking at "/usr/bin/dh_bash-completion"
QElfParser: '/usr/bin/dh_bash-completion' is not an ELF object
"'/usr/bin/dh_bash-completion' is not an ELF object" 
         not a plugin
QFactoryLoader::QFactoryLoader() looking at "/usr/bin/dh_installtex"
QElfParser: '/usr/bin/dh_installtex' is not an ELF object
"'/usr/bin/dh_installtex' is not an ELF object" 
         not a plugin
QFactoryLoader::QFactoryLoader() looking at "/usr/bin/dh_installxmlcatalogs"
QElfParser: '/usr/bin/dh_installxmlcatalogs' is not an ELF object
"'/usr/bin/dh_installxmlcatalogs' is not an ELF object" 
         not a plugin
QFactoryLoader::QFactoryLoader() looking at "/usr/bin/dh_perl_openssl"
QElfParser: '/usr/bin/dh_perl_openssl' is not an ELF object
"'/usr/bin/dh_perl_openssl' is not an ELF object" 
         not a plugin
QFactoryLoader::QFactoryLoader() looking at "/usr/bin/dh_python3-ply"
QElfParser: '/usr/bin/dh_python3-ply' is not an ELF object
"'/usr/bin/dh_python3-ply' is not an ELF object" 
         not a plugin
QFactoryLoader::QFactoryLoader() looking at "/usr/bin/diadia"
QElfParser: '/usr/share/texlive/texmf-dist/scripts/diadia/diadia.lua' is not an ELF object
"'/usr/share/texlive/texmf-dist/scripts/diadia/diadia.lua' is not an ELF object" 
         not a plugin
QFactoryLoader::QFactoryLoader() looking at "/usr/bin/diff"
"Failed to extract plugin meta data from '/usr/bin/diff'" 
         not a plugin
QFactoryLoader::QFactoryLoader() looking at "/usr/bin/diff3"
"Failed to extract plugin meta data from '/usr/bin/diff3'" 
         not a plugin
QFactoryLoader::QFactoryLoader() looking at "/usr/bin/diffimg"
"Failed to extract plugin meta data from '/usr/bin/diffimg'" 
         not a plugin
QFactoryLoader::QFactoryLoader() looking at "/usr/bin/dig"
"Failed to extract plugin meta data from '/usr/bin/dig'" 
         not a plugin
QFactoryLoader::QFactoryLoader() looking at "/usr/bin/dijkstra"
"Failed to extract plugin meta data from '/usr/bin/dijkstra'" 
         not a plugin
QFactoryLoader::QFactoryLoader() looking at "/usr/bin/dir"
"Failed to extract plugin meta data from '/usr/bin/dir'" 
         not a plugin
QFactoryLoader::QFactoryLoader() looking at "/usr/bin/dircolors"
"Failed to extract plugin meta data from '/usr/bin/dircolors'" 
         not a plugin
QFactoryLoader::QFactoryLoader() looking at "/usr/bin/dirmngr"
"Failed to extract plugin meta data from '/usr/bin/dirmngr'" 
         not a plugin
QFactoryLoader::QFactoryLoader() looking at "/usr/bin/dirmngr-client"
"Failed to extract plugin meta data from '/usr/bin/dirmngr-client'" 
         not a plugin
QFactoryLoader::QFactoryLoader() looking at "/usr/bin/dirname"
"Failed to extract plugin meta data from '/usr/bin/dirname'" 
         not a plugin
QFactoryLoader::QFactoryLoader() looking at "/usr/bin/disdvi"
"Failed to extract plugin meta data from '/usr/bin/disdvi'" 
         not a plugin
QFactoryLoader::QFactoryLoader() looking at "/usr/bin/display"
"Failed to extract plugin meta data from '/usr/bin/display-im6.q16'" 
         not a plugin
QFactoryLoader::QFactoryLoader() looking at "/usr/bin/display-im6"
"Failed to extract plugin meta data from '/usr/bin/display-im6.q16'" 
         not a plugin
QFactoryLoader::QFactoryLoader() looking at "/usr/bin/display-im6.q16"
"Failed to extract plugin meta data from '/usr/bin/display-im6.q16'" 
         not a plugin
QFactoryLoader::QFactoryLoader() looking at "/usr/bin/distro-info"
"Failed to extract plugin meta data from '/usr/bin/ubuntu-distro-info'" 
         not a plugin
QFactoryLoader::QFactoryLoader() looking at "/usr/bin/dm-tool"
"Failed to extract plugin meta data from '/usr/bin/dm-tool'" 
         not a plugin
QFactoryLoader::QFactoryLoader() looking at "/usr/bin/dmesg"
"Failed to extract plugin meta data from '/usr/bin/dmesg'" 
         not a plugin
QFactoryLoader::QFactoryLoader() looking at "/usr/bin/dnsdomainname"
"Failed to extract plugin meta data from '/usr/bin/hostname'" 
         not a plugin
QFactoryLoader::QFactoryLoader() looking at "/usr/bin/do-release-upgrade"
QElfParser: '/usr/bin/do-release-upgrade' is not an ELF object
"'/usr/bin/do-release-upgrade' is not an ELF object" 
         not a plugin
QFactoryLoader::QFactoryLoader() looking at "/usr/bin/domainname"
"Failed to extract plugin meta data from '/usr/bin/hostname'" 
         not a plugin
QFactoryLoader::QFactoryLoader() looking at "/usr/bin/dos2unix"
"Failed to extract plugin meta data from '/usr/bin/dos2unix'" 
         not a plugin
QFactoryLoader::QFactoryLoader() looking at "/usr/bin/dosepsbin"
QElfParser: '/usr/share/texlive/texmf-dist/scripts/dosepsbin/dosepsbin.pl' is not an ELF object
"'/usr/share/texlive/texmf-dist/scripts/dosepsbin/dosepsbin.pl' is not an ELF object" 
         not a plugin
QFactoryLoader::QFactoryLoader() looking at "/usr/bin/dot"
"Failed to extract plugin meta data from '/usr/sbin/libgvc6-config-update'" 
         not a plugin
QFactoryLoader::QFactoryLoader() looking at "/usr/bin/dot2gxl"
"Failed to extract plugin meta data from '/usr/bin/gxl2gv'" 
         not a plugin
QFactoryLoader::QFactoryLoader() looking at "/usr/bin/dot_builtins"
"Failed to extract plugin meta data from '/usr/bin/dot_builtins'" 
         not a plugin
QFactoryLoader::QFactoryLoader() looking at "/usr/bin/dotty"
QElfParser: '/usr/bin/dotty' is not an ELF object
"'/usr/bin/dotty' is not an ELF object" 
         not a plugin
QFactoryLoader::QFactoryLoader() looking at "/usr/bin/dpkg"
"Failed to extract plugin meta data from '/usr/bin/dpkg'" 
         not a plugin
QFactoryLoader::QFactoryLoader() looking at "/usr/bin/dpkg-deb"
"Failed to extract plugin meta data from '/usr/bin/dpkg-deb'" 
         not a plugin
QFactoryLoader::QFactoryLoader() looking at "/usr/bin/dpkg-divert"
"Failed to extract plugin meta data from '/usr/bin/dpkg-divert'" 
         not a plugin
QFactoryLoader::QFactoryLoader() looking at "/usr/bin/dpkg-maintscript-helper"
QElfParser: '/usr/bin/dpkg-maintscript-helper' is not an ELF object
"'/usr/bin/dpkg-maintscript-helper' is not an ELF object" 
         not a plugin
QFactoryLoader::QFactoryLoader() looking at "/usr/bin/dpkg-query"
"Failed to extract plugin meta data from '/usr/bin/dpkg-query'" 
         not a plugin
QFactoryLoader::QFactoryLoader() looking at "/usr/bin/dpkg-realpath"
QElfParser: '/usr/bin/dpkg-realpath' is not an ELF object
"'/usr/bin/dpkg-realpath' is not an ELF object" 
         not a plugin
QFactoryLoader::QFactoryLoader() looking at "/usr/bin/dpkg-split"
"Failed to extract plugin meta data from '/usr/bin/dpkg-split'" 
         not a plugin
QFactoryLoader::QFactoryLoader() looking at "/usr/bin/dpkg-statoverride"
"Failed to extract plugin meta data from '/usr/bin/dpkg-statoverride'" 
         not a plugin
QFactoryLoader::QFactoryLoader() looking at "/usr/bin/dpkg-trigger"
"Failed to extract plugin meta data from '/usr/bin/dpkg-trigger'" 
         not a plugin
QFactoryLoader::QFactoryLoader() looking at "/usr/bin/driverless"
"Failed to extract plugin meta data from '/usr/lib/cups/driver/driverless'" 
         not a plugin
QFactoryLoader::QFactoryLoader() looking at "/usr/bin/driverless-fax"
QElfParser: '/usr/lib/cups/driver/driverless-fax' is not an ELF object
"'/usr/lib/cups/driver/driverless-fax' is not an ELF object" 
         not a plugin
QFactoryLoader::QFactoryLoader() looking at "/usr/bin/dt2dv"
"Failed to extract plugin meta data from '/usr/bin/dt2dv'" 
         not a plugin
QFactoryLoader::QFactoryLoader() looking at "/usr/bin/dtxgen"
QElfParser: '/usr/share/texlive/texmf-dist/scripts/dtxgen/dtxgen' is not an ELF object
"'/usr/share/texlive/texmf-dist/scripts/dtxgen/dtxgen' is not an ELF object" 
         not a plugin
QFactoryLoader::QFactoryLoader() looking at "/usr/bin/du"
"Failed to extract plugin meta data from '/usr/bin/du'" 
         not a plugin
QFactoryLoader::QFactoryLoader() looking at "/usr/bin/dumpkeys"
"Failed to extract plugin meta data from '/usr/bin/dumpkeys'" 
         not a plugin
QFactoryLoader::QFactoryLoader() looking at "/usr/bin/dv2dt"
"Failed to extract plugin meta data from '/usr/bin/dv2dt'" 
         not a plugin
QFactoryLoader::QFactoryLoader() looking at "/usr/bin/dvi2fax"
QElfParser: '/usr/share/texlive/texmf-dist/scripts/texlive-extra/dvi2fax.sh' is not an ELF object
"'/usr/share/texlive/texmf-dist/scripts/texlive-extra/dvi2fax.sh' is not an ELF object" 
         not a plugin
QFactoryLoader::QFactoryLoader() looking at "/usr/bin/dvi2tty"
"Failed to extract plugin meta data from '/usr/bin/dvi2tty'" 
         not a plugin
QFactoryLoader::QFactoryLoader() looking at "/usr/bin/dviasm"
QElfParser: '/usr/share/texlive/texmf-dist/scripts/dviasm/dviasm.py' is not an ELF object
"'/usr/share/texlive/texmf-dist/scripts/dviasm/dviasm.py' is not an ELF object" 
         not a plugin
QFactoryLoader::QFactoryLoader() looking at "/usr/bin/dvibook"
"Failed to extract plugin meta data from '/usr/bin/dvibook'" 
         not a plugin
QFactoryLoader::QFactoryLoader() looking at "/usr/bin/dviconcat"
"Failed to extract plugin meta data from '/usr/bin/dviconcat'" 
         not a plugin
QFactoryLoader::QFactoryLoader() looking at "/usr/bin/dvicopy"
"Failed to extract plugin meta data from '/usr/bin/dvicopy'" 
         not a plugin
QFactoryLoader::QFactoryLoader() looking at "/usr/bin/dvidvi"
"Failed to extract plugin meta data from '/usr/bin/dvidvi'" 
         not a plugin
QFactoryLoader::QFactoryLoader() looking at "/usr/bin/dvigif"
"Failed to extract plugin meta data from '/usr/bin/dvipng'" 
         not a plugin
QFactoryLoader::QFactoryLoader() looking at "/usr/bin/dvihp"
QElfParser: '/usr/bin/dvihp' is not an ELF object
"'/usr/bin/dvihp' is not an ELF object" 
         not a plugin
QFactoryLoader::QFactoryLoader() looking at "/usr/bin/dviinfox"
QElfParser: '/usr/share/texlive/texmf-dist/scripts/dviinfox/dviinfox.pl' is not an ELF object
"'/usr/share/texlive/texmf-dist/scripts/dviinfox/dviinfox.pl' is not an ELF object" 
         not a plugin
QFactoryLoader::QFactoryLoader() looking at "/usr/bin/dvilj"
"Failed to extract plugin meta data from '/usr/bin/dvilj'" 
         not a plugin
QFactoryLoader::QFactoryLoader() looking at "/usr/bin/dvilj2p"
"Failed to extract plugin meta data from '/usr/bin/dvilj2p'" 
         not a plugin
QFactoryLoader::QFactoryLoader() looking at "/usr/bin/dvilj4"
"Failed to extract plugin meta data from '/usr/bin/dvilj4'" 
         not a plugin
QFactoryLoader::QFactoryLoader() looking at "/usr/bin/dvilj4l"
"Failed to extract plugin meta data from '/usr/bin/dvilj4l'" 
         not a plugin
QFactoryLoader::QFactoryLoader() looking at "/usr/bin/dvilj6"
"Failed to extract plugin meta data from '/usr/bin/dvilj4'" 
         not a plugin
QFactoryLoader::QFactoryLoader() looking at "/usr/bin/dvilualatex"
"Failed to extract plugin meta data from '/usr/bin/luatex'" 
         not a plugin
QFactoryLoader::QFactoryLoader() looking at "/usr/bin/dvilualatex-dev"
"Failed to extract plugin meta data from '/usr/bin/luatex'" 
         not a plugin
QFactoryLoader::QFactoryLoader() looking at "/usr/bin/dviluatex"
"Failed to extract plugin meta data from '/usr/bin/luatex'" 
         not a plugin
QFactoryLoader::QFactoryLoader() looking at "/usr/bin/dvipdf"
QElfParser: '/usr/bin/dvipdf' is not an ELF object
"'/usr/bin/dvipdf' is not an ELF object" 
         not a plugin
QFactoryLoader::QFactoryLoader() looking at "/usr/bin/dvipdfm"
"Failed to extract plugin meta data from '/usr/bin/xdvipdfmx'" 
         not a plugin
QFactoryLoader::QFactoryLoader() looking at "/usr/bin/dvipdfmx"
"Failed to extract plugin meta data from '/usr/bin/xdvipdfmx'" 
         not a plugin
QFactoryLoader::QFactoryLoader() looking at "/usr/bin/dvipdft"
QElfParser: '/usr/bin/dvipdft' is not an ELF object
"'/usr/bin/dvipdft' is not an ELF object" 
         not a plugin
QFactoryLoader::QFactoryLoader() looking at "/usr/bin/dvipng"
"Failed to extract plugin meta data from '/usr/bin/dvipng'" 
         not a plugin
QFactoryLoader::QFactoryLoader() looking at "/usr/bin/dvipos"
"Failed to extract plugin meta data from '/usr/bin/dvipos'" 
         not a plugin
QFactoryLoader::QFactoryLoader() looking at "/usr/bin/dvips"
"Failed to extract plugin meta data from '/usr/bin/dvips'" 
         not a plugin
QFactoryLoader::QFactoryLoader() looking at "/usr/bin/dvired"
QElfParser: '/usr/share/texlive/texmf-dist/scripts/texlive-extra/dvired.sh' is not an ELF object
"'/usr/share/texlive/texmf-dist/scripts/texlive-extra/dvired.sh' is not an ELF object" 
         not a plugin
QFactoryLoader::QFactoryLoader() looking at "/usr/bin/dviselect"
"Failed to extract plugin meta data from '/usr/bin/dviselect'" 
         not a plugin
QFactoryLoader::QFactoryLoader() looking at "/usr/bin/dvispc"
"Failed to extract plugin meta data from '/usr/bin/dvispc'" 
         not a plugin
QFactoryLoader::QFactoryLoader() looking at "/usr/bin/dvisvgm"
"Failed to extract plugin meta data from '/usr/bin/dvisvgm'" 
         not a plugin
QFactoryLoader::QFactoryLoader() looking at "/usr/bin/dvitodvi"
"Failed to extract plugin meta data from '/usr/bin/dvitodvi'" 
         not a plugin
QFactoryLoader::QFactoryLoader() looking at "/usr/bin/dvitomp"
"Failed to extract plugin meta data from '/usr/bin/mpost'" 
         not a plugin
QFactoryLoader::QFactoryLoader() looking at "/usr/bin/dvitype"
"Failed to extract plugin meta data from '/usr/bin/dvitype'" 
         not a plugin
QFactoryLoader::QFactoryLoader() looking at "/usr/bin/e2pall"
QElfParser: '/usr/share/texlive/texmf-dist/scripts/texlive-extra/e2pall.pl' is not an ELF object
"'/usr/share/texlive/texmf-dist/scripts/texlive-extra/e2pall.pl' is not an ELF object" 
         not a plugin
QFactoryLoader::QFactoryLoader() looking at "/usr/bin/ebb"
"Failed to extract plugin meta data from '/usr/bin/xdvipdfmx'" 
         not a plugin
QFactoryLoader::QFactoryLoader() looking at "/usr/bin/echo"
"Failed to extract plugin meta data from '/usr/bin/echo'" 
         not a plugin
QFactoryLoader::QFactoryLoader() looking at "/usr/bin/ed"
"Failed to extract plugin meta data from '/usr/bin/ed'" 
         not a plugin
QFactoryLoader::QFactoryLoader() looking at "/usr/bin/edgepaint"
"Failed to extract plugin meta data from '/usr/bin/edgepaint'" 
         not a plugin
QFactoryLoader::QFactoryLoader() looking at "/usr/bin/edit"
QElfParser: '/usr/bin/run-mailcap' is not an ELF object
"'/usr/bin/run-mailcap' is not an ELF object" 
         not a plugin
QFactoryLoader::QFactoryLoader() looking at "/usr/bin/editor"
"Failed to extract plugin meta data from '/usr/bin/nano'" 
         not a plugin
QFactoryLoader::QFactoryLoader() looking at "/usr/bin/editres"
"Failed to extract plugin meta data from '/usr/bin/editres'" 
         not a plugin
QFactoryLoader::QFactoryLoader() looking at "/usr/bin/efibootdump"
"Failed to extract plugin meta data from '/usr/bin/efibootdump'" 
         not a plugin
QFactoryLoader::QFactoryLoader() looking at "/usr/bin/efibootmgr"
"Failed to extract plugin meta data from '/usr/bin/efibootmgr'" 
         not a plugin
QFactoryLoader::QFactoryLoader() looking at "/usr/bin/eglinfo"
"Failed to extract plugin meta data from '/usr/bin/eglinfo.x86_64-linux-gnu'" 
         not a plugin
QFactoryLoader::QFactoryLoader() looking at "/usr/bin/eglinfo.x86_64-linux-gnu"
"Failed to extract plugin meta data from '/usr/bin/eglinfo.x86_64-linux-gnu'" 
         not a plugin
QFactoryLoader::QFactoryLoader() looking at "/usr/bin/egrep"
QElfParser: '/usr/bin/egrep' is not an ELF object (file too small)
"'/usr/bin/egrep' is not an ELF object (file too small)" 
         not a plugin
QFactoryLoader::QFactoryLoader() looking at "/usr/bin/eject"
"Failed to extract plugin meta data from '/usr/bin/eject'" 
         not a plugin
QFactoryLoader::QFactoryLoader() looking at "/usr/bin/enc2xs"
QElfParser: '/usr/bin/enc2xs' is not an ELF object
"'/usr/bin/enc2xs' is not an ELF object" 
         not a plugin
QFactoryLoader::QFactoryLoader() looking at "/usr/bin/encguess"
QElfParser: '/usr/bin/encguess' is not an ELF object
"'/usr/bin/encguess' is not an ELF object" 
         not a plugin
QFactoryLoader::QFactoryLoader() looking at "/usr/bin/enchant-2"
"Failed to extract plugin meta data from '/usr/bin/enchant-2'" 
         not a plugin
QFactoryLoader::QFactoryLoader() looking at "/usr/bin/enchant-lsmod-2"
"Failed to extract plugin meta data from '/usr/bin/enchant-lsmod-2'" 
         not a plugin
QFactoryLoader::QFactoryLoader() looking at "/usr/bin/engrampa"
"Failed to extract plugin meta data from '/usr/bin/engrampa'" 
         not a plugin
QFactoryLoader::QFactoryLoader() looking at "/usr/bin/env"
"Failed to extract plugin meta data from '/usr/bin/env'" 
         not a plugin
QFactoryLoader::QFactoryLoader() looking at "/usr/bin/envsubst"
"Failed to extract plugin meta data from '/usr/bin/envsubst'" 
         not a plugin
QFactoryLoader::QFactoryLoader() looking at "/usr/bin/eplain"
"Failed to extract plugin meta data from '/usr/bin/pdftex'" 
         not a plugin
QFactoryLoader::QFactoryLoader() looking at "/usr/bin/eps2eps"
QElfParser: '/usr/bin/eps2eps' is not an ELF object
"'/usr/bin/eps2eps' is not an ELF object" 
         not a plugin
QFactoryLoader::QFactoryLoader() looking at "/usr/bin/epsffit"
"Failed to extract plugin meta data from '/usr/bin/epsffit'" 
         not a plugin
QFactoryLoader::QFactoryLoader() looking at "/usr/bin/epspdf"
QElfParser: '/usr/share/texlive/texmf-dist/scripts/epspdf/epspdf.tlu' is not an ELF object
"'/usr/share/texlive/texmf-dist/scripts/epspdf/epspdf.tlu' is not an ELF object" 
         not a plugin
QFactoryLoader::QFactoryLoader() looking at "/usr/bin/epspdftk"
QElfParser: '/usr/share/texlive/texmf-dist/scripts/epspdf/epspdftk.tcl' is not an ELF object
"'/usr/share/texlive/texmf-dist/scripts/epspdf/epspdftk.tcl' is not an ELF object" 
         not a plugin
QFactoryLoader::QFactoryLoader() looking at "/usr/bin/epstopdf"
QElfParser: '/usr/share/texlive/texmf-dist/scripts/epstopdf/epstopdf.pl' is not an ELF object
"'/usr/share/texlive/texmf-dist/scripts/epstopdf/epstopdf.pl' is not an ELF object" 
         not a plugin
QFactoryLoader::QFactoryLoader() looking at "/usr/bin/eptex"
"Failed to extract plugin meta data from '/usr/bin/eptex'" 
         not a plugin
QFactoryLoader::QFactoryLoader() looking at "/usr/bin/eqn"
"Failed to extract plugin meta data from '/usr/bin/eqn'" 
         not a plugin
QFactoryLoader::QFactoryLoader() looking at "/usr/bin/erb"
QElfParser: '/usr/bin/erb3.0' is not an ELF object
"'/usr/bin/erb3.0' is not an ELF object" 
         not a plugin
QFactoryLoader::QFactoryLoader() looking at "/usr/bin/erb3.0"
QElfParser: '/usr/bin/erb3.0' is not an ELF object
"'/usr/bin/erb3.0' is not an ELF object" 
         not a plugin
QFactoryLoader::QFactoryLoader() looking at "/usr/bin/es2_info"
"Failed to extract plugin meta data from '/usr/bin/es2_info.x86_64-linux-gnu'" 
         not a plugin
QFactoryLoader::QFactoryLoader() looking at "/usr/bin/es2_info.x86_64-linux-gnu"
"Failed to extract plugin meta data from '/usr/bin/es2_info.x86_64-linux-gnu'" 
         not a plugin
QFactoryLoader::QFactoryLoader() looking at "/usr/bin/es2gears_wayland"
"Failed to extract plugin meta data from '/usr/bin/es2gears_wayland.x86_64-linux-gnu'" 
         not a plugin
QFactoryLoader::QFactoryLoader() looking at "/usr/bin/es2gears_wayland.x86_64-linux-gnu"
"Failed to extract plugin meta data from '/usr/bin/es2gears_wayland.x86_64-linux-gnu'" 
         not a plugin
QFactoryLoader::QFactoryLoader() looking at "/usr/bin/es2gears_x11"
"Failed to extract plugin meta data from '/usr/bin/es2gears_x11.x86_64-linux-gnu'" 
         not a plugin
QFactoryLoader::QFactoryLoader() looking at "/usr/bin/es2gears_x11.x86_64-linux-gnu"
"Failed to extract plugin meta data from '/usr/bin/es2gears_x11.x86_64-linux-gnu'" 
         not a plugin
QFactoryLoader::QFactoryLoader() looking at "/usr/bin/es2tri"
"Failed to extract plugin meta data from '/usr/bin/es2tri.x86_64-linux-gnu'" 
         not a plugin
QFactoryLoader::QFactoryLoader() looking at "/usr/bin/es2tri.x86_64-linux-gnu"
"Failed to extract plugin meta data from '/usr/bin/es2tri.x86_64-linux-gnu'" 
         not a plugin
QFactoryLoader::QFactoryLoader() looking at "/usr/bin/esc-m"
"Failed to extract plugin meta data from '/usr/bin/esc-m'" 
         not a plugin
QFactoryLoader::QFactoryLoader() looking at "/usr/bin/espeak"
"Failed to extract plugin meta data from '/usr/bin/espeak'" 
         not a plugin
QFactoryLoader::QFactoryLoader() looking at "/usr/bin/etex"
"Failed to extract plugin meta data from '/usr/bin/pdftex'" 
         not a plugin
QFactoryLoader::QFactoryLoader() looking at "/usr/bin/euptex"
"Failed to extract plugin meta data from '/usr/bin/euptex'" 
         not a plugin
QFactoryLoader::QFactoryLoader() looking at "/usr/bin/eutp"
"Failed to extract plugin meta data from '/usr/bin/eutp'" 
         not a plugin
QFactoryLoader::QFactoryLoader() looking at "/usr/bin/ex"
"Failed to extract plugin meta data from '/usr/bin/vim.tiny'" 
         not a plugin
QFactoryLoader::QFactoryLoader() looking at "/usr/bin/exceltex"
QElfParser: '/usr/share/texlive/texmf-dist/scripts/exceltex/exceltex' is not an ELF object
"'/usr/share/texlive/texmf-dist/scripts/exceltex/exceltex' is not an ELF object" 
         not a plugin
QFactoryLoader::QFactoryLoader() looking at "/usr/bin/exo-desktop-item-edit"
"Failed to extract plugin meta data from '/usr/bin/exo-desktop-item-edit'" 
         not a plugin
QFactoryLoader::QFactoryLoader() looking at "/usr/bin/exo-open"
"Failed to extract plugin meta data from '/usr/bin/exo-open'" 
         not a plugin
QFactoryLoader::QFactoryLoader() looking at "/usr/bin/expand"
"Failed to extract plugin meta data from '/usr/bin/expand'" 
         not a plugin
QFactoryLoader::QFactoryLoader() looking at "/usr/bin/expiry"
"Failed to extract plugin meta data from '/usr/bin/expiry'" 
         not a plugin
QFactoryLoader::QFactoryLoader() looking at "/usr/bin/expr"
"Failed to extract plugin meta data from '/usr/bin/expr'" 
         not a plugin
QFactoryLoader::QFactoryLoader() looking at "/usr/bin/extconv"
"Failed to extract plugin meta data from '/usr/bin/extconv'" 
         not a plugin
QFactoryLoader::QFactoryLoader() looking at "/usr/bin/extractbb"
"Failed to extract plugin meta data from '/usr/bin/xdvipdfmx'" 
         not a plugin
QFactoryLoader::QFactoryLoader() looking at "/usr/bin/extractres"
QElfParser: '/usr/bin/extractres' is not an ELF object
"'/usr/bin/extractres' is not an ELF object" 
         not a plugin
QFactoryLoader::QFactoryLoader() looking at "/usr/bin/eyuvtoppm"
"Failed to extract plugin meta data from '/usr/bin/eyuvtoppm'" 
         not a plugin
QFactoryLoader::QFactoryLoader() looking at "/usr/bin/factor"
"Failed to extract plugin meta data from '/usr/bin/factor'" 
         not a plugin
QFactoryLoader::QFactoryLoader() looking at "/usr/bin/faillog"
"Failed to extract plugin meta data from '/usr/bin/faillog'" 
         not a plugin
QFactoryLoader::QFactoryLoader() looking at "/usr/bin/fallocate"
"Failed to extract plugin meta data from '/usr/bin/fallocate'" 
         not a plugin
QFactoryLoader::QFactoryLoader() looking at "/usr/bin/false"
"Failed to extract plugin meta data from '/usr/bin/false'" 
         not a plugin
QFactoryLoader::QFactoryLoader() looking at "/usr/bin/fc-cache"
"Failed to extract plugin meta data from '/usr/bin/fc-cache'" 
         not a plugin
QFactoryLoader::QFactoryLoader() looking at "/usr/bin/fc-cat"
"Failed to extract plugin meta data from '/usr/bin/fc-cat'" 
         not a plugin
QFactoryLoader::QFactoryLoader() looking at "/usr/bin/fc-conflist"
"Failed to extract plugin meta data from '/usr/bin/fc-conflist'" 
         not a plugin
QFactoryLoader::QFactoryLoader() looking at "/usr/bin/fc-list"
"Failed to extract plugin meta data from '/usr/bin/fc-list'" 
         not a plugin
QFactoryLoader::QFactoryLoader() looking at "/usr/bin/fc-match"
"Failed to extract plugin meta data from '/usr/bin/fc-match'" 
         not a plugin
QFactoryLoader::QFactoryLoader() looking at "/usr/bin/fc-pattern"
"Failed to extract plugin meta data from '/usr/bin/fc-pattern'" 
         not a plugin
QFactoryLoader::QFactoryLoader() looking at "/usr/bin/fc-query"
"Failed to extract plugin meta data from '/usr/bin/fc-query'" 
         not a plugin
QFactoryLoader::QFactoryLoader() looking at "/usr/bin/fc-scan"
"Failed to extract plugin meta data from '/usr/bin/fc-scan'" 
         not a plugin
QFactoryLoader::QFactoryLoader() looking at "/usr/bin/fc-validate"
"Failed to extract plugin meta data from '/usr/bin/fc-validate'" 
         not a plugin
QFactoryLoader::QFactoryLoader() looking at "/usr/bin/fcitx5"
"Failed to extract plugin meta data from '/usr/bin/fcitx5'" 
         not a plugin
QFactoryLoader::QFactoryLoader() looking at "/usr/bin/fcitx5-config-qt"
"Failed to extract plugin meta data from '/usr/bin/fcitx5-config-qt'" 
         not a plugin
QFactoryLoader::QFactoryLoader() looking at "/usr/bin/fcitx5-configtool"
QElfParser: '/usr/bin/fcitx5-configtool' is not an ELF object
"'/usr/bin/fcitx5-configtool' is not an ELF object" 
         not a plugin
QFactoryLoader::QFactoryLoader() looking at "/usr/bin/fcitx5-diagnose"
QElfParser: '/usr/bin/fcitx5-diagnose' is not an ELF object
"'/usr/bin/fcitx5-diagnose' is not an ELF object" 
         not a plugin
QFactoryLoader::QFactoryLoader() looking at "/usr/bin/fcitx5-migrator"
Found metadata in lib /usr/bin/fcitx5-migrator, metadata=
{
    "IID": "org.fcitx.Fcitx.FcitxMigratorFactoryInterface",
    "MetaData": {
        "addon": "pinyin"
    },
    "archreq": 0,
    "className": "PinyinMigratorPlugin",
    "debug": false,
    "version": 331520
}


Got keys from plugin meta data ()
QFactoryLoader::QFactoryLoader() looking at "/usr/bin/fcitx5-remote"
"Failed to extract plugin meta data from '/usr/bin/fcitx5-remote'" 
         not a plugin
QFactoryLoader::QFactoryLoader() looking at "/usr/bin/fdp"
"Failed to extract plugin meta data from '/usr/sbin/libgvc6-config-update'" 
         not a plugin
QFactoryLoader::QFactoryLoader() looking at "/usr/bin/feynmf"
QElfParser: '/usr/bin/feynmf' is not an ELF object
"'/usr/bin/feynmf' is not an ELF object" 
         not a plugin
QFactoryLoader::QFactoryLoader() looking at "/usr/bin/ffmpeg"
"Failed to extract plugin meta data from '/usr/bin/ffmpeg'" 
         not a plugin
QFactoryLoader::QFactoryLoader() looking at "/usr/bin/ffplay"
"Failed to extract plugin meta data from '/usr/bin/ffplay'" 
         not a plugin
QFactoryLoader::QFactoryLoader() looking at "/usr/bin/ffprobe"
"Failed to extract plugin meta data from '/usr/bin/ffprobe'" 
         not a plugin
QFactoryLoader::QFactoryLoader() looking at "/usr/bin/fgconsole"
"Failed to extract plugin meta data from '/usr/bin/fgconsole'" 
         not a plugin
QFactoryLoader::QFactoryLoader() looking at "/usr/bin/fgrep"
QElfParser: '/usr/bin/fgrep' is not an ELF object (file too small)
"'/usr/bin/fgrep' is not an ELF object (file too small)" 
         not a plugin
QFactoryLoader::QFactoryLoader() looking at "/usr/bin/fiascotopnm"
"Failed to extract plugin meta data from '/usr/bin/fiascotopnm'" 
         not a plugin
QFactoryLoader::QFactoryLoader() looking at "/usr/bin/fig4latex"
QElfParser: '/usr/share/texlive/texmf-dist/scripts/fig4latex/fig4latex' is not an ELF object
"'/usr/share/texlive/texmf-dist/scripts/fig4latex/fig4latex' is not an ELF object" 
         not a plugin
QFactoryLoader::QFactoryLoader() looking at "/usr/bin/filan"
"Failed to extract plugin meta data from '/usr/bin/filan'" 
         not a plugin
QFactoryLoader::QFactoryLoader() looking at "/usr/bin/file"
"Failed to extract plugin meta data from '/usr/bin/file'" 
         not a plugin
QFactoryLoader::QFactoryLoader() looking at "/usr/bin/file2brl"
"Failed to extract plugin meta data from '/usr/bin/file2brl'" 
         not a plugin
QFactoryLoader::QFactoryLoader() looking at "/usr/bin/fincore"
"Failed to extract plugin meta data from '/usr/bin/fincore'" 
         not a plugin
QFactoryLoader::QFactoryLoader() looking at "/usr/bin/find"
"Failed to extract plugin meta data from '/usr/bin/find'" 
         not a plugin
QFactoryLoader::QFactoryLoader() looking at "/usr/bin/findhyph"
QElfParser: '/usr/share/texlive/texmf-dist/scripts/findhyph/findhyph' is not an ELF object
"'/usr/share/texlive/texmf-dist/scripts/findhyph/findhyph' is not an ELF object" 
         not a plugin
QFactoryLoader::QFactoryLoader() looking at "/usr/bin/findmnt"
"Failed to extract plugin meta data from '/usr/bin/findmnt'" 
         not a plugin
QFactoryLoader::QFactoryLoader() looking at "/usr/bin/findrule"
QElfParser: '/usr/bin/findrule' is not an ELF object
"'/usr/bin/findrule' is not an ELF object" 
         not a plugin
QFactoryLoader::QFactoryLoader() looking at "/usr/bin/fitstopnm"
"Failed to extract plugin meta data from '/usr/bin/fitstopnm'" 
         not a plugin
QFactoryLoader::QFactoryLoader() looking at "/usr/bin/fixdlsrps"
QElfParser: '/usr/bin/fixdlsrps' is not an ELF object
"'/usr/bin/fixdlsrps' is not an ELF object" 
         not a plugin
QFactoryLoader::QFactoryLoader() looking at "/usr/bin/fixfmps"
QElfParser: '/usr/bin/fixfmps' is not an ELF object
"'/usr/bin/fixfmps' is not an ELF object" 
         not a plugin
QFactoryLoader::QFactoryLoader() looking at "/usr/bin/fixpsditps"
QElfParser: '/usr/bin/fixpsditps' is not an ELF object
"'/usr/bin/fixpsditps' is not an ELF object" 
         not a plugin
QFactoryLoader::QFactoryLoader() looking at "/usr/bin/fixpspps"
QElfParser: '/usr/bin/fixpspps' is not an ELF object
"'/usr/bin/fixpspps' is not an ELF object" 
         not a plugin
QFactoryLoader::QFactoryLoader() looking at "/usr/bin/fixscribeps"
QElfParser: '/usr/bin/fixscribeps' is not an ELF object
"'/usr/bin/fixscribeps' is not an ELF object" 
         not a plugin
QFactoryLoader::QFactoryLoader() looking at "/usr/bin/fixtpps"
QElfParser: '/usr/bin/fixtpps' is not an ELF object
"'/usr/bin/fixtpps' is not an ELF object" 
         not a plugin
QFactoryLoader::QFactoryLoader() looking at "/usr/bin/fixwfwps"
QElfParser: '/usr/bin/fixwfwps' is not an ELF object
"'/usr/bin/fixwfwps' is not an ELF object" 
         not a plugin
QFactoryLoader::QFactoryLoader() looking at "/usr/bin/fixwpps"
QElfParser: '/usr/bin/fixwpps' is not an ELF object
"'/usr/bin/fixwpps' is not an ELF object" 
         not a plugin
QFactoryLoader::QFactoryLoader() looking at "/usr/bin/fixwwps"
QElfParser: '/usr/bin/fixwwps' is not an ELF object
"'/usr/bin/fixwwps' is not an ELF object" 
         not a plugin
QFactoryLoader::QFactoryLoader() looking at "/usr/bin/flock"
"Failed to extract plugin meta data from '/usr/bin/flock'" 
         not a plugin
QFactoryLoader::QFactoryLoader() looking at "/usr/bin/fmt"
"Failed to extract plugin meta data from '/usr/bin/fmt'" 
         not a plugin
QFactoryLoader::QFactoryLoader() looking at "/usr/bin/fmtutil"
QElfParser: '/usr/share/texlive/texmf-dist/scripts/texlive/fmtutil.pl' is not an ELF object
"'/usr/share/texlive/texmf-dist/scripts/texlive/fmtutil.pl' is not an ELF object" 
         not a plugin
QFactoryLoader::QFactoryLoader() looking at "/usr/bin/fmtutil-sys"
QElfParser: '/usr/share/texlive/texmf-dist/scripts/texlive/fmtutil-sys.sh' is not an ELF object
"'/usr/share/texlive/texmf-dist/scripts/texlive/fmtutil-sys.sh' is not an ELF object" 
         not a plugin
QFactoryLoader::QFactoryLoader() looking at "/usr/bin/fmtutil-user"
QElfParser: '/usr/share/texlive/texmf-dist/scripts/texlive/fmtutil-user.sh' is not an ELF object
"'/usr/share/texlive/texmf-dist/scripts/texlive/fmtutil-user.sh' is not an ELF object" 
         not a plugin
QFactoryLoader::QFactoryLoader() looking at "/usr/bin/fold"
"Failed to extract plugin meta data from '/usr/bin/fold'" 
         not a plugin
QFactoryLoader::QFactoryLoader() looking at "/usr/bin/font-manager"
"Failed to extract plugin meta data from '/usr/bin/font-manager'" 
         not a plugin
QFactoryLoader::QFactoryLoader() looking at "/usr/bin/fontinst"
QElfParser: '/usr/share/texlive/texmf-dist/scripts/texlive-extra/fontinst.sh' is not an ELF object
"'/usr/share/texlive/texmf-dist/scripts/texlive-extra/fontinst.sh' is not an ELF object" 
         not a plugin
QFactoryLoader::QFactoryLoader() looking at "/usr/bin/fonttosfnt"
"Failed to extract plugin meta data from '/usr/bin/fonttosfnt'" 
         not a plugin
QFactoryLoader::QFactoryLoader() looking at "/usr/bin/foo2ddst"
"Failed to extract plugin meta data from '/usr/bin/foo2ddst'" 
         not a plugin
QFactoryLoader::QFactoryLoader() looking at "/usr/bin/foo2ddst-wrapper"
QElfParser: '/usr/bin/foo2ddst-wrapper' is not an ELF object
"'/usr/bin/foo2ddst-wrapper' is not an ELF object" 
         not a plugin
QFactoryLoader::QFactoryLoader() looking at "/usr/bin/foo2hbpl2"
"Failed to extract plugin meta data from '/usr/bin/foo2hbpl2'" 
         not a plugin
QFactoryLoader::QFactoryLoader() looking at "/usr/bin/foo2hbpl2-wrapper"
QElfParser: '/usr/bin/foo2hbpl2-wrapper' is not an ELF object
"'/usr/bin/foo2hbpl2-wrapper' is not an ELF object" 
         not a plugin
QFactoryLoader::QFactoryLoader() looking at "/usr/bin/foo2hiperc"
"Failed to extract plugin meta data from '/usr/bin/foo2hiperc'" 
         not a plugin
QFactoryLoader::QFactoryLoader() looking at "/usr/bin/foo2hiperc-wrapper"
QElfParser: '/usr/bin/foo2hiperc-wrapper' is not an ELF object
"'/usr/bin/foo2hiperc-wrapper' is not an ELF object" 
         not a plugin
QFactoryLoader::QFactoryLoader() looking at "/usr/bin/foo2hp"
"Failed to extract plugin meta data from '/usr/bin/foo2hp'" 
         not a plugin
QFactoryLoader::QFactoryLoader() looking at "/usr/bin/foo2hp2600-wrapper"
QElfParser: '/usr/bin/foo2hp2600-wrapper' is not an ELF object
"'/usr/bin/foo2hp2600-wrapper' is not an ELF object" 
         not a plugin
QFactoryLoader::QFactoryLoader() looking at "/usr/bin/foo2lava"
"Failed to extract plugin meta data from '/usr/bin/foo2lava'" 
         not a plugin
QFactoryLoader::QFactoryLoader() looking at "/usr/bin/foo2lava-wrapper"
QElfParser: '/usr/bin/foo2lava-wrapper' is not an ELF object
"'/usr/bin/foo2lava-wrapper' is not an ELF object" 
         not a plugin
QFactoryLoader::QFactoryLoader() looking at "/usr/bin/foo2oak"
"Failed to extract plugin meta data from '/usr/bin/foo2oak'" 
         not a plugin
QFactoryLoader::QFactoryLoader() looking at "/usr/bin/foo2oak-wrapper"
QElfParser: '/usr/bin/foo2oak-wrapper' is not an ELF object
"'/usr/bin/foo2oak-wrapper' is not an ELF object" 
         not a plugin
QFactoryLoader::QFactoryLoader() looking at "/usr/bin/foo2qpdl"
"Failed to extract plugin meta data from '/usr/bin/foo2qpdl'" 
         not a plugin
QFactoryLoader::QFactoryLoader() looking at "/usr/bin/foo2qpdl-wrapper"
QElfParser: '/usr/bin/foo2qpdl-wrapper' is not an ELF object
"'/usr/bin/foo2qpdl-wrapper' is not an ELF object" 
         not a plugin
QFactoryLoader::QFactoryLoader() looking at "/usr/bin/foo2slx"
"Failed to extract plugin meta data from '/usr/bin/foo2slx'" 
         not a plugin
QFactoryLoader::QFactoryLoader() looking at "/usr/bin/foo2slx-wrapper"
QElfParser: '/usr/bin/foo2slx-wrapper' is not an ELF object
"'/usr/bin/foo2slx-wrapper' is not an ELF object" 
         not a plugin
QFactoryLoader::QFactoryLoader() looking at "/usr/bin/foo2xqx"
"Failed to extract plugin meta data from '/usr/bin/foo2xqx'" 
         not a plugin
QFactoryLoader::QFactoryLoader() looking at "/usr/bin/foo2xqx-wrapper"
QElfParser: '/usr/bin/foo2xqx-wrapper' is not an ELF object
"'/usr/bin/foo2xqx-wrapper' is not an ELF object" 
         not a plugin
QFactoryLoader::QFactoryLoader() looking at "/usr/bin/foo2zjs"
"Failed to extract plugin meta data from '/usr/bin/foo2zjs'" 
         not a plugin
QFactoryLoader::QFactoryLoader() looking at "/usr/bin/foo2zjs-icc2ps"
"Failed to extract plugin meta data from '/usr/bin/psicc'" 
         not a plugin
QFactoryLoader::QFactoryLoader() looking at "/usr/bin/foo2zjs-pstops"
QElfParser: '/usr/bin/foo2zjs-pstops' is not an ELF object
"'/usr/bin/foo2zjs-pstops' is not an ELF object" 
         not a plugin
QFactoryLoader::QFactoryLoader() looking at "/usr/bin/foo2zjs-wrapper"
QElfParser: '/usr/bin/foo2zjs-wrapper' is not an ELF object
"'/usr/bin/foo2zjs-wrapper' is not an ELF object" 
         not a plugin
QFactoryLoader::QFactoryLoader() looking at "/usr/bin/foomatic-rip"
"Failed to extract plugin meta data from '/usr/lib/cups/filter/foomatic-rip'" 
         not a plugin
QFactoryLoader::QFactoryLoader() looking at "/usr/bin/fragmaster"
QElfParser: '/usr/bin/fragmaster' is not an ELF object
"'/usr/bin/fragmaster' is not an ELF object" 
         not a plugin
QFactoryLoader::QFactoryLoader() looking at "/usr/bin/free"
"Failed to extract plugin meta data from '/usr/bin/free'" 
         not a plugin
QFactoryLoader::QFactoryLoader() looking at "/usr/bin/fstopgm"
"Failed to extract plugin meta data from '/usr/bin/fstopgm'" 
         not a plugin
QFactoryLoader::QFactoryLoader() looking at "/usr/bin/ftp"
"Failed to extract plugin meta data from '/usr/bin/tnftp'" 
         not a plugin
QFactoryLoader::QFactoryLoader() looking at "/usr/bin/funzip"
"Failed to extract plugin meta data from '/usr/bin/funzip'" 
         not a plugin
QFactoryLoader::QFactoryLoader() looking at "/usr/bin/fuser"
"Failed to extract plugin meta data from '/usr/bin/fuser'" 
         not a plugin
QFactoryLoader::QFactoryLoader() looking at "/usr/bin/fusermount"
"Failed to extract plugin meta data from '/usr/bin/fusermount3'" 
         not a plugin
QFactoryLoader::QFactoryLoader() looking at "/usr/bin/fusermount3"
"Failed to extract plugin meta data from '/usr/bin/fusermount3'" 
         not a plugin
QFactoryLoader::QFactoryLoader() looking at "/usr/bin/fwupdmgr"
"Failed to extract plugin meta data from '/usr/bin/fwupdmgr'" 
         not a plugin
QFactoryLoader::QFactoryLoader() looking at "/usr/bin/fwupdtool"
"Failed to extract plugin meta data from '/usr/bin/fwupdtool'" 
         not a plugin
QFactoryLoader::QFactoryLoader() looking at "/usr/bin/g3topbm"
"Failed to extract plugin meta data from '/usr/bin/g3topbm'" 
         not a plugin
QFactoryLoader::QFactoryLoader() looking at "/usr/bin/gamma4scanimage"
"Failed to extract plugin meta data from '/usr/bin/gamma4scanimage'" 
         not a plugin
QFactoryLoader::QFactoryLoader() looking at "/usr/bin/gapplication"
"Failed to extract plugin meta data from '/usr/bin/gapplication'" 
         not a plugin
QFactoryLoader::QFactoryLoader() looking at "/usr/bin/gatttool"
"Failed to extract plugin meta data from '/usr/bin/gatttool'" 
         not a plugin
QFactoryLoader::QFactoryLoader() looking at "/usr/bin/gbklatex"
QElfParser: '/usr/bin/gbklatex' is not an ELF object
"'/usr/bin/gbklatex' is not an ELF object" 
         not a plugin
QFactoryLoader::QFactoryLoader() looking at "/usr/bin/gbkpdflatex"
QElfParser: '/usr/bin/gbkpdflatex' is not an ELF object
"'/usr/bin/gbkpdflatex' is not an ELF object" 
         not a plugin
QFactoryLoader::QFactoryLoader() looking at "/usr/bin/gc"
"Failed to extract plugin meta data from '/usr/bin/gc'" 
         not a plugin
QFactoryLoader::QFactoryLoader() looking at "/usr/bin/gcore"
QElfParser: '/usr/bin/gcore' is not an ELF object
"'/usr/bin/gcore' is not an ELF object" 
         not a plugin
QFactoryLoader::QFactoryLoader() looking at "/usr/bin/gcr-viewer"
"Failed to extract plugin meta data from '/usr/bin/gcr-viewer'" 
         not a plugin
QFactoryLoader::QFactoryLoader() looking at "/usr/bin/gdb"
"Failed to extract plugin meta data from '/usr/bin/gdb'" 
         not a plugin
QFactoryLoader::QFactoryLoader() looking at "/usr/bin/gdb-add-index"
QElfParser: '/usr/bin/gdb-add-index' is not an ELF object
"'/usr/bin/gdb-add-index' is not an ELF object" 
         not a plugin
QFactoryLoader::QFactoryLoader() looking at "/usr/bin/gdbtui"
QElfParser: '/usr/bin/gdbtui' is not an ELF object
"'/usr/bin/gdbtui' is not an ELF object" 
         not a plugin
QFactoryLoader::QFactoryLoader() looking at "/usr/bin/gdbus"
"Failed to extract plugin meta data from '/usr/bin/gdbus'" 
         not a plugin
QFactoryLoader::QFactoryLoader() looking at "/usr/bin/gdialog"
QElfParser: '/usr/bin/gdialog' is not an ELF object
"'/usr/bin/gdialog' is not an ELF object" 
         not a plugin
QFactoryLoader::QFactoryLoader() looking at "/usr/bin/gdk-pixbuf-csource"
"Failed to extract plugin meta data from '/usr/bin/gdk-pixbuf-csource'" 
         not a plugin
QFactoryLoader::QFactoryLoader() looking at "/usr/bin/gdk-pixbuf-pixdata"
"Failed to extract plugin meta data from '/usr/bin/gdk-pixbuf-pixdata'" 
         not a plugin
QFactoryLoader::QFactoryLoader() looking at "/usr/bin/gdk-pixbuf-thumbnailer"
"Failed to extract plugin meta data from '/usr/bin/gdk-pixbuf-thumbnailer'" 
         not a plugin
QFactoryLoader::QFactoryLoader() looking at "/usr/bin/gem"
QElfParser: '/usr/bin/gem' is not an ELF object
"'/usr/bin/gem' is not an ELF object" 
         not a plugin
QFactoryLoader::QFactoryLoader() looking at "/usr/bin/gem3.0"
QElfParser: '/usr/bin/gem3.0' is not an ELF object
"'/usr/bin/gem3.0' is not an ELF object" 
         not a plugin
QFactoryLoader::QFactoryLoader() looking at "/usr/bin/gemtopbm"
"Failed to extract plugin meta data from '/usr/bin/gemtopnm'" 
         not a plugin
QFactoryLoader::QFactoryLoader() looking at "/usr/bin/gemtopnm"
"Failed to extract plugin meta data from '/usr/bin/gemtopnm'" 
         not a plugin
QFactoryLoader::QFactoryLoader() looking at "/usr/bin/geod"
"Failed to extract plugin meta data from '/usr/bin/geod'" 
         not a plugin
QFactoryLoader::QFactoryLoader() looking at "/usr/bin/geqn"
"Failed to extract plugin meta data from '/usr/bin/eqn'" 
         not a plugin
QFactoryLoader::QFactoryLoader() looking at "/usr/bin/GET"
QElfParser: '/usr/bin/lwp-request' is not an ELF object
"'/usr/bin/lwp-request' is not an ELF object" 
         not a plugin
QFactoryLoader::QFactoryLoader() looking at "/usr/bin/getafm"
QElfParser: '/usr/bin/getafm' is not an ELF object
"'/usr/bin/getafm' is not an ELF object" 
         not a plugin
QFactoryLoader::QFactoryLoader() looking at "/usr/bin/getconf"
"Failed to extract plugin meta data from '/usr/bin/getconf'" 
         not a plugin
QFactoryLoader::QFactoryLoader() looking at "/usr/bin/getent"
"Failed to extract plugin meta data from '/usr/bin/getent'" 
         not a plugin
QFactoryLoader::QFactoryLoader() looking at "/usr/bin/getfacl"
"Failed to extract plugin meta data from '/usr/bin/getfacl'" 
         not a plugin
QFactoryLoader::QFactoryLoader() looking at "/usr/bin/getkeycodes"
"Failed to extract plugin meta data from '/usr/bin/getkeycodes'" 
         not a plugin
QFactoryLoader::QFactoryLoader() looking at "/usr/bin/getmapdl"
QElfParser: '/usr/share/texlive/texmf-dist/scripts/getmap/getmapdl.lua' is not an ELF object
"'/usr/share/texlive/texmf-dist/scripts/getmap/getmapdl.lua' is not an ELF object" 
         not a plugin
QFactoryLoader::QFactoryLoader() looking at "/usr/bin/getopt"
"Failed to extract plugin meta data from '/usr/bin/getopt'" 
         not a plugin
QFactoryLoader::QFactoryLoader() looking at "/usr/bin/gettext"
"Failed to extract plugin meta data from '/usr/bin/gettext'" 
         not a plugin
QFactoryLoader::QFactoryLoader() looking at "/usr/bin/gettext.sh"
QElfParser: '/usr/bin/gettext.sh' is not an ELF object
"'/usr/bin/gettext.sh' is not an ELF object" 
         not a plugin
QFactoryLoader::QFactoryLoader() looking at "/usr/bin/gettextize"
QElfParser: '/usr/bin/gettextize' is not an ELF object
"'/usr/bin/gettextize' is not an ELF object" 
         not a plugin
QFactoryLoader::QFactoryLoader() looking at "/usr/bin/gftodvi"
"Failed to extract plugin meta data from '/usr/bin/gftodvi'" 
         not a plugin
QFactoryLoader::QFactoryLoader() looking at "/usr/bin/gftopk"
"Failed to extract plugin meta data from '/usr/bin/gftopk'" 
         not a plugin
QFactoryLoader::QFactoryLoader() looking at "/usr/bin/gftype"
"Failed to extract plugin meta data from '/usr/bin/gftype'" 
         not a plugin
QFactoryLoader::QFactoryLoader() looking at "/usr/bin/ghostscript"
"Failed to extract plugin meta data from '/usr/bin/gs'" 
         not a plugin
QFactoryLoader::QFactoryLoader() looking at "/usr/bin/gie"
"Failed to extract plugin meta data from '/usr/bin/gie'" 
         not a plugin
QFactoryLoader::QFactoryLoader() looking at "/usr/bin/giftopnm"
"Failed to extract plugin meta data from '/usr/bin/giftopnm'" 
         not a plugin
QFactoryLoader::QFactoryLoader() looking at "/usr/bin/gigolo"
"Failed to extract plugin meta data from '/usr/bin/gigolo'" 
         not a plugin
QFactoryLoader::QFactoryLoader() looking at "/usr/bin/gimp"
"Failed to extract plugin meta data from '/usr/bin/gimp-2.10'" 
         not a plugin
QFactoryLoader::QFactoryLoader() looking at "/usr/bin/gimp-2.10"
"Failed to extract plugin meta data from '/usr/bin/gimp-2.10'" 
         not a plugin
QFactoryLoader::QFactoryLoader() looking at "/usr/bin/gimp-console"
"Failed to extract plugin meta data from '/usr/bin/gimp-console-2.10'" 
         not a plugin
QFactoryLoader::QFactoryLoader() looking at "/usr/bin/gimp-console-2.10"
"Failed to extract plugin meta data from '/usr/bin/gimp-console-2.10'" 
         not a plugin
QFactoryLoader::QFactoryLoader() looking at "/usr/bin/gimp-test-clipboard-2.0"
"Failed to extract plugin meta data from '/usr/bin/gimp-test-clipboard-2.0'" 
         not a plugin
QFactoryLoader::QFactoryLoader() looking at "/usr/bin/ginstall-info"
"Failed to extract plugin meta data from '/usr/bin/install-info'" 
         not a plugin
QFactoryLoader::QFactoryLoader() looking at "/usr/bin/gio"
"Failed to extract plugin meta data from '/usr/bin/gio'" 
         not a plugin
QFactoryLoader::QFactoryLoader() looking at "/usr/bin/gio-querymodules"
"Failed to extract plugin meta data from '/usr/lib/x86_64-linux-gnu/glib-2.0/gio-querymodules'" 
         not a plugin
QFactoryLoader::QFactoryLoader() looking at "/usr/bin/gipddecode"
"Failed to extract plugin meta data from '/usr/bin/gipddecode'" 
         not a plugin
QFactoryLoader::QFactoryLoader() looking at "/usr/bin/git"
"Failed to extract plugin meta data from '/usr/bin/git'" 
         not a plugin
QFactoryLoader::QFactoryLoader() looking at "/usr/bin/git-latexdiff"
QElfParser: '/usr/share/texlive/texmf-dist/scripts/git-latexdiff/git-latexdiff' is not an ELF object
"'/usr/share/texlive/texmf-dist/scripts/git-latexdiff/git-latexdiff' is not an ELF object" 
         not a plugin
QFactoryLoader::QFactoryLoader() looking at "/usr/bin/git-receive-pack"
"Failed to extract plugin meta data from '/usr/bin/git'" 
         not a plugin
QFactoryLoader::QFactoryLoader() looking at "/usr/bin/git-shell"
"Failed to extract plugin meta data from '/usr/bin/git-shell'" 
         not a plugin
QFactoryLoader::QFactoryLoader() looking at "/usr/bin/git-upload-archive"
"Failed to extract plugin meta data from '/usr/bin/git'" 
         not a plugin
QFactoryLoader::QFactoryLoader() looking at "/usr/bin/git-upload-pack"
"Failed to extract plugin meta data from '/usr/bin/git'" 
         not a plugin
QFactoryLoader::QFactoryLoader() looking at "/usr/bin/glib-compile-schemas"
"Failed to extract plugin meta data from '/usr/lib/x86_64-linux-gnu/glib-2.0/glib-compile-schemas'" 
         not a plugin
QFactoryLoader::QFactoryLoader() looking at "/usr/bin/glxdemo"
"Failed to extract plugin meta data from '/usr/bin/glxdemo.x86_64-linux-gnu'" 
         not a plugin
QFactoryLoader::QFactoryLoader() looking at "/usr/bin/glxdemo.x86_64-linux-gnu"
"Failed to extract plugin meta data from '/usr/bin/glxdemo.x86_64-linux-gnu'" 
         not a plugin
QFactoryLoader::QFactoryLoader() looking at "/usr/bin/glxgears"
"Failed to extract plugin meta data from '/usr/bin/glxgears.x86_64-linux-gnu'" 
         not a plugin
QFactoryLoader::QFactoryLoader() looking at "/usr/bin/glxgears.x86_64-linux-gnu"
"Failed to extract plugin meta data from '/usr/bin/glxgears.x86_64-linux-gnu'" 
         not a plugin
QFactoryLoader::QFactoryLoader() looking at "/usr/bin/glxheads"
"Failed to extract plugin meta data from '/usr/bin/glxheads.x86_64-linux-gnu'" 
         not a plugin
QFactoryLoader::QFactoryLoader() looking at "/usr/bin/glxheads.x86_64-linux-gnu"
"Failed to extract plugin meta data from '/usr/bin/glxheads.x86_64-linux-gnu'" 
         not a plugin
QFactoryLoader::QFactoryLoader() looking at "/usr/bin/glxinfo"
"Failed to extract plugin meta data from '/usr/bin/glxinfo.x86_64-linux-gnu'" 
         not a plugin
QFactoryLoader::QFactoryLoader() looking at "/usr/bin/glxinfo.x86_64-linux-gnu"
"Failed to extract plugin meta data from '/usr/bin/glxinfo.x86_64-linux-gnu'" 
         not a plugin
QFactoryLoader::QFactoryLoader() looking at "/usr/bin/gml2gv"
"Failed to extract plugin meta data from '/usr/bin/gml2gv'" 
         not a plugin
QFactoryLoader::QFactoryLoader() looking at "/usr/bin/gnome-disk-image-mounter"
"Failed to extract plugin meta data from '/usr/bin/gnome-disk-image-mounter'" 
         not a plugin
QFactoryLoader::QFactoryLoader() looking at "/usr/bin/gnome-disks"
"Failed to extract plugin meta data from '/usr/bin/gnome-disks'" 
         not a plugin
QFactoryLoader::QFactoryLoader() looking at "/usr/bin/gnome-help"
"Failed to extract plugin meta data from '/usr/bin/yelp'" 
         not a plugin
QFactoryLoader::QFactoryLoader() looking at "/usr/bin/gnome-keyring"
"Failed to extract plugin meta data from '/usr/bin/gnome-keyring-3'" 
         not a plugin
QFactoryLoader::QFactoryLoader() looking at "/usr/bin/gnome-keyring-3"
"Failed to extract plugin meta data from '/usr/bin/gnome-keyring-3'" 
         not a plugin
QFactoryLoader::QFactoryLoader() looking at "/usr/bin/gnome-keyring-daemon"
"Failed to extract plugin meta data from '/usr/bin/gnome-keyring-daemon'" 
         not a plugin
QFactoryLoader::QFactoryLoader() looking at "/usr/bin/gnome-language-selector"
QElfParser: '/usr/bin/gnome-language-selector' is not an ELF object
"'/usr/bin/gnome-language-selector' is not an ELF object" 
         not a plugin
QFactoryLoader::QFactoryLoader() looking at "/usr/bin/gnome-software"
"Failed to extract plugin meta data from '/usr/bin/gnome-software'" 
         not a plugin
QFactoryLoader::QFactoryLoader() looking at "/usr/bin/gnome-www-browser"
QElfParser: '/usr/bin/chromium-browser' is not an ELF object
"'/usr/bin/chromium-browser' is not an ELF object" 
         not a plugin
QFactoryLoader::QFactoryLoader() looking at "/usr/bin/gouldtoppm"
"Failed to extract plugin meta data from '/usr/bin/gouldtoppm'" 
         not a plugin
QFactoryLoader::QFactoryLoader() looking at "/usr/bin/gpasswd"
"Failed to extract plugin meta data from '/usr/bin/gpasswd'" 
         not a plugin
QFactoryLoader::QFactoryLoader() looking at "/usr/bin/gpg"
"Failed to extract plugin meta data from '/usr/bin/gpg'" 
         not a plugin
QFactoryLoader::QFactoryLoader() looking at "/usr/bin/gpg-agent"
"Failed to extract plugin meta data from '/usr/bin/gpg-agent'" 
         not a plugin
QFactoryLoader::QFactoryLoader() looking at "/usr/bin/gpg-connect-agent"
"Failed to extract plugin meta data from '/usr/bin/gpg-connect-agent'" 
         not a plugin
QFactoryLoader::QFactoryLoader() looking at "/usr/bin/gpg-wks-server"
"Failed to extract plugin meta data from '/usr/bin/gpg-wks-server'" 
         not a plugin
QFactoryLoader::QFactoryLoader() looking at "/usr/bin/gpg-zip"
QElfParser: '/usr/bin/gpg-zip' is not an ELF object
"'/usr/bin/gpg-zip' is not an ELF object" 
         not a plugin
QFactoryLoader::QFactoryLoader() looking at "/usr/bin/gpgcompose"
"Failed to extract plugin meta data from '/usr/bin/gpgcompose'" 
         not a plugin
QFactoryLoader::QFactoryLoader() looking at "/usr/bin/gpgconf"
"Failed to extract plugin meta data from '/usr/bin/gpgconf'" 
         not a plugin
QFactoryLoader::QFactoryLoader() looking at "/usr/bin/gpgparsemail"
"Failed to extract plugin meta data from '/usr/bin/gpgparsemail'" 
         not a plugin
QFactoryLoader::QFactoryLoader() looking at "/usr/bin/gpgsm"
"Failed to extract plugin meta data from '/usr/bin/gpgsm'" 
         not a plugin
QFactoryLoader::QFactoryLoader() looking at "/usr/bin/gpgsplit"
"Failed to extract plugin meta data from '/usr/bin/gpgsplit'" 
         not a plugin
QFactoryLoader::QFactoryLoader() looking at "/usr/bin/gpgtar"
"Failed to extract plugin meta data from '/usr/bin/gpgtar'" 
         not a plugin
QFactoryLoader::QFactoryLoader() looking at "/usr/bin/gpgv"
"Failed to extract plugin meta data from '/usr/bin/gpgv'" 
         not a plugin
QFactoryLoader::QFactoryLoader() looking at "/usr/bin/gpic"
"Failed to extract plugin meta data from '/usr/bin/pic'" 
         not a plugin
QFactoryLoader::QFactoryLoader() looking at "/usr/bin/gpu-manager"
"Failed to extract plugin meta data from '/usr/bin/gpu-manager'" 
         not a plugin
QFactoryLoader::QFactoryLoader() looking at "/usr/bin/graphml2gv"
"Failed to extract plugin meta data from '/usr/bin/graphml2gv'" 
         not a plugin
QFactoryLoader::QFactoryLoader() looking at "/usr/bin/gregorio"
"Failed to extract plugin meta data from '/usr/bin/gregorio'" 
         not a plugin
QFactoryLoader::QFactoryLoader() looking at "/usr/bin/grep"
"Failed to extract plugin meta data from '/usr/bin/grep'" 
         not a plugin
QFactoryLoader::QFactoryLoader() looking at "/usr/bin/gresource"
"Failed to extract plugin meta data from '/usr/bin/gresource'" 
         not a plugin
QFactoryLoader::QFactoryLoader() looking at "/usr/bin/groff"
"Failed to extract plugin meta data from '/usr/bin/groff'" 
         not a plugin
QFactoryLoader::QFactoryLoader() looking at "/usr/bin/grog"
QElfParser: '/usr/bin/grog' is not an ELF object
"'/usr/bin/grog' is not an ELF object" 
         not a plugin
QFactoryLoader::QFactoryLoader() looking at "/usr/bin/grops"
"Failed to extract plugin meta data from '/usr/bin/grops'" 
         not a plugin
QFactoryLoader::QFactoryLoader() looking at "/usr/bin/grotty"
"Failed to extract plugin meta data from '/usr/bin/grotty'" 
         not a plugin
QFactoryLoader::QFactoryLoader() looking at "/usr/bin/groups"
"Failed to extract plugin meta data from '/usr/bin/groups'" 
         not a plugin
QFactoryLoader::QFactoryLoader() looking at "/usr/bin/grub-editenv"
"Failed to extract plugin meta data from '/usr/bin/grub-editenv'" 
         not a plugin
QFactoryLoader::QFactoryLoader() looking at "/usr/bin/grub-file"
"Failed to extract plugin meta data from '/usr/bin/grub-file'" 
         not a plugin
QFactoryLoader::QFactoryLoader() looking at "/usr/bin/grub-fstest"
"Failed to extract plugin meta data from '/usr/bin/grub-fstest'" 
         not a plugin
QFactoryLoader::QFactoryLoader() looking at "/usr/bin/grub-glue-efi"
"Failed to extract plugin meta data from '/usr/bin/grub-glue-efi'" 
         not a plugin
QFactoryLoader::QFactoryLoader() looking at "/usr/bin/grub-kbdcomp"
QElfParser: '/usr/bin/grub-kbdcomp' is not an ELF object
"'/usr/bin/grub-kbdcomp' is not an ELF object" 
         not a plugin
QFactoryLoader::QFactoryLoader() looking at "/usr/bin/grub-menulst2cfg"
"Failed to extract plugin meta data from '/usr/bin/grub-menulst2cfg'" 
         not a plugin
QFactoryLoader::QFactoryLoader() looking at "/usr/bin/grub-mkfont"
"Failed to extract plugin meta data from '/usr/bin/grub-mkfont'" 
         not a plugin
QFactoryLoader::QFactoryLoader() looking at "/usr/bin/grub-mkimage"
"Failed to extract plugin meta data from '/usr/bin/grub-mkimage'" 
         not a plugin
QFactoryLoader::QFactoryLoader() looking at "/usr/bin/grub-mklayout"
"Failed to extract plugin meta data from '/usr/bin/grub-mklayout'" 
         not a plugin
QFactoryLoader::QFactoryLoader() looking at "/usr/bin/grub-mknetdir"
"Failed to extract plugin meta data from '/usr/bin/grub-mknetdir'" 
         not a plugin
QFactoryLoader::QFactoryLoader() looking at "/usr/bin/grub-mkpasswd-pbkdf2"
"Failed to extract plugin meta data from '/usr/bin/grub-mkpasswd-pbkdf2'" 
         not a plugin
QFactoryLoader::QFactoryLoader() looking at "/usr/bin/grub-mkrelpath"
"Failed to extract plugin meta data from '/usr/bin/grub-mkrelpath'" 
         not a plugin
QFactoryLoader::QFactoryLoader() looking at "/usr/bin/grub-mkrescue"
"Failed to extract plugin meta data from '/usr/bin/grub-mkrescue'" 
         not a plugin
QFactoryLoader::QFactoryLoader() looking at "/usr/bin/grub-mkstandalone"
"Failed to extract plugin meta data from '/usr/bin/grub-mkstandalone'" 
         not a plugin
QFactoryLoader::QFactoryLoader() looking at "/usr/bin/grub-mount"
"Failed to extract plugin meta data from '/usr/bin/grub-mount'" 
         not a plugin
QFactoryLoader::QFactoryLoader() looking at "/usr/bin/grub-ntldr-img"
"Failed to extract plugin meta data from '/usr/lib/grub/i386-pc/grub-ntldr-img'" 
         not a plugin
QFactoryLoader::QFactoryLoader() looking at "/usr/bin/grub-render-label"
"Failed to extract plugin meta data from '/usr/bin/grub-render-label'" 
         not a plugin
QFactoryLoader::QFactoryLoader() looking at "/usr/bin/grub-script-check"
"Failed to extract plugin meta data from '/usr/bin/grub-script-check'" 
         not a plugin
QFactoryLoader::QFactoryLoader() looking at "/usr/bin/grub-syslinux2cfg"
"Failed to extract plugin meta data from '/usr/bin/grub-syslinux2cfg'" 
         not a plugin
QFactoryLoader::QFactoryLoader() looking at "/usr/bin/gs"
"Failed to extract plugin meta data from '/usr/bin/gs'" 
         not a plugin
QFactoryLoader::QFactoryLoader() looking at "/usr/bin/gsbj"
QElfParser: '/usr/bin/gsbj' is not an ELF object
"'/usr/bin/gsbj' is not an ELF object" 
         not a plugin
QFactoryLoader::QFactoryLoader() looking at "/usr/bin/gsdj"
QElfParser: '/usr/bin/gsdj' is not an ELF object
"'/usr/bin/gsdj' is not an ELF object" 
         not a plugin
QFactoryLoader::QFactoryLoader() looking at "/usr/bin/gsdj500"
QElfParser: '/usr/bin/gsdj500' is not an ELF object
"'/usr/bin/gsdj500' is not an ELF object" 
         not a plugin
QFactoryLoader::QFactoryLoader() looking at "/usr/bin/gsettings"
"Failed to extract plugin meta data from '/usr/bin/gsettings'" 
         not a plugin
QFactoryLoader::QFactoryLoader() looking at "/usr/bin/gsftopk"
"Failed to extract plugin meta data from '/usr/bin/gsftopk'" 
         not a plugin
QFactoryLoader::QFactoryLoader() looking at "/usr/bin/gslj"
QElfParser: '/usr/bin/gslj' is not an ELF object
"'/usr/bin/gslj' is not an ELF object" 
         not a plugin
QFactoryLoader::QFactoryLoader() looking at "/usr/bin/gslp"
QElfParser: '/usr/bin/gslp' is not an ELF object
"'/usr/bin/gslp' is not an ELF object" 
         not a plugin
QFactoryLoader::QFactoryLoader() looking at "/usr/bin/gsnd"
QElfParser: '/usr/bin/gsnd' is not an ELF object
"'/usr/bin/gsnd' is not an ELF object" 
         not a plugin
QFactoryLoader::QFactoryLoader() looking at "/usr/bin/gst-inspect-1.0"
"Failed to extract plugin meta data from '/usr/bin/gst-inspect-1.0'" 
         not a plugin
QFactoryLoader::QFactoryLoader() looking at "/usr/bin/gst-launch-1.0"
"Failed to extract plugin meta data from '/usr/bin/gst-launch-1.0'" 
         not a plugin
QFactoryLoader::QFactoryLoader() looking at "/usr/bin/gst-stats-1.0"
"Failed to extract plugin meta data from '/usr/bin/gst-stats-1.0'" 
         not a plugin
QFactoryLoader::QFactoryLoader() looking at "/usr/bin/gst-tester-1.0"
"Failed to extract plugin meta data from '/usr/bin/gst-tester-1.0'" 
         not a plugin
QFactoryLoader::QFactoryLoader() looking at "/usr/bin/gst-typefind-1.0"
"Failed to extract plugin meta data from '/usr/bin/gst-typefind-1.0'" 
         not a plugin
QFactoryLoader::QFactoryLoader() looking at "/usr/bin/gtbl"
"Failed to extract plugin meta data from '/usr/bin/tbl'" 
         not a plugin
QFactoryLoader::QFactoryLoader() looking at "/usr/bin/gtf"
"Failed to extract plugin meta data from '/usr/bin/gtf'" 
         not a plugin
QFactoryLoader::QFactoryLoader() looking at "/usr/bin/gtk-builder-tool"
"Failed to extract plugin meta data from '/usr/bin/gtk-builder-tool'" 
         not a plugin
QFactoryLoader::QFactoryLoader() looking at "/usr/bin/gtk-encode-symbolic-svg"
"Failed to extract plugin meta data from '/usr/bin/gtk-encode-symbolic-svg'" 
         not a plugin
QFactoryLoader::QFactoryLoader() looking at "/usr/bin/gtk-launch"
"Failed to extract plugin meta data from '/usr/bin/gtk-launch'" 
         not a plugin
QFactoryLoader::QFactoryLoader() looking at "/usr/bin/gtk-query-settings"
"Failed to extract plugin meta data from '/usr/bin/gtk-query-settings'" 
         not a plugin
QFactoryLoader::QFactoryLoader() looking at "/usr/bin/gtk-update-icon-cache"
"Failed to extract plugin meta data from '/usr/bin/gtk-update-icon-cache'" 
         not a plugin
QFactoryLoader::QFactoryLoader() looking at "/usr/bin/gtk4-builder-tool"
"Failed to extract plugin meta data from '/usr/bin/gtk4-builder-tool'" 
         not a plugin
QFactoryLoader::QFactoryLoader() looking at "/usr/bin/gtk4-encode-symbolic-svg"
"Failed to extract plugin meta data from '/usr/bin/gtk4-encode-symbolic-svg'" 
         not a plugin
QFactoryLoader::QFactoryLoader() looking at "/usr/bin/gtk4-launch"
"Failed to extract plugin meta data from '/usr/bin/gtk4-launch'" 
         not a plugin
QFactoryLoader::QFactoryLoader() looking at "/usr/bin/gtk4-query-settings"
"Failed to extract plugin meta data from '/usr/bin/gtk4-query-settings'" 
         not a plugin
QFactoryLoader::QFactoryLoader() looking at "/usr/bin/gtk4-update-icon-cache"
"Failed to extract plugin meta data from '/usr/bin/gtk4-update-icon-cache'" 
         not a plugin
QFactoryLoader::QFactoryLoader() looking at "/usr/bin/gts-config"
QElfParser: '/usr/bin/gts-config' is not an ELF object
"'/usr/bin/gts-config' is not an ELF object" 
         not a plugin
QFactoryLoader::QFactoryLoader() looking at "/usr/bin/gts2dxf"
"Failed to extract plugin meta data from '/usr/bin/gts2dxf'" 
         not a plugin
QFactoryLoader::QFactoryLoader() looking at "/usr/bin/gts2oogl"
"Failed to extract plugin meta data from '/usr/bin/gts2oogl'" 
         not a plugin
QFactoryLoader::QFactoryLoader() looking at "/usr/bin/gts2stl"
"Failed to extract plugin meta data from '/usr/bin/gts2stl'" 
         not a plugin
QFactoryLoader::QFactoryLoader() looking at "/usr/bin/gts2xyz"
"Failed to extract plugin meta data from '/usr/bin/gts2xyz'" 
         not a plugin
QFactoryLoader::QFactoryLoader() looking at "/usr/bin/gtscheck"
"Failed to extract plugin meta data from '/usr/bin/gtscheck'" 
         not a plugin
QFactoryLoader::QFactoryLoader() looking at "/usr/bin/gtscompare"
"Failed to extract plugin meta data from '/usr/bin/gtscompare'" 
         not a plugin
QFactoryLoader::QFactoryLoader() looking at "/usr/bin/gtstemplate"
QElfParser: '/usr/bin/gtstemplate' is not an ELF object
"'/usr/bin/gtstemplate' is not an ELF object" 
         not a plugin
QFactoryLoader::QFactoryLoader() looking at "/usr/bin/gucharmap"
"Failed to extract plugin meta data from '/usr/bin/gucharmap'" 
         not a plugin
QFactoryLoader::QFactoryLoader() looking at "/usr/bin/gunzip"
QElfParser: '/usr/bin/gunzip' is not an ELF object
"'/usr/bin/gunzip' is not an ELF object" 
         not a plugin
QFactoryLoader::QFactoryLoader() looking at "/usr/bin/gv2gml"
"Failed to extract plugin meta data from '/usr/bin/gv2gml'" 
         not a plugin
QFactoryLoader::QFactoryLoader() looking at "/usr/bin/gv2gxl"
"Failed to extract plugin meta data from '/usr/bin/gxl2gv'" 
         not a plugin
QFactoryLoader::QFactoryLoader() looking at "/usr/bin/gvcolor"
"Failed to extract plugin meta data from '/usr/bin/gvcolor'" 
         not a plugin
QFactoryLoader::QFactoryLoader() looking at "/usr/bin/gvgen"
"Failed to extract plugin meta data from '/usr/bin/gvgen'" 
         not a plugin
QFactoryLoader::QFactoryLoader() looking at "/usr/bin/gvmap"
"Failed to extract plugin meta data from '/usr/bin/gvmap'" 
         not a plugin
QFactoryLoader::QFactoryLoader() looking at "/usr/bin/gvmap.sh"
QElfParser: '/usr/bin/gvmap.sh' is not an ELF object
"'/usr/bin/gvmap.sh' is not an ELF object" 
         not a plugin
QFactoryLoader::QFactoryLoader() looking at "/usr/bin/gvpack"
"Failed to extract plugin meta data from '/usr/bin/gvpack'" 
         not a plugin
QFactoryLoader::QFactoryLoader() looking at "/usr/bin/gvpr"
"Failed to extract plugin meta data from '/usr/bin/gvpr'" 
         not a plugin
QFactoryLoader::QFactoryLoader() looking at "/usr/bin/gxl2dot"
"Failed to extract plugin meta data from '/usr/bin/gxl2gv'" 
         not a plugin
QFactoryLoader::QFactoryLoader() looking at "/usr/bin/gxl2gv"
"Failed to extract plugin meta data from '/usr/bin/gxl2gv'" 
         not a plugin
QFactoryLoader::QFactoryLoader() looking at "/usr/bin/gzexe"
QElfParser: '/usr/bin/gzexe' is not an ELF object
"'/usr/bin/gzexe' is not an ELF object" 
         not a plugin
QFactoryLoader::QFactoryLoader() looking at "/usr/bin/gzip"
"Failed to extract plugin meta data from '/usr/bin/gzip'" 
         not a plugin
QFactoryLoader::QFactoryLoader() looking at "/usr/bin/h2ph"
QElfParser: '/usr/bin/h2ph' is not an ELF object
"'/usr/bin/h2ph' is not an ELF object" 
         not a plugin
QFactoryLoader::QFactoryLoader() looking at "/usr/bin/h2xs"
QElfParser: '/usr/bin/h2xs' is not an ELF object
"'/usr/bin/h2xs' is not an ELF object" 
         not a plugin
QFactoryLoader::QFactoryLoader() looking at "/usr/bin/hardlink"
"Failed to extract plugin meta data from '/usr/bin/hardlink'" 
         not a plugin
QFactoryLoader::QFactoryLoader() looking at "/usr/bin/hbf2gf"
"Failed to extract plugin meta data from '/usr/bin/hbf2gf'" 
         not a plugin
QFactoryLoader::QFactoryLoader() looking at "/usr/bin/hbpldecode"
"Failed to extract plugin meta data from '/usr/bin/hbpldecode'" 
         not a plugin
QFactoryLoader::QFactoryLoader() looking at "/usr/bin/hciattach"
"Failed to extract plugin meta data from '/usr/bin/hciattach'" 
         not a plugin
QFactoryLoader::QFactoryLoader() looking at "/usr/bin/hciconfig"
"Failed to extract plugin meta data from '/usr/bin/hciconfig'" 
         not a plugin
QFactoryLoader::QFactoryLoader() looking at "/usr/bin/hcitool"
"Failed to extract plugin meta data from '/usr/bin/hcitool'" 
         not a plugin
QFactoryLoader::QFactoryLoader() looking at "/usr/bin/hd"
"Failed to extract plugin meta data from '/usr/bin/hexdump'" 
         not a plugin
QFactoryLoader::QFactoryLoader() looking at "/usr/bin/head"
"Failed to extract plugin meta data from '/usr/bin/head'" 
         not a plugin
QFactoryLoader::QFactoryLoader() looking at "/usr/bin/HEAD"
QElfParser: '/usr/bin/lwp-request' is not an ELF object
"'/usr/bin/lwp-request' is not an ELF object" 
         not a plugin
QFactoryLoader::QFactoryLoader() looking at "/usr/bin/helpztags"
QElfParser: '/usr/bin/helpztags' is not an ELF object
"'/usr/bin/helpztags' is not an ELF object" 
         not a plugin
QFactoryLoader::QFactoryLoader() looking at "/usr/bin/hex2hcd"
"Failed to extract plugin meta data from '/usr/bin/hex2hcd'" 
         not a plugin
QFactoryLoader::QFactoryLoader() looking at "/usr/bin/hexchat"
"Failed to extract plugin meta data from '/usr/bin/hexchat'" 
         not a plugin
QFactoryLoader::QFactoryLoader() looking at "/usr/bin/hexdump"
"Failed to extract plugin meta data from '/usr/bin/hexdump'" 
         not a plugin
QFactoryLoader::QFactoryLoader() looking at "/usr/bin/hipercdecode"
"Failed to extract plugin meta data from '/usr/bin/hipercdecode'" 
         not a plugin
QFactoryLoader::QFactoryLoader() looking at "/usr/bin/hipstopgm"
"Failed to extract plugin meta data from '/usr/bin/hipstopgm'" 
         not a plugin
QFactoryLoader::QFactoryLoader() looking at "/usr/bin/host"
"Failed to extract plugin meta data from '/usr/bin/host'" 
         not a plugin
QFactoryLoader::QFactoryLoader() looking at "/usr/bin/hostid"
"Failed to extract plugin meta data from '/usr/bin/hostid'" 
         not a plugin
QFactoryLoader::QFactoryLoader() looking at "/usr/bin/hostname"
"Failed to extract plugin meta data from '/usr/bin/hostname'" 
         not a plugin
QFactoryLoader::QFactoryLoader() looking at "/usr/bin/hostnamectl"
"Failed to extract plugin meta data from '/usr/bin/hostnamectl'" 
         not a plugin
QFactoryLoader::QFactoryLoader() looking at "/usr/bin/hp-align"
QElfParser: '/usr/share/hplip/align.py' is not an ELF object
"'/usr/share/hplip/align.py' is not an ELF object" 
         not a plugin
QFactoryLoader::QFactoryLoader() looking at "/usr/bin/hp-check"
QElfParser: '/usr/share/hplip/check.py' is not an ELF object
"'/usr/share/hplip/check.py' is not an ELF object" 
         not a plugin
QFactoryLoader::QFactoryLoader() looking at "/usr/bin/hp-clean"
QElfParser: '/usr/share/hplip/clean.py' is not an ELF object
"'/usr/share/hplip/clean.py' is not an ELF object" 
         not a plugin
QFactoryLoader::QFactoryLoader() looking at "/usr/bin/hp-colorcal"
QElfParser: '/usr/share/hplip/colorcal.py' is not an ELF object
"'/usr/share/hplip/colorcal.py' is not an ELF object" 
         not a plugin
QFactoryLoader::QFactoryLoader() looking at "/usr/bin/hp-config_usb_printer"
QElfParser: '/usr/share/hplip/config_usb_printer.py' is not an ELF object
"'/usr/share/hplip/config_usb_printer.py' is not an ELF object" 
         not a plugin
QFactoryLoader::QFactoryLoader() looking at "/usr/bin/hp-doctor"
QElfParser: '/usr/share/hplip/doctor.py' is not an ELF object
"'/usr/share/hplip/doctor.py' is not an ELF object" 
         not a plugin
QFactoryLoader::QFactoryLoader() looking at "/usr/bin/hp-firmware"
QElfParser: '/usr/share/hplip/firmware.py' is not an ELF object
"'/usr/share/hplip/firmware.py' is not an ELF object" 
         not a plugin
QFactoryLoader::QFactoryLoader() looking at "/usr/bin/hp-info"
QElfParser: '/usr/share/hplip/info.py' is not an ELF object
"'/usr/share/hplip/info.py' is not an ELF object" 
         not a plugin
QFactoryLoader::QFactoryLoader() looking at "/usr/bin/hp-levels"
QElfParser: '/usr/share/hplip/levels.py' is not an ELF object
"'/usr/share/hplip/levels.py' is not an ELF object" 
         not a plugin
QFactoryLoader::QFactoryLoader() looking at "/usr/bin/hp-logcapture"
QElfParser: '/usr/share/hplip/logcapture.py' is not an ELF object
"'/usr/share/hplip/logcapture.py' is not an ELF object" 
         not a plugin
QFactoryLoader::QFactoryLoader() looking at "/usr/bin/hp-makeuri"
QElfParser: '/usr/share/hplip/makeuri.py' is not an ELF object
"'/usr/share/hplip/makeuri.py' is not an ELF object" 
         not a plugin
QFactoryLoader::QFactoryLoader() looking at "/usr/bin/hp-pkservice"
QElfParser: '/usr/share/hplip/pkservice.py' is not an ELF object
"'/usr/share/hplip/pkservice.py' is not an ELF object" 
         not a plugin
QFactoryLoader::QFactoryLoader() looking at "/usr/bin/hp-plugin"
QElfParser: '/usr/share/hplip/plugin.py' is not an ELF object
"'/usr/share/hplip/plugin.py' is not an ELF object" 
         not a plugin
QFactoryLoader::QFactoryLoader() looking at "/usr/bin/hp-plugin-ubuntu"
QElfParser: '/usr/bin/hp-plugin-ubuntu' is not an ELF object
"'/usr/bin/hp-plugin-ubuntu' is not an ELF object" 
         not a plugin
QFactoryLoader::QFactoryLoader() looking at "/usr/bin/hp-probe"
QElfParser: '/usr/share/hplip/probe.py' is not an ELF object
"'/usr/share/hplip/probe.py' is not an ELF object" 
         not a plugin
QFactoryLoader::QFactoryLoader() looking at "/usr/bin/hp-query"
QElfParser: '/usr/share/hplip/query.py' is not an ELF object
"'/usr/share/hplip/query.py' is not an ELF object" 
         not a plugin
QFactoryLoader::QFactoryLoader() looking at "/usr/bin/hp-scan"
QElfParser: '/usr/share/hplip/scan.py' is not an ELF object
"'/usr/share/hplip/scan.py' is not an ELF object" 
         not a plugin
QFactoryLoader::QFactoryLoader() looking at "/usr/bin/hp-setup"
QElfParser: '/usr/share/hplip/setup.py' is not an ELF object
"'/usr/share/hplip/setup.py' is not an ELF object" 
         not a plugin
QFactoryLoader::QFactoryLoader() looking at "/usr/bin/hp-testpage"
QElfParser: '/usr/share/hplip/testpage.py' is not an ELF object
"'/usr/share/hplip/testpage.py' is not an ELF object" 
         not a plugin
QFactoryLoader::QFactoryLoader() looking at "/usr/bin/hp-timedate"
QElfParser: '/usr/share/hplip/timedate.py' is not an ELF object
"'/usr/share/hplip/timedate.py' is not an ELF object" 
         not a plugin
QFactoryLoader::QFactoryLoader() looking at "/usr/bin/ht"
QElfParser: '/usr/share/texlive/texmf-dist/scripts/tex4ht/ht.sh' is not an ELF object
"'/usr/share/texlive/texmf-dist/scripts/tex4ht/ht.sh' is not an ELF object" 
         not a plugin
QFactoryLoader::QFactoryLoader() looking at "/usr/bin/htcontext"
QElfParser: '/usr/share/texlive/texmf-dist/scripts/tex4ht/htcontext.sh' is not an ELF object
"'/usr/share/texlive/texmf-dist/scripts/tex4ht/htcontext.sh' is not an ELF object" 
         not a plugin
QFactoryLoader::QFactoryLoader() looking at "/usr/bin/htlatex"
QElfParser: '/usr/share/texlive/texmf-dist/scripts/tex4ht/htlatex.sh' is not an ELF object
"'/usr/share/texlive/texmf-dist/scripts/tex4ht/htlatex.sh' is not an ELF object" 
         not a plugin
QFactoryLoader::QFactoryLoader() looking at "/usr/bin/htmex"
QElfParser: '/usr/share/texlive/texmf-dist/scripts/tex4ht/htmex.sh' is not an ELF object
"'/usr/share/texlive/texmf-dist/scripts/tex4ht/htmex.sh' is not an ELF object" 
         not a plugin
QFactoryLoader::QFactoryLoader() looking at "/usr/bin/httex"
QElfParser: '/usr/share/texlive/texmf-dist/scripts/tex4ht/httex.sh' is not an ELF object
"'/usr/share/texlive/texmf-dist/scripts/tex4ht/httex.sh' is not an ELF object" 
         not a plugin
QFactoryLoader::QFactoryLoader() looking at "/usr/bin/httexi"
QElfParser: '/usr/share/texlive/texmf-dist/scripts/tex4ht/httexi.sh' is not an ELF object
"'/usr/share/texlive/texmf-dist/scripts/tex4ht/httexi.sh' is not an ELF object" 
         not a plugin
QFactoryLoader::QFactoryLoader() looking at "/usr/bin/httpserv"
"Failed to extract plugin meta data from '/usr/bin/httpserv'" 
         not a plugin
QFactoryLoader::QFactoryLoader() looking at "/usr/bin/htxelatex"
QElfParser: '/usr/share/texlive/texmf-dist/scripts/tex4ht/htxelatex.sh' is not an ELF object
"'/usr/share/texlive/texmf-dist/scripts/tex4ht/htxelatex.sh' is not an ELF object" 
         not a plugin
QFactoryLoader::QFactoryLoader() looking at "/usr/bin/htxetex"
QElfParser: '/usr/share/texlive/texmf-dist/scripts/tex4ht/htxetex.sh' is not an ELF object
"'/usr/share/texlive/texmf-dist/scripts/tex4ht/htxetex.sh' is not an ELF object" 
         not a plugin
QFactoryLoader::QFactoryLoader() looking at "/usr/bin/hwe-support-status"
QElfParser: '/usr/bin/hwe-support-status' is not an ELF object
"'/usr/bin/hwe-support-status' is not an ELF object" 
         not a plugin
QFactoryLoader::QFactoryLoader() looking at "/usr/bin/i386"
"Failed to extract plugin meta data from '/usr/bin/setarch'" 
         not a plugin
QFactoryLoader::QFactoryLoader() looking at "/usr/bin/iceauth"
"Failed to extract plugin meta data from '/usr/bin/iceauth'" 
         not a plugin
QFactoryLoader::QFactoryLoader() looking at "/usr/bin/ico"
"Failed to extract plugin meta data from '/usr/bin/ico'" 
         not a plugin
QFactoryLoader::QFactoryLoader() looking at "/usr/bin/icontopbm"
"Failed to extract plugin meta data from '/usr/bin/icontopbm'" 
         not a plugin
QFactoryLoader::QFactoryLoader() looking at "/usr/bin/iconv"
"Failed to extract plugin meta data from '/usr/bin/iconv'" 
         not a plugin
QFactoryLoader::QFactoryLoader() looking at "/usr/bin/id"
"Failed to extract plugin meta data from '/usr/bin/id'" 
         not a plugin
QFactoryLoader::QFactoryLoader() looking at "/usr/bin/identify"
"Failed to extract plugin meta data from '/usr/bin/identify-im6.q16'" 
         not a plugin
QFactoryLoader::QFactoryLoader() looking at "/usr/bin/identify-im6"
"Failed to extract plugin meta data from '/usr/bin/identify-im6.q16'" 
         not a plugin
QFactoryLoader::QFactoryLoader() looking at "/usr/bin/identify-im6.q16"
"Failed to extract plugin meta data from '/usr/bin/identify-im6.q16'" 
         not a plugin
QFactoryLoader::QFactoryLoader() looking at "/usr/bin/iecset"
"Failed to extract plugin meta data from '/usr/bin/iecset'" 
         not a plugin
QFactoryLoader::QFactoryLoader() looking at "/usr/bin/ijs_pxljr"
"Failed to extract plugin meta data from '/usr/bin/ijs_pxljr'" 
         not a plugin
QFactoryLoader::QFactoryLoader() looking at "/usr/bin/ilbmtoppm"
"Failed to extract plugin meta data from '/usr/bin/ilbmtoppm'" 
         not a plugin
QFactoryLoader::QFactoryLoader() looking at "/usr/bin/im-config"
QElfParser: '/usr/bin/im-config' is not an ELF object
"'/usr/bin/im-config' is not an ELF object" 
         not a plugin
QFactoryLoader::QFactoryLoader() looking at "/usr/bin/im-launch"
QElfParser: '/usr/bin/im-launch' is not an ELF object
"'/usr/bin/im-launch' is not an ELF object" 
         not a plugin
QFactoryLoader::QFactoryLoader() looking at "/usr/bin/imagetops"
QElfParser: '/usr/bin/imagetops' is not an ELF object
"'/usr/bin/imagetops' is not an ELF object" 
         not a plugin
QFactoryLoader::QFactoryLoader() looking at "/usr/bin/imgtoppm"
"Failed to extract plugin meta data from '/usr/bin/imgtoppm'" 
         not a plugin
QFactoryLoader::QFactoryLoader() looking at "/usr/bin/import"
"Failed to extract plugin meta data from '/usr/bin/import-im6.q16'" 
         not a plugin
QFactoryLoader::QFactoryLoader() looking at "/usr/bin/import-im6"
"Failed to extract plugin meta data from '/usr/bin/import-im6.q16'" 
         not a plugin
QFactoryLoader::QFactoryLoader() looking at "/usr/bin/import-im6.q16"
"Failed to extract plugin meta data from '/usr/bin/import-im6.q16'" 
         not a plugin
QFactoryLoader::QFactoryLoader() looking at "/usr/bin/includeres"
QElfParser: '/usr/bin/includeres' is not an ELF object
"'/usr/bin/includeres' is not an ELF object" 
         not a plugin
QFactoryLoader::QFactoryLoader() looking at "/usr/bin/info"
"Failed to extract plugin meta data from '/usr/bin/info'" 
         not a plugin
QFactoryLoader::QFactoryLoader() looking at "/usr/bin/infobrowser"
"Failed to extract plugin meta data from '/usr/bin/info'" 
         not a plugin
QFactoryLoader::QFactoryLoader() looking at "/usr/bin/infocmp"
"Failed to extract plugin meta data from '/usr/bin/infocmp'" 
         not a plugin
QFactoryLoader::QFactoryLoader() looking at "/usr/bin/infotocap"
"Failed to extract plugin meta data from '/usr/bin/tic'" 
         not a plugin
QFactoryLoader::QFactoryLoader() looking at "/usr/bin/inimf"
"Failed to extract plugin meta data from '/usr/bin/mf'" 
         not a plugin
QFactoryLoader::QFactoryLoader() looking at "/usr/bin/initex"
"Failed to extract plugin meta data from '/usr/bin/tex'" 
         not a plugin
QFactoryLoader::QFactoryLoader() looking at "/usr/bin/inputattach"
"Failed to extract plugin meta data from '/usr/bin/inputattach'" 
         not a plugin
QFactoryLoader::QFactoryLoader() looking at "/usr/bin/install"
"Failed to extract plugin meta data from '/usr/bin/install'" 
         not a plugin
QFactoryLoader::QFactoryLoader() looking at "/usr/bin/install-info"
"Failed to extract plugin meta data from '/usr/bin/install-info'" 
         not a plugin
QFactoryLoader::QFactoryLoader() looking at "/usr/bin/install-printerdriver"
QElfParser: '/usr/bin/install-printerdriver' is not an ELF object
"'/usr/bin/install-printerdriver' is not an ELF object" 
         not a plugin
QFactoryLoader::QFactoryLoader() looking at "/usr/bin/installfont-tl"
QElfParser: '/usr/share/texlive/texmf-dist/scripts/installfont/installfont-tl' is not an ELF object
"'/usr/share/texlive/texmf-dist/scripts/installfont/installfont-tl' is not an ELF object" 
         not a plugin
QFactoryLoader::QFactoryLoader() looking at "/usr/bin/instmodsh"
QElfParser: '/usr/bin/instmodsh' is not an ELF object
"'/usr/bin/instmodsh' is not an ELF object" 
         not a plugin
QFactoryLoader::QFactoryLoader() looking at "/usr/bin/intel-virtual-output"
"Failed to extract plugin meta data from '/usr/bin/intel-virtual-output'" 
         not a plugin
QFactoryLoader::QFactoryLoader() looking at "/usr/bin/invgeod"
"Failed to extract plugin meta data from '/usr/bin/geod'" 
         not a plugin
QFactoryLoader::QFactoryLoader() looking at "/usr/bin/invproj"
"Failed to extract plugin meta data from '/usr/bin/proj'" 
         not a plugin
QFactoryLoader::QFactoryLoader() looking at "/usr/bin/inxi"
QElfParser: '/usr/bin/inxi' is not an ELF object
"'/usr/bin/inxi' is not an ELF object" 
         not a plugin
QFactoryLoader::QFactoryLoader() looking at "/usr/bin/ionice"
"Failed to extract plugin meta data from '/usr/bin/ionice'" 
         not a plugin
QFactoryLoader::QFactoryLoader() looking at "/usr/bin/ip"
"Failed to extract plugin meta data from '/usr/bin/ip'" 
         not a plugin
QFactoryLoader::QFactoryLoader() looking at "/usr/bin/ipcmk"
"Failed to extract plugin meta data from '/usr/bin/ipcmk'" 
         not a plugin
QFactoryLoader::QFactoryLoader() looking at "/usr/bin/ipcrm"
"Failed to extract plugin meta data from '/usr/bin/ipcrm'" 
         not a plugin
QFactoryLoader::QFactoryLoader() looking at "/usr/bin/ipcs"
"Failed to extract plugin meta data from '/usr/bin/ipcs'" 
         not a plugin
QFactoryLoader::QFactoryLoader() looking at "/usr/bin/ipod-read-sysinfo-extended"
"Failed to extract plugin meta data from '/usr/bin/ipod-read-sysinfo-extended'" 
         not a plugin
QFactoryLoader::QFactoryLoader() looking at "/usr/bin/ipod-time-sync"
"Failed to extract plugin meta data from '/usr/bin/ipod-time-sync'" 
         not a plugin
QFactoryLoader::QFactoryLoader() looking at "/usr/bin/ippfind"
"Failed to extract plugin meta data from '/usr/bin/ippfind'" 
         not a plugin
QFactoryLoader::QFactoryLoader() looking at "/usr/bin/ipptool"
"Failed to extract plugin meta data from '/usr/bin/ipptool'" 
         not a plugin
QFactoryLoader::QFactoryLoader() looking at "/usr/bin/iptables-xml"
"Failed to extract plugin meta data from '/usr/sbin/xtables-legacy-multi'" 
         not a plugin
QFactoryLoader::QFactoryLoader() looking at "/usr/bin/irb"
QElfParser: '/usr/bin/irb3.0' is not an ELF object
"'/usr/bin/irb3.0' is not an ELF object" 
         not a plugin
QFactoryLoader::QFactoryLoader() looking at "/usr/bin/irb3.0"
QElfParser: '/usr/bin/irb3.0' is not an ELF object
"'/usr/bin/irb3.0' is not an ELF object" 
         not a plugin
QFactoryLoader::QFactoryLoader() looking at "/usr/bin/ischroot"
"Failed to extract plugin meta data from '/usr/bin/ischroot'" 
         not a plugin
QFactoryLoader::QFactoryLoader() looking at "/usr/bin/isdv4-serial-debugger"
"Failed to extract plugin meta data from '/usr/bin/isdv4-serial-debugger'" 
         not a plugin
QFactoryLoader::QFactoryLoader() looking at "/usr/bin/isdv4-serial-inputattach"
"Failed to extract plugin meta data from '/usr/bin/isdv4-serial-inputattach'" 
         not a plugin
QFactoryLoader::QFactoryLoader() looking at "/usr/bin/ispell-wrapper"
QElfParser: '/usr/bin/ispell-wrapper' is not an ELF object
"'/usr/bin/ispell-wrapper' is not an ELF object" 
         not a plugin
QFactoryLoader::QFactoryLoader() looking at "/usr/bin/jadetex"
"Failed to extract plugin meta data from '/usr/bin/pdftex'" 
         not a plugin
QFactoryLoader::QFactoryLoader() looking at "/usr/bin/jamo-normalize"
QElfParser: '/usr/share/texlive/texmf-dist/scripts/kotex-utils/jamo-normalize.pl' is not an ELF object
"'/usr/share/texlive/texmf-dist/scripts/kotex-utils/jamo-normalize.pl' is not an ELF object" 
         not a plugin
QFactoryLoader::QFactoryLoader() looking at "/usr/bin/jfmutil"
QElfParser: '/usr/share/texlive/texmf-dist/scripts/jfmutil/jfmutil.pl' is not an ELF object
"'/usr/share/texlive/texmf-dist/scripts/jfmutil/jfmutil.pl' is not an ELF object" 
         not a plugin
QFactoryLoader::QFactoryLoader() looking at "/usr/bin/join"
"Failed to extract plugin meta data from '/usr/bin/join'" 
         not a plugin
QFactoryLoader::QFactoryLoader() looking at "/usr/bin/journalctl"
"Failed to extract plugin meta data from '/usr/bin/journalctl'" 
         not a plugin
QFactoryLoader::QFactoryLoader() looking at "/usr/bin/jpegtopnm"
"Failed to extract plugin meta data from '/usr/bin/jpegtopnm'" 
         not a plugin
QFactoryLoader::QFactoryLoader() looking at "/usr/bin/jpgicc"
"Failed to extract plugin meta data from '/usr/bin/jpgicc'" 
         not a plugin
QFactoryLoader::QFactoryLoader() looking at "/usr/bin/jq"
"Failed to extract plugin meta data from '/usr/bin/jq'" 
         not a plugin
QFactoryLoader::QFactoryLoader() looking at "/usr/bin/json_pp"
QElfParser: '/usr/bin/json_pp' is not an ELF object
"'/usr/bin/json_pp' is not an ELF object" 
         not a plugin
QFactoryLoader::QFactoryLoader() looking at "/usr/bin/json_xs"
QElfParser: '/usr/bin/json_xs' is not an ELF object
"'/usr/bin/json_xs' is not an ELF object" 
         not a plugin
QFactoryLoader::QFactoryLoader() looking at "/usr/bin/JxrDecApp"
"Failed to extract plugin meta data from '/usr/bin/JxrDecApp'" 
         not a plugin
QFactoryLoader::QFactoryLoader() looking at "/usr/bin/JxrEncApp"
"Failed to extract plugin meta data from '/usr/bin/JxrEncApp'" 
         not a plugin
QFactoryLoader::QFactoryLoader() looking at "/usr/bin/kactivities-cli"
"Failed to extract plugin meta data from '/usr/bin/kactivities-cli'" 
         not a plugin
QFactoryLoader::QFactoryLoader() looking at "/usr/bin/kanji-config-updmap"
QElfParser: '/usr/share/texlive/texmf-dist/scripts/ptex-fontmaps/kanji-config-updmap.pl' is not an ELF object
"'/usr/share/texlive/texmf-dist/scripts/ptex-fontmaps/kanji-config-updmap.pl' is not an ELF object" 
         not a plugin
QFactoryLoader::QFactoryLoader() looking at "/usr/bin/kanji-config-updmap-sys"
QElfParser: '/usr/share/texlive/texmf-dist/scripts/ptex-fontmaps/kanji-config-updmap-sys.sh' is not an ELF object
"'/usr/share/texlive/texmf-dist/scripts/ptex-fontmaps/kanji-config-updmap-sys.sh' is not an ELF object" 
         not a plugin
QFactoryLoader::QFactoryLoader() looking at "/usr/bin/kanji-config-updmap-user"
QElfParser: '/usr/share/texlive/texmf-dist/scripts/ptex-fontmaps/kanji-config-updmap-user.sh' is not an ELF object
"'/usr/share/texlive/texmf-dist/scripts/ptex-fontmaps/kanji-config-updmap-user.sh' is not an ELF object" 
         not a plugin
QFactoryLoader::QFactoryLoader() looking at "/usr/bin/kanji-fontmap-creator"
QElfParser: '/usr/share/texlive/texmf-dist/scripts/ptex-fontmaps/kanji-fontmap-creator.pl' is not an ELF object
"'/usr/share/texlive/texmf-dist/scripts/ptex-fontmaps/kanji-fontmap-creator.pl' is not an ELF object" 
         not a plugin
QFactoryLoader::QFactoryLoader() looking at "/usr/bin/kbd-layout-viewer5"
"Failed to extract plugin meta data from '/usr/bin/kbd-layout-viewer5'" 
         not a plugin
QFactoryLoader::QFactoryLoader() looking at "/usr/bin/kbd_mode"
"Failed to extract plugin meta data from '/usr/bin/kbd_mode'" 
         not a plugin
QFactoryLoader::QFactoryLoader() looking at "/usr/bin/kbdinfo"
"Failed to extract plugin meta data from '/usr/bin/kbdinfo'" 
         not a plugin
QFactoryLoader::QFactoryLoader() looking at "/usr/bin/kbookmarkmerger"
"Failed to extract plugin meta data from '/usr/bin/kbookmarkmerger'" 
         not a plugin
QFactoryLoader::QFactoryLoader() looking at "/usr/bin/kbuildsycoca5"
"Failed to extract plugin meta data from '/usr/bin/kbuildsycoca5'" 
         not a plugin
QFactoryLoader::QFactoryLoader() looking at "/usr/bin/kbxutil"
"Failed to extract plugin meta data from '/usr/bin/kbxutil'" 
         not a plugin
QFactoryLoader::QFactoryLoader() looking at "/usr/bin/kcookiejar5"
"Failed to extract plugin meta data from '/usr/bin/kcookiejar5'" 
         not a plugin
QFactoryLoader::QFactoryLoader() looking at "/usr/bin/kde-geo-uri-handler"
"Failed to extract plugin meta data from '/usr/bin/kde-geo-uri-handler'" 
         not a plugin
QFactoryLoader::QFactoryLoader() looking at "/usr/bin/kdeconnect-app"
"Failed to extract plugin meta data from '/usr/bin/kdeconnect-app'" 
         not a plugin
QFactoryLoader::QFactoryLoader() looking at "/usr/bin/kdeconnect-cli"
"Failed to extract plugin meta data from '/usr/bin/kdeconnect-cli'" 
         not a plugin
QFactoryLoader::QFactoryLoader() looking at "/usr/bin/kdeconnect-handler"
"Failed to extract plugin meta data from '/usr/bin/kdeconnect-handler'" 
         not a plugin
QFactoryLoader::QFactoryLoader() looking at "/usr/bin/kdeconnect-indicator"
"Failed to extract plugin meta data from '/usr/bin/kdeconnect-indicator'" 
         not a plugin
QFactoryLoader::QFactoryLoader() looking at "/usr/bin/kdeconnect-settings"
"Failed to extract plugin meta data from '/usr/bin/kdeconnect-settings'" 
         not a plugin
QFactoryLoader::QFactoryLoader() looking at "/usr/bin/kdeconnect-sms"
"Failed to extract plugin meta data from '/usr/bin/kdeconnect-sms'" 
         not a plugin
QFactoryLoader::QFactoryLoader() looking at "/usr/bin/kded5"
"Failed to extract plugin meta data from '/usr/bin/kded5'" 
         not a plugin
QFactoryLoader::QFactoryLoader() looking at "/usr/bin/kdeinit5"
"Failed to extract plugin meta data from '/usr/bin/kdeinit5'" 
         not a plugin
QFactoryLoader::QFactoryLoader() looking at "/usr/bin/kdeinit5_shutdown"
"Failed to extract plugin meta data from '/usr/bin/kdeinit5_shutdown'" 
         not a plugin
QFactoryLoader::QFactoryLoader() looking at "/usr/bin/kdeinit5_wrapper"
"Failed to extract plugin meta data from '/usr/bin/kdeinit5_wrapper'" 
         not a plugin
QFactoryLoader::QFactoryLoader() looking at "/usr/bin/kdenlive"
"Failed to extract plugin meta data from '/usr/bin/kdenlive'" 
         not a plugin
QFactoryLoader::QFactoryLoader() looking at "/usr/bin/kdenlive_render"
"Failed to extract plugin meta data from '/usr/bin/kdenlive_render'" 
         not a plugin
QFactoryLoader::QFactoryLoader() looking at "/usr/bin/keditbookmarks"
"Failed to extract plugin meta data from '/usr/bin/keditbookmarks'" 
         not a plugin
QFactoryLoader::QFactoryLoader() looking at "/usr/bin/kernel-install"
QElfParser: '/usr/bin/kernel-install' is not an ELF object
"'/usr/bin/kernel-install' is not an ELF object" 
         not a plugin
QFactoryLoader::QFactoryLoader() looking at "/usr/bin/kerneloops-submit"
"Failed to extract plugin meta data from '/usr/bin/kerneloops-submit'" 
         not a plugin
QFactoryLoader::QFactoryLoader() looking at "/usr/bin/ketcindy"
QElfParser: '/usr/share/texlive/texmf-dist/scripts/ketcindy/ketcindy.pl' is not an ELF object
"'/usr/share/texlive/texmf-dist/scripts/ketcindy/ketcindy.pl' is not an ELF object" 
         not a plugin
QFactoryLoader::QFactoryLoader() looking at "/usr/bin/keyring"
QElfParser: '/usr/bin/keyring' is not an ELF object
"'/usr/bin/keyring' is not an ELF object" 
         not a plugin
QFactoryLoader::QFactoryLoader() looking at "/usr/bin/kglobalaccel5"
"Failed to extract plugin meta data from '/usr/bin/kglobalaccel5'" 
         not a plugin
QFactoryLoader::QFactoryLoader() looking at "/usr/bin/kiconfinder5"
"Failed to extract plugin meta data from '/usr/bin/kiconfinder5'" 
         not a plugin
QFactoryLoader::QFactoryLoader() looking at "/usr/bin/kill"
"Failed to extract plugin meta data from '/usr/bin/kill'" 
         not a plugin
QFactoryLoader::QFactoryLoader() looking at "/usr/bin/killall"
"Failed to extract plugin meta data from '/usr/bin/killall'" 
         not a plugin
QFactoryLoader::QFactoryLoader() looking at "/usr/bin/kmod"
"Failed to extract plugin meta data from '/usr/bin/kmod'" 
         not a plugin
QFactoryLoader::QFactoryLoader() looking at "/usr/bin/kmodsign"
"Failed to extract plugin meta data from '/usr/bin/kmodsign'" 
         not a plugin
QFactoryLoader::QFactoryLoader() looking at "/usr/bin/koi8rxterm"
QElfParser: '/usr/bin/koi8rxterm' is not an ELF object
"'/usr/bin/koi8rxterm' is not an ELF object" 
         not a plugin
QFactoryLoader::QFactoryLoader() looking at "/usr/bin/komkindex"
QElfParser: '/usr/share/texlive/texmf-dist/scripts/kotex-utils/komkindex.pl' is not an ELF object
"'/usr/share/texlive/texmf-dist/scripts/kotex-utils/komkindex.pl' is not an ELF object" 
         not a plugin
QFactoryLoader::QFactoryLoader() looking at "/usr/bin/kpackagelauncherqml"
"Failed to extract plugin meta data from '/usr/bin/kpackagelauncherqml'" 
         not a plugin
QFactoryLoader::QFactoryLoader() looking at "/usr/bin/kpackagetool5"
"Failed to extract plugin meta data from '/usr/bin/kpackagetool5'" 
         not a plugin
QFactoryLoader::QFactoryLoader() looking at "/usr/bin/kpseaccess"
"Failed to extract plugin meta data from '/usr/bin/kpseaccess'" 
         not a plugin
QFactoryLoader::QFactoryLoader() looking at "/usr/bin/kpsepath"
QElfParser: '/usr/share/texlive/texmf-dist/scripts/texlive-extra/kpsetool.sh' is not an ELF object
"'/usr/share/texlive/texmf-dist/scripts/texlive-extra/kpsetool.sh' is not an ELF object" 
         not a plugin
QFactoryLoader::QFactoryLoader() looking at "/usr/bin/kpsereadlink"
"Failed to extract plugin meta data from '/usr/bin/kpsereadlink'" 
         not a plugin
QFactoryLoader::QFactoryLoader() looking at "/usr/bin/kpsestat"
"Failed to extract plugin meta data from '/usr/bin/kpsestat'" 
         not a plugin
QFactoryLoader::QFactoryLoader() looking at "/usr/bin/kpsetool"
QElfParser: '/usr/share/texlive/texmf-dist/scripts/texlive-extra/kpsetool.sh' is not an ELF object
"'/usr/share/texlive/texmf-dist/scripts/texlive-extra/kpsetool.sh' is not an ELF object" 
         not a plugin
QFactoryLoader::QFactoryLoader() looking at "/usr/bin/kpsewhere"
QElfParser: '/usr/share/texlive/texmf-dist/scripts/texlive-extra/kpsewhere.sh' is not an ELF object
"'/usr/share/texlive/texmf-dist/scripts/texlive-extra/kpsewhere.sh' is not an ELF object" 
         not a plugin
QFactoryLoader::QFactoryLoader() looking at "/usr/bin/kpsewhich"
"Failed to extract plugin meta data from '/usr/bin/kpsewhich'" 
         not a plugin
QFactoryLoader::QFactoryLoader() looking at "/usr/bin/kpsexpand"
QElfParser: '/usr/share/texlive/texmf-dist/scripts/texlive-extra/kpsetool.sh' is not an ELF object
"'/usr/share/texlive/texmf-dist/scripts/texlive-extra/kpsetool.sh' is not an ELF object" 
         not a plugin
QFactoryLoader::QFactoryLoader() looking at "/usr/bin/kquitapp5"
"Failed to extract plugin meta data from '/usr/bin/kquitapp5'" 
         not a plugin
QFactoryLoader::QFactoryLoader() looking at "/usr/bin/kreadconfig5"
"Failed to extract plugin meta data from '/usr/bin/kreadconfig5'" 
         not a plugin
QFactoryLoader::QFactoryLoader() looking at "/usr/bin/kshell5"
"Failed to extract plugin meta data from '/usr/bin/kshell5'" 
         not a plugin
QFactoryLoader::QFactoryLoader() looking at "/usr/bin/ktelnetservice5"
"Failed to extract plugin meta data from '/usr/bin/ktelnetservice5'" 
         not a plugin
QFactoryLoader::QFactoryLoader() looking at "/usr/bin/ktrash5"
"Failed to extract plugin meta data from '/usr/bin/ktrash5'" 
         not a plugin
QFactoryLoader::QFactoryLoader() looking at "/usr/bin/kwallet-query"
"Failed to extract plugin meta data from '/usr/bin/kwallet-query'" 
         not a plugin
QFactoryLoader::QFactoryLoader() looking at "/usr/bin/kwalletd5"
"Failed to extract plugin meta data from '/usr/bin/kwalletd5'" 
         not a plugin
QFactoryLoader::QFactoryLoader() looking at "/usr/bin/kwrapper5"
"Failed to extract plugin meta data from '/usr/bin/kwrapper5'" 
         not a plugin
QFactoryLoader::QFactoryLoader() looking at "/usr/bin/kwriteconfig5"
"Failed to extract plugin meta data from '/usr/bin/kwriteconfig5'" 
         not a plugin
QFactoryLoader::QFactoryLoader() looking at "/usr/bin/l2ping"
"Failed to extract plugin meta data from '/usr/bin/l2ping'" 
         not a plugin
QFactoryLoader::QFactoryLoader() looking at "/usr/bin/l2test"
"Failed to extract plugin meta data from '/usr/bin/l2test'" 
         not a plugin
QFactoryLoader::QFactoryLoader() looking at "/usr/bin/l3build"
QElfParser: '/usr/share/texlive/texmf-dist/scripts/l3build/l3build.lua' is not an ELF object
"'/usr/share/texlive/texmf-dist/scripts/l3build/l3build.lua' is not an ELF object" 
         not a plugin
QFactoryLoader::QFactoryLoader() looking at "/usr/bin/l4p-tmpl"
QElfParser: '/usr/bin/l4p-tmpl' is not an ELF object
"'/usr/bin/l4p-tmpl' is not an ELF object" 
         not a plugin
QFactoryLoader::QFactoryLoader() looking at "/usr/bin/lacheck"
"Failed to extract plugin meta data from '/usr/bin/lacheck'" 
         not a plugin
QFactoryLoader::QFactoryLoader() looking at "/usr/bin/laptop-detect"
QElfParser: '/usr/bin/laptop-detect' is not an ELF object
"'/usr/bin/laptop-detect' is not an ELF object" 
         not a plugin
QFactoryLoader::QFactoryLoader() looking at "/usr/bin/last"
"Failed to extract plugin meta data from '/usr/bin/last'" 
         not a plugin
QFactoryLoader::QFactoryLoader() looking at "/usr/bin/lastb"
"Failed to extract plugin meta data from '/usr/bin/last'" 
         not a plugin
QFactoryLoader::QFactoryLoader() looking at "/usr/bin/lastlog"
"Failed to extract plugin meta data from '/usr/bin/lastlog'" 
         not a plugin
QFactoryLoader::QFactoryLoader() looking at "/usr/bin/latex"
"Failed to extract plugin meta data from '/usr/bin/pdftex'" 
         not a plugin
QFactoryLoader::QFactoryLoader() looking at "/usr/bin/latex-dev"
"Failed to extract plugin meta data from '/usr/bin/pdftex'" 
         not a plugin
QFactoryLoader::QFactoryLoader() looking at "/usr/bin/latex-git-log"
QElfParser: '/usr/share/texlive/texmf-dist/scripts/latex-git-log/latex-git-log' is not an ELF object
"'/usr/share/texlive/texmf-dist/scripts/latex-git-log/latex-git-log' is not an ELF object" 
         not a plugin
QFactoryLoader::QFactoryLoader() looking at "/usr/bin/latex-papersize"
QElfParser: '/usr/share/texlive/texmf-dist/scripts/latex-papersize/latex-papersize.py' is not an ELF object
"'/usr/share/texlive/texmf-dist/scripts/latex-papersize/latex-papersize.py' is not an ELF object" 
         not a plugin
QFactoryLoader::QFactoryLoader() looking at "/usr/bin/latex-wordcount"
QElfParser: '/usr/share/texlive/texmf-dist/scripts/wordcount/wordcount.sh' is not an ELF object
"'/usr/share/texlive/texmf-dist/scripts/wordcount/wordcount.sh' is not an ELF object" 
         not a plugin
QFactoryLoader::QFactoryLoader() looking at "/usr/bin/latex2man"
QElfParser: '/usr/share/texlive/texmf-dist/scripts/latex2man/latex2man' is not an ELF object
"'/usr/share/texlive/texmf-dist/scripts/latex2man/latex2man' is not an ELF object" 
         not a plugin
QFactoryLoader::QFactoryLoader() looking at "/usr/bin/latex2nemeth"
QElfParser: '/usr/share/texlive/texmf-dist/scripts/latex2nemeth/latex2nemeth' is not an ELF object
"'/usr/share/texlive/texmf-dist/scripts/latex2nemeth/latex2nemeth' is not an ELF object" 
         not a plugin
QFactoryLoader::QFactoryLoader() looking at "/usr/bin/latexdef"
QElfParser: '/usr/share/texlive/texmf-dist/scripts/texdef/texdef.pl' is not an ELF object
"'/usr/share/texlive/texmf-dist/scripts/texdef/texdef.pl' is not an ELF object" 
         not a plugin
QFactoryLoader::QFactoryLoader() looking at "/usr/bin/latexdiff"
QElfParser: '/usr/bin/latexdiff-fast' is not an ELF object
"'/usr/bin/latexdiff-fast' is not an ELF object" 
         not a plugin
QFactoryLoader::QFactoryLoader() looking at "/usr/bin/latexdiff-cvs"
QElfParser: '/usr/bin/latexdiff-vc' is not an ELF object
"'/usr/bin/latexdiff-vc' is not an ELF object" 
         not a plugin
QFactoryLoader::QFactoryLoader() looking at "/usr/bin/latexdiff-fast"
QElfParser: '/usr/bin/latexdiff-fast' is not an ELF object
"'/usr/bin/latexdiff-fast' is not an ELF object" 
         not a plugin
QFactoryLoader::QFactoryLoader() looking at "/usr/bin/latexdiff-git"
QElfParser: '/usr/bin/latexdiff-vc' is not an ELF object
"'/usr/bin/latexdiff-vc' is not an ELF object" 
         not a plugin
QFactoryLoader::QFactoryLoader() looking at "/usr/bin/latexdiff-hg"
QElfParser: '/usr/bin/latexdiff-vc' is not an ELF object
"'/usr/bin/latexdiff-vc' is not an ELF object" 
         not a plugin
QFactoryLoader::QFactoryLoader() looking at "/usr/bin/latexdiff-rcs"
QElfParser: '/usr/bin/latexdiff-vc' is not an ELF object
"'/usr/bin/latexdiff-vc' is not an ELF object" 
         not a plugin
QFactoryLoader::QFactoryLoader() looking at "/usr/bin/latexdiff-svn"
QElfParser: '/usr/bin/latexdiff-vc' is not an ELF object
"'/usr/bin/latexdiff-vc' is not an ELF object" 
         not a plugin
QFactoryLoader::QFactoryLoader() looking at "/usr/bin/latexdiff-vc"
QElfParser: '/usr/bin/latexdiff-vc' is not an ELF object
"'/usr/bin/latexdiff-vc' is not an ELF object" 
         not a plugin
QFactoryLoader::QFactoryLoader() looking at "/usr/bin/latexfileversion"
QElfParser: '/usr/share/texlive/texmf-dist/scripts/latexfileversion/latexfileversion' is not an ELF object
"'/usr/share/texlive/texmf-dist/scripts/latexfileversion/latexfileversion' is not an ELF object" 
         not a plugin
QFactoryLoader::QFactoryLoader() looking at "/usr/bin/latexindent"
QElfParser: '/usr/share/texlive/texmf-dist/scripts/latexindent/latexindent.pl' is not an ELF object
"'/usr/share/texlive/texmf-dist/scripts/latexindent/latexindent.pl' is not an ELF object" 
         not a plugin
QFactoryLoader::QFactoryLoader() looking at "/usr/bin/latexmk"
QElfParser: '/usr/bin/latexmk' is not an ELF object
"'/usr/bin/latexmk' is not an ELF object" 
         not a plugin
QFactoryLoader::QFactoryLoader() looking at "/usr/bin/latexpand"
QElfParser: '/usr/share/texlive/texmf-dist/scripts/latexpand/latexpand' is not an ELF object
"'/usr/share/texlive/texmf-dist/scripts/latexpand/latexpand' is not an ELF object" 
         not a plugin
QFactoryLoader::QFactoryLoader() looking at "/usr/bin/latexrevise"
QElfParser: '/usr/bin/latexrevise' is not an ELF object
"'/usr/bin/latexrevise' is not an ELF object" 
         not a plugin
QFactoryLoader::QFactoryLoader() looking at "/usr/bin/lavadecode"
"Failed to extract plugin meta data from '/usr/bin/lavadecode'" 
         not a plugin
QFactoryLoader::QFactoryLoader() looking at "/usr/bin/lcf"
QElfParser: '/usr/bin/lcf' is not an ELF object
"'/usr/bin/lcf' is not an ELF object" 
         not a plugin
QFactoryLoader::QFactoryLoader() looking at "/usr/bin/ldd"
QElfParser: '/usr/bin/ldd' is not an ELF object
"'/usr/bin/ldd' is not an ELF object" 
         not a plugin
QFactoryLoader::QFactoryLoader() looking at "/usr/bin/leaftoppm"
"Failed to extract plugin meta data from '/usr/bin/leaftoppm'" 
         not a plugin
QFactoryLoader::QFactoryLoader() looking at "/usr/bin/lefty"
"Failed to extract plugin meta data from '/usr/bin/lefty'" 
         not a plugin
QFactoryLoader::QFactoryLoader() looking at "/usr/bin/less"
"Failed to extract plugin meta data from '/usr/bin/less'" 
         not a plugin
QFactoryLoader::QFactoryLoader() looking at "/usr/bin/lessecho"
"Failed to extract plugin meta data from '/usr/bin/lessecho'" 
         not a plugin
QFactoryLoader::QFactoryLoader() looking at "/usr/bin/lessfile"
QElfParser: '/usr/bin/lesspipe' is not an ELF object
"'/usr/bin/lesspipe' is not an ELF object" 
         not a plugin
QFactoryLoader::QFactoryLoader() looking at "/usr/bin/lesskey"
"Failed to extract plugin meta data from '/usr/bin/lesskey'" 
         not a plugin
QFactoryLoader::QFactoryLoader() looking at "/usr/bin/lesspipe"
QElfParser: '/usr/bin/lesspipe' is not an ELF object
"'/usr/bin/lesspipe' is not an ELF object" 
         not a plugin
QFactoryLoader::QFactoryLoader() looking at "/usr/bin/lexgrog"
"Failed to extract plugin meta data from '/usr/bin/lexgrog'" 
         not a plugin
QFactoryLoader::QFactoryLoader() looking at "/usr/bin/libime_history"
"Failed to extract plugin meta data from '/usr/bin/libime_history'" 
         not a plugin
QFactoryLoader::QFactoryLoader() looking at "/usr/bin/libime_migrate_fcitx4_pinyin"
"Failed to extract plugin meta data from '/usr/bin/libime_migrate_fcitx4_pinyin'" 
         not a plugin
QFactoryLoader::QFactoryLoader() looking at "/usr/bin/libime_migrate_fcitx4_table"
"Failed to extract plugin meta data from '/usr/bin/libime_migrate_fcitx4_table'" 
         not a plugin
QFactoryLoader::QFactoryLoader() looking at "/usr/bin/libime_pinyindict"
"Failed to extract plugin meta data from '/usr/bin/libime_pinyindict'" 
         not a plugin
QFactoryLoader::QFactoryLoader() looking at "/usr/bin/libime_prediction"
"Failed to extract plugin meta data from '/usr/bin/libime_prediction'" 
         not a plugin
QFactoryLoader::QFactoryLoader() looking at "/usr/bin/libime_slm_build_binary"
"Failed to extract plugin meta data from '/usr/bin/libime_slm_build_binary'" 
         not a plugin
QFactoryLoader::QFactoryLoader() looking at "/usr/bin/libime_tabledict"
"Failed to extract plugin meta data from '/usr/bin/libime_tabledict'" 
         not a plugin
QFactoryLoader::QFactoryLoader() looking at "/usr/bin/libnetcfg"
QElfParser: '/usr/bin/libnetcfg' is not an ELF object
"'/usr/bin/libnetcfg' is not an ELF object" 
         not a plugin
QFactoryLoader::QFactoryLoader() looking at "/usr/bin/libreoffice"
QElfParser: '/usr/lib/libreoffice/program/soffice' is not an ELF object
"'/usr/lib/libreoffice/program/soffice' is not an ELF object" 
         not a plugin
QFactoryLoader::QFactoryLoader() looking at "/usr/bin/libwacom-list-devices"
"Failed to extract plugin meta data from '/usr/bin/libwacom-list-devices'" 
         not a plugin
QFactoryLoader::QFactoryLoader() looking at "/usr/bin/libwacom-list-local-devices"
"Failed to extract plugin meta data from '/usr/bin/libwacom-list-local-devices'" 
         not a plugin
QFactoryLoader::QFactoryLoader() looking at "/usr/bin/libwacom-show-stylus"
QElfParser: '/usr/bin/libwacom-show-stylus' is not an ELF object
"'/usr/bin/libwacom-show-stylus' is not an ELF object" 
         not a plugin
QFactoryLoader::QFactoryLoader() looking at "/usr/bin/libwacom-update-db"
QElfParser: '/usr/bin/libwacom-update-db' is not an ELF object
"'/usr/bin/libwacom-update-db' is not an ELF object" 
         not a plugin
QFactoryLoader::QFactoryLoader() looking at "/usr/bin/lightdm-gtk-greeter-settings"
QElfParser: '/usr/bin/lightdm-gtk-greeter-settings' is not an ELF object
"'/usr/bin/lightdm-gtk-greeter-settings' is not an ELF object" 
         not a plugin
QFactoryLoader::QFactoryLoader() looking at "/usr/bin/lightdm-gtk-greeter-settings-pkexec"
QElfParser: '/usr/bin/lightdm-gtk-greeter-settings-pkexec' is not an ELF object
"'/usr/bin/lightdm-gtk-greeter-settings-pkexec' is not an ELF object" 
         not a plugin
QFactoryLoader::QFactoryLoader() looking at "/usr/bin/link"
"Failed to extract plugin meta data from '/usr/bin/link'" 
         not a plugin
QFactoryLoader::QFactoryLoader() looking at "/usr/bin/linkicc"
"Failed to extract plugin meta data from '/usr/bin/linkicc'" 
         not a plugin
QFactoryLoader::QFactoryLoader() looking at "/usr/bin/linux-boot-prober"
QElfParser: '/usr/bin/linux-boot-prober' is not an ELF object
"'/usr/bin/linux-boot-prober' is not an ELF object" 
         not a plugin
QFactoryLoader::QFactoryLoader() looking at "/usr/bin/linux-check-removal"
QElfParser: '/usr/bin/linux-check-removal' is not an ELF object
"'/usr/bin/linux-check-removal' is not an ELF object" 
         not a plugin
QFactoryLoader::QFactoryLoader() looking at "/usr/bin/linux-update-symlinks"
QElfParser: '/usr/bin/linux-update-symlinks' is not an ELF object
"'/usr/bin/linux-update-symlinks' is not an ELF object" 
         not a plugin
QFactoryLoader::QFactoryLoader() looking at "/usr/bin/linux-version"
QElfParser: '/usr/bin/linux-version' is not an ELF object
"'/usr/bin/linux-version' is not an ELF object" 
         not a plugin
QFactoryLoader::QFactoryLoader() looking at "/usr/bin/linux32"
"Failed to extract plugin meta data from '/usr/bin/setarch'" 
         not a plugin
QFactoryLoader::QFactoryLoader() looking at "/usr/bin/linux64"
"Failed to extract plugin meta data from '/usr/bin/setarch'" 
         not a plugin
QFactoryLoader::QFactoryLoader() looking at "/usr/bin/lispmtopgm"
"Failed to extract plugin meta data from '/usr/bin/lispmtopgm'" 
         not a plugin
QFactoryLoader::QFactoryLoader() looking at "/usr/bin/listbib"
QElfParser: '/usr/share/texlive/texmf-dist/scripts/listbib/listbib' is not an ELF object
"'/usr/share/texlive/texmf-dist/scripts/listbib/listbib' is not an ELF object" 
         not a plugin
QFactoryLoader::QFactoryLoader() looking at "/usr/bin/listings-ext"
QElfParser: '/usr/share/texlive/texmf-dist/scripts/listings-ext/listings-ext.sh' is not an ELF object
"'/usr/share/texlive/texmf-dist/scripts/listings-ext/listings-ext.sh' is not an ELF object" 
         not a plugin
QFactoryLoader::QFactoryLoader() looking at "/usr/bin/listres"
"Failed to extract plugin meta data from '/usr/bin/listres'" 
         not a plugin
QFactoryLoader::QFactoryLoader() looking at "/usr/bin/ln"
"Failed to extract plugin meta data from '/usr/bin/ln'" 
         not a plugin
QFactoryLoader::QFactoryLoader() looking at "/usr/bin/lneato"
QElfParser: '/usr/bin/lneato' is not an ELF object
"'/usr/bin/lneato' is not an ELF object" 
         not a plugin
QFactoryLoader::QFactoryLoader() looking at "/usr/bin/lnstat"
"Failed to extract plugin meta data from '/usr/bin/lnstat'" 
         not a plugin
QFactoryLoader::QFactoryLoader() looking at "/usr/bin/loadkeys"
"Failed to extract plugin meta data from '/usr/bin/loadkeys'" 
         not a plugin
QFactoryLoader::QFactoryLoader() looking at "/usr/bin/loadunimap"
"Failed to extract plugin meta data from '/usr/bin/loadunimap'" 
         not a plugin
QFactoryLoader::QFactoryLoader() looking at "/usr/bin/localc"
QElfParser: '/usr/bin/localc' is not an ELF object (file too small)
"'/usr/bin/localc' is not an ELF object (file too small)" 
         not a plugin
QFactoryLoader::QFactoryLoader() looking at "/usr/bin/locale"
"Failed to extract plugin meta data from '/usr/bin/locale'" 
         not a plugin
QFactoryLoader::QFactoryLoader() looking at "/usr/bin/locale-check"
"Failed to extract plugin meta data from '/usr/bin/locale-check'" 
         not a plugin
QFactoryLoader::QFactoryLoader() looking at "/usr/bin/localectl"
"Failed to extract plugin meta data from '/usr/bin/localectl'" 
         not a plugin
QFactoryLoader::QFactoryLoader() looking at "/usr/bin/localedef"
"Failed to extract plugin meta data from '/usr/bin/localedef'" 
         not a plugin
QFactoryLoader::QFactoryLoader() looking at "/usr/bin/locate"
"Failed to extract plugin meta data from '/usr/bin/plocate'" 
         not a plugin
QFactoryLoader::QFactoryLoader() looking at "/usr/bin/lodraw"
QElfParser: '/usr/bin/lodraw' is not an ELF object (file too small)
"'/usr/bin/lodraw' is not an ELF object (file too small)" 
         not a plugin
QFactoryLoader::QFactoryLoader() looking at "/usr/bin/loffice"
QElfParser: '/usr/bin/loffice' is not an ELF object (file too small)
"'/usr/bin/loffice' is not an ELF object (file too small)" 
         not a plugin
QFactoryLoader::QFactoryLoader() looking at "/usr/bin/lofromtemplate"
QElfParser: '/usr/bin/lofromtemplate' is not an ELF object
"'/usr/bin/lofromtemplate' is not an ELF object" 
         not a plugin
QFactoryLoader::QFactoryLoader() looking at "/usr/bin/logger"
"Failed to extract plugin meta data from '/usr/bin/logger'" 
         not a plugin
QFactoryLoader::QFactoryLoader() looking at "/usr/bin/login"
"Failed to extract plugin meta data from '/usr/bin/login'" 
         not a plugin
QFactoryLoader::QFactoryLoader() looking at "/usr/bin/loginctl"
"Failed to extract plugin meta data from '/usr/bin/loginctl'" 
         not a plugin
QFactoryLoader::QFactoryLoader() looking at "/usr/bin/logname"
"Failed to extract plugin meta data from '/usr/bin/logname'" 
         not a plugin
QFactoryLoader::QFactoryLoader() looking at "/usr/bin/loimpress"
QElfParser: '/usr/bin/loimpress' is not an ELF object (file too small)
"'/usr/bin/loimpress' is not an ELF object (file too small)" 
         not a plugin
QFactoryLoader::QFactoryLoader() looking at "/usr/bin/lollipop"
"Failed to extract plugin meta data from '/usr/bin/tex'" 
         not a plugin
QFactoryLoader::QFactoryLoader() looking at "/usr/bin/lomath"
QElfParser: '/usr/bin/lomath' is not an ELF object (file too small)
"'/usr/bin/lomath' is not an ELF object (file too small)" 
         not a plugin
QFactoryLoader::QFactoryLoader() looking at "/usr/bin/look"
"Failed to extract plugin meta data from '/usr/bin/look'" 
         not a plugin
QFactoryLoader::QFactoryLoader() looking at "/usr/bin/loweb"
QElfParser: '/usr/bin/loweb' is not an ELF object (file too small)
"'/usr/bin/loweb' is not an ELF object (file too small)" 
         not a plugin
QFactoryLoader::QFactoryLoader() looking at "/usr/bin/lowntfs-3g"
"Failed to extract plugin meta data from '/usr/bin/lowntfs-3g'" 
         not a plugin
QFactoryLoader::QFactoryLoader() looking at "/usr/bin/lowriter"
QElfParser: '/usr/bin/lowriter' is not an ELF object (file too small)
"'/usr/bin/lowriter' is not an ELF object (file too small)" 
         not a plugin
QFactoryLoader::QFactoryLoader() looking at "/usr/bin/lp"
"Failed to extract plugin meta data from '/usr/bin/lp'" 
         not a plugin
QFactoryLoader::QFactoryLoader() looking at "/usr/bin/lp_solve"
"Failed to extract plugin meta data from '/usr/bin/lp_solve'" 
         not a plugin
QFactoryLoader::QFactoryLoader() looking at "/usr/bin/lpoptions"
"Failed to extract plugin meta data from '/usr/bin/lpoptions'" 
         not a plugin
QFactoryLoader::QFactoryLoader() looking at "/usr/bin/lpq"
"Failed to extract plugin meta data from '/usr/bin/lpq'" 
         not a plugin
QFactoryLoader::QFactoryLoader() looking at "/usr/bin/lpr"
"Failed to extract plugin meta data from '/usr/bin/lpr'" 
         not a plugin
QFactoryLoader::QFactoryLoader() looking at "/usr/bin/lprm"
"Failed to extract plugin meta data from '/usr/bin/lprm'" 
         not a plugin
QFactoryLoader::QFactoryLoader() looking at "/usr/bin/lpstat"
"Failed to extract plugin meta data from '/usr/bin/lpstat'" 
         not a plugin
QFactoryLoader::QFactoryLoader() looking at "/usr/bin/ls"
"Failed to extract plugin meta data from '/usr/bin/ls'" 
         not a plugin
QFactoryLoader::QFactoryLoader() looking at "/usr/bin/lsattr"
"Failed to extract plugin meta data from '/usr/bin/lsattr'" 
         not a plugin
QFactoryLoader::QFactoryLoader() looking at "/usr/bin/lsb_release"
QElfParser: '/usr/bin/lsb_release' is not an ELF object
"'/usr/bin/lsb_release' is not an ELF object" 
         not a plugin
QFactoryLoader::QFactoryLoader() looking at "/usr/bin/lsblk"
"Failed to extract plugin meta data from '/usr/bin/lsblk'" 
         not a plugin
QFactoryLoader::QFactoryLoader() looking at "/usr/bin/lscpu"
"Failed to extract plugin meta data from '/usr/bin/lscpu'" 
         not a plugin
QFactoryLoader::QFactoryLoader() looking at "/usr/bin/lshw"
"Failed to extract plugin meta data from '/usr/bin/lshw'" 
         not a plugin
QFactoryLoader::QFactoryLoader() looking at "/usr/bin/lsinitramfs"
QElfParser: '/usr/bin/lsinitramfs' is not an ELF object
"'/usr/bin/lsinitramfs' is not an ELF object" 
         not a plugin
QFactoryLoader::QFactoryLoader() looking at "/usr/bin/lsipc"
"Failed to extract plugin meta data from '/usr/bin/lsipc'" 
         not a plugin
QFactoryLoader::QFactoryLoader() looking at "/usr/bin/lslocks"
"Failed to extract plugin meta data from '/usr/bin/lslocks'" 
         not a plugin
QFactoryLoader::QFactoryLoader() looking at "/usr/bin/lslogins"
"Failed to extract plugin meta data from '/usr/bin/lslogins'" 
         not a plugin
QFactoryLoader::QFactoryLoader() looking at "/usr/bin/lsmem"
"Failed to extract plugin meta data from '/usr/bin/lsmem'" 
         not a plugin
QFactoryLoader::QFactoryLoader() looking at "/usr/bin/lsmod"
"Failed to extract plugin meta data from '/usr/bin/kmod'" 
         not a plugin
QFactoryLoader::QFactoryLoader() looking at "/usr/bin/lsns"
"Failed to extract plugin meta data from '/usr/bin/lsns'" 
         not a plugin
QFactoryLoader::QFactoryLoader() looking at "/usr/bin/lsof"
"Failed to extract plugin meta data from '/usr/bin/lsof'" 
         not a plugin
QFactoryLoader::QFactoryLoader() looking at "/usr/bin/lspci"
"Failed to extract plugin meta data from '/usr/bin/lspci'" 
         not a plugin
QFactoryLoader::QFactoryLoader() looking at "/usr/bin/lspgpot"
QElfParser: '/usr/bin/lspgpot' is not an ELF object
"'/usr/bin/lspgpot' is not an ELF object" 
         not a plugin
QFactoryLoader::QFactoryLoader() looking at "/usr/bin/lsusb"
"Failed to extract plugin meta data from '/usr/bin/lsusb'" 
         not a plugin
QFactoryLoader::QFactoryLoader() looking at "/usr/bin/ltx2crossrefxml"
QElfParser: '/usr/share/texlive/texmf-dist/scripts/crossrefware/ltx2crossrefxml.pl' is not an ELF object
"'/usr/share/texlive/texmf-dist/scripts/crossrefware/ltx2crossrefxml.pl' is not an ELF object" 
         not a plugin
QFactoryLoader::QFactoryLoader() looking at "/usr/bin/ltxfileinfo"
QElfParser: '/usr/share/texlive/texmf-dist/scripts/ltxfileinfo/ltxfileinfo' is not an ELF object
"'/usr/share/texlive/texmf-dist/scripts/ltxfileinfo/ltxfileinfo' is not an ELF object" 
         not a plugin
QFactoryLoader::QFactoryLoader() looking at "/usr/bin/ltximg"
QElfParser: '/usr/share/texlive/texmf-dist/scripts/ltximg/ltximg.pl' is not an ELF object
"'/usr/share/texlive/texmf-dist/scripts/ltximg/ltximg.pl' is not an ELF object" 
         not a plugin
QFactoryLoader::QFactoryLoader() looking at "/usr/bin/luahbtex"
"Failed to extract plugin meta data from '/usr/bin/luahbtex'" 
         not a plugin
QFactoryLoader::QFactoryLoader() looking at "/usr/bin/luajithbtex"
"Failed to extract plugin meta data from '/usr/bin/luajithbtex'" 
         not a plugin
QFactoryLoader::QFactoryLoader() looking at "/usr/bin/luajittex"
"Failed to extract plugin meta data from '/usr/bin/luajittex'" 
         not a plugin
QFactoryLoader::QFactoryLoader() looking at "/usr/bin/lualatex"
"Failed to extract plugin meta data from '/usr/bin/luahbtex'" 
         not a plugin
QFactoryLoader::QFactoryLoader() looking at "/usr/bin/lualatex-dev"
"Failed to extract plugin meta data from '/usr/bin/luahbtex'" 
         not a plugin
QFactoryLoader::QFactoryLoader() looking at "/usr/bin/luaotfload-tool"
QElfParser: '/usr/share/texlive/texmf-dist/scripts/luaotfload/luaotfload-tool.lua' is not an ELF object
"'/usr/share/texlive/texmf-dist/scripts/luaotfload/luaotfload-tool.lua' is not an ELF object" 
         not a plugin
QFactoryLoader::QFactoryLoader() looking at "/usr/bin/luatex"
"Failed to extract plugin meta data from '/usr/bin/luatex'" 
         not a plugin
QFactoryLoader::QFactoryLoader() looking at "/usr/bin/luatools"
QElfParser: '/usr/bin/luatools' is not an ELF object (file too small)
"'/usr/bin/luatools' is not an ELF object (file too small)" 
         not a plugin
QFactoryLoader::QFactoryLoader() looking at "/usr/bin/luit"
"Failed to extract plugin meta data from '/usr/bin/luit'" 
         not a plugin
QFactoryLoader::QFactoryLoader() looking at "/usr/bin/lwarpmk"
QElfParser: '/usr/share/texlive/texmf-dist/scripts/lwarp/lwarpmk.lua' is not an ELF object
"'/usr/share/texlive/texmf-dist/scripts/lwarp/lwarpmk.lua' is not an ELF object" 
         not a plugin
QFactoryLoader::QFactoryLoader() looking at "/usr/bin/lwp-download"
QElfParser: '/usr/bin/lwp-download' is not an ELF object
"'/usr/bin/lwp-download' is not an ELF object" 
         not a plugin
QFactoryLoader::QFactoryLoader() looking at "/usr/bin/lwp-dump"
QElfParser: '/usr/bin/lwp-dump' is not an ELF object
"'/usr/bin/lwp-dump' is not an ELF object" 
         not a plugin
QFactoryLoader::QFactoryLoader() looking at "/usr/bin/lwp-mirror"
QElfParser: '/usr/bin/lwp-mirror' is not an ELF object
"'/usr/bin/lwp-mirror' is not an ELF object" 
         not a plugin
QFactoryLoader::QFactoryLoader() looking at "/usr/bin/lwp-request"
QElfParser: '/usr/bin/lwp-request' is not an ELF object
"'/usr/bin/lwp-request' is not an ELF object" 
         not a plugin
QFactoryLoader::QFactoryLoader() looking at "/usr/bin/lxterm"
QElfParser: '/usr/bin/lxterm' is not an ELF object
"'/usr/bin/lxterm' is not an ELF object" 
         not a plugin
QFactoryLoader::QFactoryLoader() looking at "/usr/bin/lzcat"
"Failed to extract plugin meta data from '/usr/bin/xz'" 
         not a plugin
QFactoryLoader::QFactoryLoader() looking at "/usr/bin/lzcmp"
QElfParser: '/usr/bin/xzdiff' is not an ELF object
"'/usr/bin/xzdiff' is not an ELF object" 
         not a plugin
QFactoryLoader::QFactoryLoader() looking at "/usr/bin/lzdiff"
QElfParser: '/usr/bin/xzdiff' is not an ELF object
"'/usr/bin/xzdiff' is not an ELF object" 
         not a plugin
QFactoryLoader::QFactoryLoader() looking at "/usr/bin/lzegrep"
QElfParser: '/usr/bin/xzgrep' is not an ELF object
"'/usr/bin/xzgrep' is not an ELF object" 
         not a plugin
QFactoryLoader::QFactoryLoader() looking at "/usr/bin/lzfgrep"
QElfParser: '/usr/bin/xzgrep' is not an ELF object
"'/usr/bin/xzgrep' is not an ELF object" 
         not a plugin
QFactoryLoader::QFactoryLoader() looking at "/usr/bin/lzgrep"
QElfParser: '/usr/bin/xzgrep' is not an ELF object
"'/usr/bin/xzgrep' is not an ELF object" 
         not a plugin
QFactoryLoader::QFactoryLoader() looking at "/usr/bin/lzless"
QElfParser: '/usr/bin/xzless' is not an ELF object
"'/usr/bin/xzless' is not an ELF object" 
         not a plugin
QFactoryLoader::QFactoryLoader() looking at "/usr/bin/lzma"
"Failed to extract plugin meta data from '/usr/bin/xz'" 
         not a plugin
QFactoryLoader::QFactoryLoader() looking at "/usr/bin/lzmainfo"
"Failed to extract plugin meta data from '/usr/bin/lzmainfo'" 
         not a plugin
QFactoryLoader::QFactoryLoader() looking at "/usr/bin/lzmore"
QElfParser: '/usr/bin/xzmore' is not an ELF object
"'/usr/bin/xzmore' is not an ELF object" 
         not a plugin
QFactoryLoader::QFactoryLoader() looking at "/usr/bin/m-tx"
QElfParser: '/usr/share/texlive/texmf-dist/scripts/m-tx/m-tx.lua' is not an ELF object
"'/usr/share/texlive/texmf-dist/scripts/m-tx/m-tx.lua' is not an ELF object" 
         not a plugin
QFactoryLoader::QFactoryLoader() looking at "/usr/bin/m2300w"
"Failed to extract plugin meta data from '/usr/bin/m2300w'" 
         not a plugin
QFactoryLoader::QFactoryLoader() looking at "/usr/bin/m2300w-wrapper"
QElfParser: '/usr/bin/m2300w-wrapper' is not an ELF object
"'/usr/bin/m2300w-wrapper' is not an ELF object" 
         not a plugin
QFactoryLoader::QFactoryLoader() looking at "/usr/bin/m2400w"
"Failed to extract plugin meta data from '/usr/bin/m2400w'" 
         not a plugin
QFactoryLoader::QFactoryLoader() looking at "/usr/bin/mac2unix"
"Failed to extract plugin meta data from '/usr/bin/dos2unix'" 
         not a plugin
QFactoryLoader::QFactoryLoader() looking at "/usr/bin/macptopbm"
"Failed to extract plugin meta data from '/usr/bin/macptopbm'" 
         not a plugin
QFactoryLoader::QFactoryLoader() looking at "/usr/bin/mag"
"Failed to extract plugin meta data from '/usr/bin/mag'" 
         not a plugin
QFactoryLoader::QFactoryLoader() looking at "/usr/bin/make4ht"
QElfParser: '/usr/share/texlive/texmf-dist/scripts/make4ht/make4ht' is not an ELF object
"'/usr/share/texlive/texmf-dist/scripts/make4ht/make4ht' is not an ELF object" 
         not a plugin
QFactoryLoader::QFactoryLoader() looking at "/usr/bin/makedtx"
QElfParser: '/usr/share/texlive/texmf-dist/scripts/makedtx/makedtx.pl' is not an ELF object
"'/usr/share/texlive/texmf-dist/scripts/makedtx/makedtx.pl' is not an ELF object" 
         not a plugin
QFactoryLoader::QFactoryLoader() looking at "/usr/bin/makeglossaries"
QElfParser: '/usr/share/texlive/texmf-dist/scripts/glossaries/makeglossaries' is not an ELF object
"'/usr/share/texlive/texmf-dist/scripts/glossaries/makeglossaries' is not an ELF object" 
         not a plugin
QFactoryLoader::QFactoryLoader() looking at "/usr/bin/makeglossaries-lite"
QElfParser: '/usr/share/texlive/texmf-dist/scripts/glossaries/makeglossaries-lite.lua' is not an ELF object
"'/usr/share/texlive/texmf-dist/scripts/glossaries/makeglossaries-lite.lua' is not an ELF object" 
         not a plugin
QFactoryLoader::QFactoryLoader() looking at "/usr/bin/makeindex"
"Failed to extract plugin meta data from '/usr/bin/makeindex'" 
         not a plugin
QFactoryLoader::QFactoryLoader() looking at "/usr/bin/makeinfo"
QElfParser: '/usr/bin/texi2any' is not an ELF object
"'/usr/bin/texi2any' is not an ELF object" 
         not a plugin
QFactoryLoader::QFactoryLoader() looking at "/usr/bin/makejvf"
"Failed to extract plugin meta data from '/usr/bin/makejvf'" 
         not a plugin
QFactoryLoader::QFactoryLoader() looking at "/usr/bin/mako-render"
QElfParser: '/usr/bin/mako-render' is not an ELF object
"'/usr/bin/mako-render' is not an ELF object" 
         not a plugin
QFactoryLoader::QFactoryLoader() looking at "/usr/bin/man"
"Failed to extract plugin meta data from '/usr/bin/man'" 
         not a plugin
QFactoryLoader::QFactoryLoader() looking at "/usr/bin/man-recode"
"Failed to extract plugin meta data from '/usr/bin/man-recode'" 
         not a plugin
QFactoryLoader::QFactoryLoader() looking at "/usr/bin/mandb"
"Failed to extract plugin meta data from '/usr/bin/mandb'" 
         not a plugin
QFactoryLoader::QFactoryLoader() looking at "/usr/bin/manpath"
"Failed to extract plugin meta data from '/usr/bin/manpath'" 
         not a plugin
QFactoryLoader::QFactoryLoader() looking at "/usr/bin/mapscrn"
"Failed to extract plugin meta data from '/usr/bin/mapscrn'" 
         not a plugin
QFactoryLoader::QFactoryLoader() looking at "/usr/bin/match_parens"
QElfParser: '/usr/share/texlive/texmf-dist/scripts/match_parens/match_parens' is not an ELF object
"'/usr/share/texlive/texmf-dist/scripts/match_parens/match_parens' is not an ELF object" 
         not a plugin
QFactoryLoader::QFactoryLoader() looking at "/usr/bin/mate-calc"
"Failed to extract plugin meta data from '/usr/bin/mate-calc'" 
         not a plugin
QFactoryLoader::QFactoryLoader() looking at "/usr/bin/mate-calc-cmd"
"Failed to extract plugin meta data from '/usr/bin/mate-calc-cmd'" 
         not a plugin
QFactoryLoader::QFactoryLoader() looking at "/usr/bin/mate-calculator"
"Failed to extract plugin meta data from '/usr/bin/mate-calc'" 
         not a plugin
QFactoryLoader::QFactoryLoader() looking at "/usr/bin/mathspic"
QElfParser: '/usr/share/texlive/texmf-dist/scripts/mathspic/mathspic.pl' is not an ELF object
"'/usr/share/texlive/texmf-dist/scripts/mathspic/mathspic.pl' is not an ELF object" 
         not a plugin
QFactoryLoader::QFactoryLoader() looking at "/usr/bin/mawk"
"Failed to extract plugin meta data from '/usr/bin/mawk'" 
         not a plugin
QFactoryLoader::QFactoryLoader() looking at "/usr/bin/mcookie"
"Failed to extract plugin meta data from '/usr/bin/mcookie'" 
         not a plugin
QFactoryLoader::QFactoryLoader() looking at "/usr/bin/md5sum"
"Failed to extract plugin meta data from '/usr/bin/md5sum'" 
         not a plugin
QFactoryLoader::QFactoryLoader() looking at "/usr/bin/md5sum.textutils"
"Failed to extract plugin meta data from '/usr/bin/md5sum'" 
         not a plugin
QFactoryLoader::QFactoryLoader() looking at "/usr/bin/mdatopbm"
"Failed to extract plugin meta data from '/usr/bin/mdatopbm'" 
         not a plugin
QFactoryLoader::QFactoryLoader() looking at "/usr/bin/mdig"
"Failed to extract plugin meta data from '/usr/bin/mdig'" 
         not a plugin
QFactoryLoader::QFactoryLoader() looking at "/usr/bin/melt"
"Failed to extract plugin meta data from '/usr/bin/melt-7'" 
         not a plugin
QFactoryLoader::QFactoryLoader() looking at "/usr/bin/melt-7"
"Failed to extract plugin meta data from '/usr/bin/melt-7'" 
         not a plugin
QFactoryLoader::QFactoryLoader() looking at "/usr/bin/mendex"
"Failed to extract plugin meta data from '/usr/bin/mendex'" 
         not a plugin
QFactoryLoader::QFactoryLoader() looking at "/usr/bin/menulibre"
QElfParser: '/usr/bin/menulibre' is not an ELF object
"'/usr/bin/menulibre' is not an ELF object" 
         not a plugin
QFactoryLoader::QFactoryLoader() looking at "/usr/bin/menulibre-menu-validate"
QElfParser: '/usr/bin/menulibre-menu-validate' is not an ELF object
"'/usr/bin/menulibre-menu-validate' is not an ELF object" 
         not a plugin
QFactoryLoader::QFactoryLoader() looking at "/usr/bin/mesa-overlay-control.py"
QElfParser: '/usr/bin/mesa-overlay-control.py' is not an ELF object
"'/usr/bin/mesa-overlay-control.py' is not an ELF object" 
         not a plugin
QFactoryLoader::QFactoryLoader() looking at "/usr/bin/mesg"
"Failed to extract plugin meta data from '/usr/bin/mesg'" 
         not a plugin
QFactoryLoader::QFactoryLoader() looking at "/usr/bin/mex"
"Failed to extract plugin meta data from '/usr/bin/pdftex'" 
         not a plugin
QFactoryLoader::QFactoryLoader() looking at "/usr/bin/mf"
"Failed to extract plugin meta data from '/usr/bin/mf'" 
         not a plugin
QFactoryLoader::QFactoryLoader() looking at "/usr/bin/mf-nowin"
"Failed to extract plugin meta data from '/usr/bin/mf-nowin'" 
         not a plugin
QFactoryLoader::QFactoryLoader() looking at "/usr/bin/mf2pt1"
QElfParser: '/usr/share/texlive/texmf-dist/scripts/mf2pt1/mf2pt1.pl' is not an ELF object
"'/usr/share/texlive/texmf-dist/scripts/mf2pt1/mf2pt1.pl' is not an ELF object" 
         not a plugin
QFactoryLoader::QFactoryLoader() looking at "/usr/bin/mflua"
"Failed to extract plugin meta data from '/usr/bin/mflua'" 
         not a plugin
QFactoryLoader::QFactoryLoader() looking at "/usr/bin/mflua-nowin"
"Failed to extract plugin meta data from '/usr/bin/mflua'" 
         not a plugin
QFactoryLoader::QFactoryLoader() looking at "/usr/bin/mfluajit"
"Failed to extract plugin meta data from '/usr/bin/mfluajit'" 
         not a plugin
QFactoryLoader::QFactoryLoader() looking at "/usr/bin/mfluajit-nowin"
"Failed to extract plugin meta data from '/usr/bin/mfluajit'" 
         not a plugin
QFactoryLoader::QFactoryLoader() looking at "/usr/bin/mfplain"
"Failed to extract plugin meta data from '/usr/bin/mpost'" 
         not a plugin
QFactoryLoader::QFactoryLoader() looking at "/usr/bin/mft"
"Failed to extract plugin meta data from '/usr/bin/mft'" 
         not a plugin
QFactoryLoader::QFactoryLoader() looking at "/usr/bin/mgrtopbm"
"Failed to extract plugin meta data from '/usr/bin/mgrtopbm'" 
         not a plugin
QFactoryLoader::QFactoryLoader() looking at "/usr/bin/migrate-pubring-from-classic-gpg"
QElfParser: '/usr/bin/migrate-pubring-from-classic-gpg' is not an ELF object
"'/usr/bin/migrate-pubring-from-classic-gpg' is not an ELF object" 
         not a plugin
QFactoryLoader::QFactoryLoader() looking at "/usr/bin/mimeopen"
QElfParser: '/usr/bin/mimeopen' is not an ELF object
"'/usr/bin/mimeopen' is not an ELF object" 
         not a plugin
QFactoryLoader::QFactoryLoader() looking at "/usr/bin/mimetype"
QElfParser: '/usr/bin/mimetype' is not an ELF object
"'/usr/bin/mimetype' is not an ELF object" 
         not a plugin
QFactoryLoader::QFactoryLoader() looking at "/usr/bin/min12xxw"
"Failed to extract plugin meta data from '/usr/bin/min12xxw'" 
         not a plugin
QFactoryLoader::QFactoryLoader() looking at "/usr/bin/mingle"
"Failed to extract plugin meta data from '/usr/bin/mingle'" 
         not a plugin
QFactoryLoader::QFactoryLoader() looking at "/usr/bin/mk4ht"
QElfParser: '/usr/share/texlive/texmf-dist/scripts/tex4ht/mk4ht.pl' is not an ELF object
"'/usr/share/texlive/texmf-dist/scripts/tex4ht/mk4ht.pl' is not an ELF object" 
         not a plugin
QFactoryLoader::QFactoryLoader() looking at "/usr/bin/mk_modmap"
QElfParser: '/usr/bin/mk_modmap' is not an ELF object
"'/usr/bin/mk_modmap' is not an ELF object" 
         not a plugin
QFactoryLoader::QFactoryLoader() looking at "/usr/bin/mkdir"
"Failed to extract plugin meta data from '/usr/bin/mkdir'" 
         not a plugin
QFactoryLoader::QFactoryLoader() looking at "/usr/bin/mkfifo"
"Failed to extract plugin meta data from '/usr/bin/mkfifo'" 
         not a plugin
QFactoryLoader::QFactoryLoader() looking at "/usr/bin/mkfontdir"
QElfParser: '/usr/bin/mkfontdir' is not an ELF object
"'/usr/bin/mkfontdir' is not an ELF object" 
         not a plugin
QFactoryLoader::QFactoryLoader() looking at "/usr/bin/mkfontscale"
"Failed to extract plugin meta data from '/usr/bin/mkfontscale'" 
         not a plugin
QFactoryLoader::QFactoryLoader() looking at "/usr/bin/mkgrkindex"
QElfParser: '/usr/share/texlive/texmf-dist/scripts/mkgrkindex/mkgrkindex' is not an ELF object
"'/usr/share/texlive/texmf-dist/scripts/mkgrkindex/mkgrkindex' is not an ELF object" 
         not a plugin
QFactoryLoader::QFactoryLoader() looking at "/usr/bin/mkindex"
QElfParser: '/usr/bin/mkindex' is not an ELF object
"'/usr/bin/mkindex' is not an ELF object" 
         not a plugin
QFactoryLoader::QFactoryLoader() looking at "/usr/bin/mkjobtexmf"
QElfParser: '/usr/share/texlive/texmf-dist/scripts/mkjobtexmf/mkjobtexmf.pl' is not an ELF object
"'/usr/share/texlive/texmf-dist/scripts/mkjobtexmf/mkjobtexmf.pl' is not an ELF object" 
         not a plugin
QFactoryLoader::QFactoryLoader() looking at "/usr/bin/mknod"
"Failed to extract plugin meta data from '/usr/bin/mknod'" 
         not a plugin
QFactoryLoader::QFactoryLoader() looking at "/usr/bin/mkocp"
QElfParser: '/usr/bin/mkocp' is not an ELF object
"'/usr/bin/mkocp' is not an ELF object" 
         not a plugin
QFactoryLoader::QFactoryLoader() looking at "/usr/bin/mkofm"
QElfParser: '/usr/bin/mkofm' is not an ELF object
"'/usr/bin/mkofm' is not an ELF object" 
         not a plugin
QFactoryLoader::QFactoryLoader() looking at "/usr/bin/mkpic"
QElfParser: '/usr/share/texlive/texmf-dist/scripts/mkpic/mkpic' is not an ELF object
"'/usr/share/texlive/texmf-dist/scripts/mkpic/mkpic' is not an ELF object" 
         not a plugin
QFactoryLoader::QFactoryLoader() looking at "/usr/bin/mksquashfs"
"Failed to extract plugin meta data from '/usr/bin/mksquashfs'" 
         not a plugin
QFactoryLoader::QFactoryLoader() looking at "/usr/bin/mkt1font"
QElfParser: '/usr/share/texlive/texmf-dist/scripts/accfonts/mkt1font' is not an ELF object
"'/usr/share/texlive/texmf-dist/scripts/accfonts/mkt1font' is not an ELF object" 
         not a plugin
QFactoryLoader::QFactoryLoader() looking at "/usr/bin/mktemp"
"Failed to extract plugin meta data from '/usr/bin/mktemp'" 
         not a plugin
QFactoryLoader::QFactoryLoader() looking at "/usr/bin/mktexfmt"
QElfParser: '/usr/share/texlive/texmf-dist/scripts/texlive/fmtutil.pl' is not an ELF object
"'/usr/share/texlive/texmf-dist/scripts/texlive/fmtutil.pl' is not an ELF object" 
         not a plugin
QFactoryLoader::QFactoryLoader() looking at "/usr/bin/mktexlsr"
QElfParser: '/usr/share/texlive/texmf-dist/scripts/texlive/mktexlsr' is not an ELF object
"'/usr/share/texlive/texmf-dist/scripts/texlive/mktexlsr' is not an ELF object" 
         not a plugin
QFactoryLoader::QFactoryLoader() looking at "/usr/bin/mktexmf"
QElfParser: '/usr/share/texlive/texmf-dist/scripts/texlive/mktexmf' is not an ELF object
"'/usr/share/texlive/texmf-dist/scripts/texlive/mktexmf' is not an ELF object" 
         not a plugin
QFactoryLoader::QFactoryLoader() looking at "/usr/bin/mktexpk"
QElfParser: '/usr/share/texlive/texmf-dist/scripts/texlive/mktexpk' is not an ELF object
"'/usr/share/texlive/texmf-dist/scripts/texlive/mktexpk' is not an ELF object" 
         not a plugin
QFactoryLoader::QFactoryLoader() looking at "/usr/bin/mktextfm"
QElfParser: '/usr/share/texlive/texmf-dist/scripts/texlive/mktextfm' is not an ELF object
"'/usr/share/texlive/texmf-dist/scripts/texlive/mktextfm' is not an ELF object" 
         not a plugin
QFactoryLoader::QFactoryLoader() looking at "/usr/bin/mllatex"
"Failed to extract plugin meta data from '/usr/bin/pdftex'" 
         not a plugin
QFactoryLoader::QFactoryLoader() looking at "/usr/bin/mltex"
"Failed to extract plugin meta data from '/usr/bin/pdftex'" 
         not a plugin
QFactoryLoader::QFactoryLoader() looking at "/usr/bin/mm2gv"
"Failed to extract plugin meta data from '/usr/bin/mm2gv'" 
         not a plugin
QFactoryLoader::QFactoryLoader() looking at "/usr/bin/mmafm"
"Failed to extract plugin meta data from '/usr/bin/mmafm'" 
         not a plugin
QFactoryLoader::QFactoryLoader() looking at "/usr/bin/mmcli"
"Failed to extract plugin meta data from '/usr/bin/mmcli'" 
         not a plugin
QFactoryLoader::QFactoryLoader() looking at "/usr/bin/mmpfb"
"Failed to extract plugin meta data from '/usr/bin/mmpfb'" 
         not a plugin
QFactoryLoader::QFactoryLoader() looking at "/usr/bin/modutil"
"Failed to extract plugin meta data from '/usr/bin/modutil'" 
         not a plugin
QFactoryLoader::QFactoryLoader() looking at "/usr/bin/mogrify"
"Failed to extract plugin meta data from '/usr/bin/mogrify-im6.q16'" 
         not a plugin
QFactoryLoader::QFactoryLoader() looking at "/usr/bin/mogrify-im6"
"Failed to extract plugin meta data from '/usr/bin/mogrify-im6.q16'" 
         not a plugin
QFactoryLoader::QFactoryLoader() looking at "/usr/bin/mogrify-im6.q16"
"Failed to extract plugin meta data from '/usr/bin/mogrify-im6.q16'" 
         not a plugin
QFactoryLoader::QFactoryLoader() looking at "/usr/bin/mokutil"
"Failed to extract plugin meta data from '/usr/bin/mokutil'" 
         not a plugin
QFactoryLoader::QFactoryLoader() looking at "/usr/bin/monitor-sensor"
"Failed to extract plugin meta data from '/usr/bin/monitor-sensor'" 
         not a plugin
QFactoryLoader::QFactoryLoader() looking at "/usr/bin/montage"
"Failed to extract plugin meta data from '/usr/bin/montage-im6.q16'" 
         not a plugin
QFactoryLoader::QFactoryLoader() looking at "/usr/bin/montage-im6"
"Failed to extract plugin meta data from '/usr/bin/montage-im6.q16'" 
         not a plugin
QFactoryLoader::QFactoryLoader() looking at "/usr/bin/montage-im6.q16"
"Failed to extract plugin meta data from '/usr/bin/montage-im6.q16'" 
         not a plugin
QFactoryLoader::QFactoryLoader() looking at "/usr/bin/more"
"Failed to extract plugin meta data from '/usr/bin/more'" 
         not a plugin
QFactoryLoader::QFactoryLoader() looking at "/usr/bin/mount"
"Failed to extract plugin meta data from '/usr/bin/mount'" 
         not a plugin
QFactoryLoader::QFactoryLoader() looking at "/usr/bin/mountpoint"
"Failed to extract plugin meta data from '/usr/bin/mountpoint'" 
         not a plugin
QFactoryLoader::QFactoryLoader() looking at "/usr/bin/mousepad"
"Failed to extract plugin meta data from '/usr/bin/mousepad'" 
         not a plugin
QFactoryLoader::QFactoryLoader() looking at "/usr/bin/mpost"
"Failed to extract plugin meta data from '/usr/bin/mpost'" 
         not a plugin
QFactoryLoader::QFactoryLoader() looking at "/usr/bin/mptopdf"
QElfParser: '/usr/share/texlive/texmf-dist/scripts/context/perl/mptopdf.pl' is not an ELF object
"'/usr/share/texlive/texmf-dist/scripts/context/perl/mptopdf.pl' is not an ELF object" 
         not a plugin
QFactoryLoader::QFactoryLoader() looking at "/usr/bin/mscompress"
"Failed to extract plugin meta data from '/usr/bin/mscompress'" 
         not a plugin
QFactoryLoader::QFactoryLoader() looking at "/usr/bin/msexpand"
"Failed to extract plugin meta data from '/usr/bin/msexpand'" 
         not a plugin
QFactoryLoader::QFactoryLoader() looking at "/usr/bin/msgattrib"
"Failed to extract plugin meta data from '/usr/bin/msgattrib'" 
         not a plugin
QFactoryLoader::QFactoryLoader() looking at "/usr/bin/msgcat"
"Failed to extract plugin meta data from '/usr/bin/msgcat'" 
         not a plugin
QFactoryLoader::QFactoryLoader() looking at "/usr/bin/msgcmp"
"Failed to extract plugin meta data from '/usr/bin/msgcmp'" 
         not a plugin
QFactoryLoader::QFactoryLoader() looking at "/usr/bin/msgcomm"
"Failed to extract plugin meta data from '/usr/bin/msgcomm'" 
         not a plugin
QFactoryLoader::QFactoryLoader() looking at "/usr/bin/msgconv"
"Failed to extract plugin meta data from '/usr/bin/msgconv'" 
         not a plugin
QFactoryLoader::QFactoryLoader() looking at "/usr/bin/msgen"
"Failed to extract plugin meta data from '/usr/bin/msgen'" 
         not a plugin
QFactoryLoader::QFactoryLoader() looking at "/usr/bin/msgexec"
"Failed to extract plugin meta data from '/usr/bin/msgexec'" 
         not a plugin
QFactoryLoader::QFactoryLoader() looking at "/usr/bin/msgfilter"
"Failed to extract plugin meta data from '/usr/bin/msgfilter'" 
         not a plugin
QFactoryLoader::QFactoryLoader() looking at "/usr/bin/msgfmt"
"Failed to extract plugin meta data from '/usr/bin/msgfmt'" 
         not a plugin
QFactoryLoader::QFactoryLoader() looking at "/usr/bin/msggrep"
"Failed to extract plugin meta data from '/usr/bin/msggrep'" 
         not a plugin
QFactoryLoader::QFactoryLoader() looking at "/usr/bin/msginit"
"Failed to extract plugin meta data from '/usr/bin/msginit'" 
         not a plugin
QFactoryLoader::QFactoryLoader() looking at "/usr/bin/msgmerge"
"Failed to extract plugin meta data from '/usr/bin/msgmerge'" 
         not a plugin
QFactoryLoader::QFactoryLoader() looking at "/usr/bin/msgunfmt"
"Failed to extract plugin meta data from '/usr/bin/msgunfmt'" 
         not a plugin
QFactoryLoader::QFactoryLoader() looking at "/usr/bin/msguniq"
"Failed to extract plugin meta data from '/usr/bin/msguniq'" 
         not a plugin
QFactoryLoader::QFactoryLoader() looking at "/usr/bin/msiexec"
QElfParser: '/usr/lib/wine/wineapploader' is not an ELF object
"'/usr/lib/wine/wineapploader' is not an ELF object" 
         not a plugin
QFactoryLoader::QFactoryLoader() looking at "/usr/bin/msiexec-stable"
QElfParser: '/usr/lib/wine/wineapploader' is not an ELF object
"'/usr/lib/wine/wineapploader' is not an ELF object" 
         not a plugin
QFactoryLoader::QFactoryLoader() looking at "/usr/bin/msxlint"
"Failed to extract plugin meta data from '/usr/bin/msxlint'" 
         not a plugin
QFactoryLoader::QFactoryLoader() looking at "/usr/bin/mt"
"Failed to extract plugin meta data from '/usr/bin/mt-gnu'" 
         not a plugin
QFactoryLoader::QFactoryLoader() looking at "/usr/bin/mt-gnu"
"Failed to extract plugin meta data from '/usr/bin/mt-gnu'" 
         not a plugin
QFactoryLoader::QFactoryLoader() looking at "/usr/bin/mtr"
"Failed to extract plugin meta data from '/usr/bin/mtr'" 
         not a plugin
QFactoryLoader::QFactoryLoader() looking at "/usr/bin/mtr-packet"
"Failed to extract plugin meta data from '/usr/bin/mtr-packet'" 
         not a plugin
QFactoryLoader::QFactoryLoader() looking at "/usr/bin/mtvtoppm"
"Failed to extract plugin meta data from '/usr/bin/mtvtoppm'" 
         not a plugin
QFactoryLoader::QFactoryLoader() looking at "/usr/bin/mtxrun"
QElfParser: '/usr/bin/mtxrun' is not an ELF object
"'/usr/bin/mtxrun' is not an ELF object" 
         not a plugin
QFactoryLoader::QFactoryLoader() looking at "/usr/bin/mtxrunjit"
QElfParser: '/usr/bin/mtxrunjit' is not an ELF object
"'/usr/bin/mtxrunjit' is not an ELF object" 
         not a plugin
QFactoryLoader::QFactoryLoader() looking at "/usr/bin/mugshot"
QElfParser: '/usr/bin/mugshot' is not an ELF object
"'/usr/bin/mugshot' is not an ELF object" 
         not a plugin
QFactoryLoader::QFactoryLoader() looking at "/usr/bin/multibibliography"
QElfParser: '/usr/share/texlive/texmf-dist/scripts/multibibliography/multibibliography.pl' is not an ELF object
"'/usr/share/texlive/texmf-dist/scripts/multibibliography/multibibliography.pl' is not an ELF object" 
         not a plugin
QFactoryLoader::QFactoryLoader() looking at "/usr/bin/musixflx"
QElfParser: '/usr/share/texlive/texmf-dist/scripts/musixtex/musixflx.lua' is not an ELF object
"'/usr/share/texlive/texmf-dist/scripts/musixtex/musixflx.lua' is not an ELF object" 
         not a plugin
QFactoryLoader::QFactoryLoader() looking at "/usr/bin/musixtex"
QElfParser: '/usr/share/texlive/texmf-dist/scripts/musixtex/musixtex.lua' is not an ELF object
"'/usr/share/texlive/texmf-dist/scripts/musixtex/musixtex.lua' is not an ELF object" 
         not a plugin
QFactoryLoader::QFactoryLoader() looking at "/usr/bin/mv"
"Failed to extract plugin meta data from '/usr/bin/mv'" 
         not a plugin
QFactoryLoader::QFactoryLoader() looking at "/usr/bin/namei"
"Failed to extract plugin meta data from '/usr/bin/namei'" 
         not a plugin
QFactoryLoader::QFactoryLoader() looking at "/usr/bin/nano"
"Failed to extract plugin meta data from '/usr/bin/nano'" 
         not a plugin
QFactoryLoader::QFactoryLoader() looking at "/usr/bin/nawk"
"Failed to extract plugin meta data from '/usr/bin/mawk'" 
         not a plugin
QFactoryLoader::QFactoryLoader() looking at "/usr/bin/nc"
"Failed to extract plugin meta data from '/usr/bin/nc.openbsd'" 
         not a plugin
QFactoryLoader::QFactoryLoader() looking at "/usr/bin/nc.openbsd"
"Failed to extract plugin meta data from '/usr/bin/nc.openbsd'" 
         not a plugin
QFactoryLoader::QFactoryLoader() looking at "/usr/bin/neato"
"Failed to extract plugin meta data from '/usr/sbin/libgvc6-config-update'" 
         not a plugin
QFactoryLoader::QFactoryLoader() looking at "/usr/bin/neotoppm"
"Failed to extract plugin meta data from '/usr/bin/neotoppm'" 
         not a plugin
QFactoryLoader::QFactoryLoader() looking at "/usr/bin/neqn"
QElfParser: '/usr/bin/neqn' is not an ELF object
"'/usr/bin/neqn' is not an ELF object" 
         not a plugin
QFactoryLoader::QFactoryLoader() looking at "/usr/bin/netcat"
"Failed to extract plugin meta data from '/usr/bin/nc.openbsd'" 
         not a plugin
QFactoryLoader::QFactoryLoader() looking at "/usr/bin/networkctl"
"Failed to extract plugin meta data from '/usr/bin/networkctl'" 
         not a plugin
QFactoryLoader::QFactoryLoader() looking at "/usr/bin/networkd-dispatcher"
QElfParser: '/usr/bin/networkd-dispatcher' is not an ELF object
"'/usr/bin/networkd-dispatcher' is not an ELF object" 
         not a plugin
QFactoryLoader::QFactoryLoader() looking at "/usr/bin/newgrp"
"Failed to extract plugin meta data from '/usr/bin/newgrp'" 
         not a plugin
QFactoryLoader::QFactoryLoader() looking at "/usr/bin/ngettext"
"Failed to extract plugin meta data from '/usr/bin/ngettext'" 
         not a plugin
QFactoryLoader::QFactoryLoader() looking at "/usr/bin/nice"
"Failed to extract plugin meta data from '/usr/bin/nice'" 
         not a plugin
QFactoryLoader::QFactoryLoader() looking at "/usr/bin/nisdomainname"
"Failed to extract plugin meta data from '/usr/bin/hostname'" 
         not a plugin
QFactoryLoader::QFactoryLoader() looking at "/usr/bin/nl"
"Failed to extract plugin meta data from '/usr/bin/nl'" 
         not a plugin
QFactoryLoader::QFactoryLoader() looking at "/usr/bin/nm-applet"
"Failed to extract plugin meta data from '/usr/bin/nm-applet'" 
         not a plugin
QFactoryLoader::QFactoryLoader() looking at "/usr/bin/nm-connection-editor"
"Failed to extract plugin meta data from '/usr/bin/nm-connection-editor'" 
         not a plugin
QFactoryLoader::QFactoryLoader() looking at "/usr/bin/nm-online"
"Failed to extract plugin meta data from '/usr/bin/nm-online'" 
         not a plugin
QFactoryLoader::QFactoryLoader() looking at "/usr/bin/nmcli"
"Failed to extract plugin meta data from '/usr/bin/nmcli'" 
         not a plugin
QFactoryLoader::QFactoryLoader() looking at "/usr/bin/nmtui"
"Failed to extract plugin meta data from '/usr/bin/nmtui'" 
         not a plugin
QFactoryLoader::QFactoryLoader() looking at "/usr/bin/nmtui-connect"
"Failed to extract plugin meta data from '/usr/bin/nmtui'" 
         not a plugin
QFactoryLoader::QFactoryLoader() looking at "/usr/bin/nmtui-edit"
"Failed to extract plugin meta data from '/usr/bin/nmtui'" 
         not a plugin
QFactoryLoader::QFactoryLoader() looking at "/usr/bin/nmtui-hostname"
"Failed to extract plugin meta data from '/usr/bin/nmtui'" 
         not a plugin
QFactoryLoader::QFactoryLoader() looking at "/usr/bin/nohup"
"Failed to extract plugin meta data from '/usr/bin/nohup'" 
         not a plugin
QFactoryLoader::QFactoryLoader() looking at "/usr/bin/nop"
"Failed to extract plugin meta data from '/usr/bin/nop'" 
         not a plugin
QFactoryLoader::QFactoryLoader() looking at "/usr/bin/notify-send"
"Failed to extract plugin meta data from '/usr/bin/notify-send'" 
         not a plugin
QFactoryLoader::QFactoryLoader() looking at "/usr/bin/nproc"
"Failed to extract plugin meta data from '/usr/bin/nproc'" 
         not a plugin
QFactoryLoader::QFactoryLoader() looking at "/usr/bin/nroff"
QElfParser: '/usr/bin/nroff' is not an ELF object
"'/usr/bin/nroff' is not an ELF object" 
         not a plugin
QFactoryLoader::QFactoryLoader() looking at "/usr/bin/nsenter"
"Failed to extract plugin meta data from '/usr/bin/nsenter'" 
         not a plugin
QFactoryLoader::QFactoryLoader() looking at "/usr/bin/nslookup"
"Failed to extract plugin meta data from '/usr/bin/nslookup'" 
         not a plugin
QFactoryLoader::QFactoryLoader() looking at "/usr/bin/nss-addbuiltin"
"Failed to extract plugin meta data from '/usr/bin/nss-addbuiltin'" 
         not a plugin
QFactoryLoader::QFactoryLoader() looking at "/usr/bin/nss-dbtest"
"Failed to extract plugin meta data from '/usr/bin/nss-dbtest'" 
         not a plugin
QFactoryLoader::QFactoryLoader() looking at "/usr/bin/nss-pp"
"Failed to extract plugin meta data from '/usr/bin/nss-pp'" 
         not a plugin
QFactoryLoader::QFactoryLoader() looking at "/usr/bin/nstat"
"Failed to extract plugin meta data from '/usr/bin/nstat'" 
         not a plugin
QFactoryLoader::QFactoryLoader() looking at "/usr/bin/nsupdate"
"Failed to extract plugin meta data from '/usr/bin/nsupdate'" 
         not a plugin
QFactoryLoader::QFactoryLoader() looking at "/usr/bin/ntfs-3g"
"Failed to extract plugin meta data from '/usr/bin/ntfs-3g'" 
         not a plugin
QFactoryLoader::QFactoryLoader() looking at "/usr/bin/ntfs-3g.probe"
"Failed to extract plugin meta data from '/usr/bin/ntfs-3g.probe'" 
         not a plugin
QFactoryLoader::QFactoryLoader() looking at "/usr/bin/ntfscat"
"Failed to extract plugin meta data from '/usr/bin/ntfscat'" 
         not a plugin
QFactoryLoader::QFactoryLoader() looking at "/usr/bin/ntfscluster"
"Failed to extract plugin meta data from '/usr/bin/ntfscluster'" 
         not a plugin
QFactoryLoader::QFactoryLoader() looking at "/usr/bin/ntfscmp"
"Failed to extract plugin meta data from '/usr/bin/ntfscmp'" 
         not a plugin
QFactoryLoader::QFactoryLoader() looking at "/usr/bin/ntfsdecrypt"
"Failed to extract plugin meta data from '/usr/bin/ntfsdecrypt'" 
         not a plugin
QFactoryLoader::QFactoryLoader() looking at "/usr/bin/ntfsfallocate"
"Failed to extract plugin meta data from '/usr/bin/ntfsfallocate'" 
         not a plugin
QFactoryLoader::QFactoryLoader() looking at "/usr/bin/ntfsfix"
"Failed to extract plugin meta data from '/usr/bin/ntfsfix'" 
         not a plugin
QFactoryLoader::QFactoryLoader() looking at "/usr/bin/ntfsinfo"
"Failed to extract plugin meta data from '/usr/bin/ntfsinfo'" 
         not a plugin
QFactoryLoader::QFactoryLoader() looking at "/usr/bin/ntfsls"
"Failed to extract plugin meta data from '/usr/bin/ntfsls'" 
         not a plugin
QFactoryLoader::QFactoryLoader() looking at "/usr/bin/ntfsmove"
"Failed to extract plugin meta data from '/usr/bin/ntfsmove'" 
         not a plugin
QFactoryLoader::QFactoryLoader() looking at "/usr/bin/ntfsrecover"
"Failed to extract plugin meta data from '/usr/bin/ntfsrecover'" 
         not a plugin
QFactoryLoader::QFactoryLoader() looking at "/usr/bin/ntfssecaudit"
"Failed to extract plugin meta data from '/usr/bin/ntfssecaudit'" 
         not a plugin
QFactoryLoader::QFactoryLoader() looking at "/usr/bin/ntfstruncate"
"Failed to extract plugin meta data from '/usr/bin/ntfstruncate'" 
         not a plugin
QFactoryLoader::QFactoryLoader() looking at "/usr/bin/ntfsusermap"
"Failed to extract plugin meta data from '/usr/bin/ntfsusermap'" 
         not a plugin
QFactoryLoader::QFactoryLoader() looking at "/usr/bin/ntfswipe"
"Failed to extract plugin meta data from '/usr/bin/ntfswipe'" 
         not a plugin
QFactoryLoader::QFactoryLoader() looking at "/usr/bin/ntpdc"
"Failed to extract plugin meta data from '/usr/bin/ntpdc'" 
         not a plugin
QFactoryLoader::QFactoryLoader() looking at "/usr/bin/ntpq"
"Failed to extract plugin meta data from '/usr/bin/ntpq'" 
         not a plugin
QFactoryLoader::QFactoryLoader() looking at "/usr/bin/ntpsweep"
QElfParser: '/usr/bin/ntpsweep' is not an ELF object
"'/usr/bin/ntpsweep' is not an ELF object" 
         not a plugin
QFactoryLoader::QFactoryLoader() looking at "/usr/bin/ntptrace"
QElfParser: '/usr/bin/ntptrace' is not an ELF object
"'/usr/bin/ntptrace' is not an ELF object" 
         not a plugin
QFactoryLoader::QFactoryLoader() looking at "/usr/bin/numfmt"
"Failed to extract plugin meta data from '/usr/bin/numfmt'" 
         not a plugin
QFactoryLoader::QFactoryLoader() looking at "/usr/bin/numlockx"
"Failed to extract plugin meta data from '/usr/bin/numlockx'" 
         not a plugin
QFactoryLoader::QFactoryLoader() looking at "/usr/bin/nvidia-detector"
QElfParser: '/usr/bin/nvidia-detector' is not an ELF object
"'/usr/bin/nvidia-detector' is not an ELF object" 
         not a plugin
QFactoryLoader::QFactoryLoader() looking at "/usr/bin/oakdecode"
"Failed to extract plugin meta data from '/usr/bin/oakdecode'" 
         not a plugin
QFactoryLoader::QFactoryLoader() looking at "/usr/bin/obexctl"
"Failed to extract plugin meta data from '/usr/bin/obexctl'" 
         not a plugin
QFactoryLoader::QFactoryLoader() looking at "/usr/bin/oclock"
"Failed to extract plugin meta data from '/usr/bin/oclock'" 
         not a plugin
QFactoryLoader::QFactoryLoader() looking at "/usr/bin/ocspclnt"
"Failed to extract plugin meta data from '/usr/bin/ocspclnt'" 
         not a plugin
QFactoryLoader::QFactoryLoader() looking at "/usr/bin/od"
"Failed to extract plugin meta data from '/usr/bin/od'" 
         not a plugin
QFactoryLoader::QFactoryLoader() looking at "/usr/bin/odvicopy"
"Failed to extract plugin meta data from '/usr/bin/odvicopy'" 
         not a plugin
QFactoryLoader::QFactoryLoader() looking at "/usr/bin/odvitype"
"Failed to extract plugin meta data from '/usr/bin/odvitype'" 
         not a plugin
QFactoryLoader::QFactoryLoader() looking at "/usr/bin/oem-getlogs"
QElfParser: '/usr/bin/oem-getlogs' is not an ELF object
"'/usr/bin/oem-getlogs' is not an ELF object" 
         not a plugin
QFactoryLoader::QFactoryLoader() looking at "/usr/bin/ofm2opl"
"Failed to extract plugin meta data from '/usr/bin/omfonts'" 
         not a plugin
QFactoryLoader::QFactoryLoader() looking at "/usr/bin/omfonts"
"Failed to extract plugin meta data from '/usr/bin/omfonts'" 
         not a plugin
QFactoryLoader::QFactoryLoader() looking at "/usr/bin/on_ac_power"
QElfParser: '/usr/sbin/on_ac_power' is not an ELF object
"'/usr/sbin/on_ac_power' is not an ELF object" 
         not a plugin
QFactoryLoader::QFactoryLoader() looking at "/usr/bin/onboard"
QElfParser: '/usr/bin/onboard' is not an ELF object
"'/usr/bin/onboard' is not an ELF object" 
         not a plugin
QFactoryLoader::QFactoryLoader() looking at "/usr/bin/onboard-settings"
QElfParser: '/usr/bin/onboard-settings' is not an ELF object
"'/usr/bin/onboard-settings' is not an ELF object" 
         not a plugin
QFactoryLoader::QFactoryLoader() looking at "/usr/bin/open"
QElfParser: '/usr/bin/xdg-open' is not an ELF object
"'/usr/bin/xdg-open' is not an ELF object" 
         not a plugin
QFactoryLoader::QFactoryLoader() looking at "/usr/bin/openjade"
"Failed to extract plugin meta data from '/usr/bin/openjade-1.4devel'" 
         not a plugin
QFactoryLoader::QFactoryLoader() looking at "/usr/bin/openjade-1.4devel"
"Failed to extract plugin meta data from '/usr/bin/openjade-1.4devel'" 
         not a plugin
QFactoryLoader::QFactoryLoader() looking at "/usr/bin/openssl"
"Failed to extract plugin meta data from '/usr/bin/openssl'" 
         not a plugin
QFactoryLoader::QFactoryLoader() looking at "/usr/bin/openvt"
"Failed to extract plugin meta data from '/usr/bin/openvt'" 
         not a plugin
QFactoryLoader::QFactoryLoader() looking at "/usr/bin/opl2ofm"
"Failed to extract plugin meta data from '/usr/bin/omfonts'" 
         not a plugin
QFactoryLoader::QFactoryLoader() looking at "/usr/bin/opldecode"
"Failed to extract plugin meta data from '/usr/bin/opldecode'" 
         not a plugin
QFactoryLoader::QFactoryLoader() looking at "/usr/bin/optex"
"Failed to extract plugin meta data from '/usr/bin/luatex'" 
         not a plugin
QFactoryLoader::QFactoryLoader() looking at "/usr/bin/os-prober"
QElfParser: '/usr/bin/os-prober' is not an ELF object
"'/usr/bin/os-prober' is not an ELF object" 
         not a plugin
QFactoryLoader::QFactoryLoader() looking at "/usr/bin/osage"
"Failed to extract plugin meta data from '/usr/sbin/libgvc6-config-update'" 
         not a plugin
QFactoryLoader::QFactoryLoader() looking at "/usr/bin/ot2kpx"
QElfParser: '/usr/share/texlive/texmf-dist/scripts/fontools/ot2kpx' is not an ELF object
"'/usr/share/texlive/texmf-dist/scripts/fontools/ot2kpx' is not an ELF object" 
         not a plugin
QFactoryLoader::QFactoryLoader() looking at "/usr/bin/otangle"
"Failed to extract plugin meta data from '/usr/bin/otangle'" 
         not a plugin
QFactoryLoader::QFactoryLoader() looking at "/usr/bin/otfinfo"
"Failed to extract plugin meta data from '/usr/bin/otfinfo'" 
         not a plugin
QFactoryLoader::QFactoryLoader() looking at "/usr/bin/otftotfm"
"Failed to extract plugin meta data from '/usr/bin/otftotfm'" 
         not a plugin
QFactoryLoader::QFactoryLoader() looking at "/usr/bin/otp2ocp"
"Failed to extract plugin meta data from '/usr/bin/otp2ocp'" 
         not a plugin
QFactoryLoader::QFactoryLoader() looking at "/usr/bin/outocp"
"Failed to extract plugin meta data from '/usr/bin/outocp'" 
         not a plugin
QFactoryLoader::QFactoryLoader() looking at "/usr/bin/ovf2ovp"
"Failed to extract plugin meta data from '/usr/bin/omfonts'" 
         not a plugin
QFactoryLoader::QFactoryLoader() looking at "/usr/bin/ovp2ovf"
"Failed to extract plugin meta data from '/usr/bin/omfonts'" 
         not a plugin
QFactoryLoader::QFactoryLoader() looking at "/usr/bin/p11-kit"
"Failed to extract plugin meta data from '/usr/bin/p11-kit'" 
         not a plugin
QFactoryLoader::QFactoryLoader() looking at "/usr/bin/p7content"
"Failed to extract plugin meta data from '/usr/bin/p7content'" 
         not a plugin
QFactoryLoader::QFactoryLoader() looking at "/usr/bin/p7env"
"Failed to extract plugin meta data from '/usr/bin/p7env'" 
         not a plugin
QFactoryLoader::QFactoryLoader() looking at "/usr/bin/p7sign"
"Failed to extract plugin meta data from '/usr/bin/p7sign'" 
         not a plugin
QFactoryLoader::QFactoryLoader() looking at "/usr/bin/p7verify"
"Failed to extract plugin meta data from '/usr/bin/p7verify'" 
         not a plugin
QFactoryLoader::QFactoryLoader() looking at "/usr/bin/p7zip"
QElfParser: '/usr/bin/p7zip' is not an ELF object
"'/usr/bin/p7zip' is not an ELF object" 
         not a plugin
QFactoryLoader::QFactoryLoader() looking at "/usr/bin/pa-info"
QElfParser: '/usr/bin/pa-info' is not an ELF object
"'/usr/bin/pa-info' is not an ELF object" 
         not a plugin
QFactoryLoader::QFactoryLoader() looking at "/usr/bin/pacat"
"Failed to extract plugin meta data from '/usr/bin/pacat'" 
         not a plugin
QFactoryLoader::QFactoryLoader() looking at "/usr/bin/pacmd"
"Failed to extract plugin meta data from '/usr/bin/pacmd'" 
         not a plugin
QFactoryLoader::QFactoryLoader() looking at "/usr/bin/pactl"
"Failed to extract plugin meta data from '/usr/bin/pactl'" 
         not a plugin
QFactoryLoader::QFactoryLoader() looking at "/usr/bin/padsp"
QElfParser: '/usr/bin/padsp' is not an ELF object
"'/usr/bin/padsp' is not an ELF object" 
         not a plugin
QFactoryLoader::QFactoryLoader() looking at "/usr/bin/pager"
"Failed to extract plugin meta data from '/usr/bin/less'" 
         not a plugin
QFactoryLoader::QFactoryLoader() looking at "/usr/bin/palmtopnm"
"Failed to extract plugin meta data from '/usr/bin/palmtopnm'" 
         not a plugin
QFactoryLoader::QFactoryLoader() looking at "/usr/bin/pamcut"
"Failed to extract plugin meta data from '/usr/bin/pamcut'" 
         not a plugin
QFactoryLoader::QFactoryLoader() looking at "/usr/bin/pamdeinterlace"
"Failed to extract plugin meta data from '/usr/bin/pamdeinterlace'" 
         not a plugin
QFactoryLoader::QFactoryLoader() looking at "/usr/bin/pamdice"
"Failed to extract plugin meta data from '/usr/bin/pamdice'" 
         not a plugin
QFactoryLoader::QFactoryLoader() looking at "/usr/bin/pamfile"
"Failed to extract plugin meta data from '/usr/bin/pamfile'" 
         not a plugin
QFactoryLoader::QFactoryLoader() looking at "/usr/bin/pamoil"
"Failed to extract plugin meta data from '/usr/bin/pamoil'" 
         not a plugin
QFactoryLoader::QFactoryLoader() looking at "/usr/bin/pamon"
"Failed to extract plugin meta data from '/usr/bin/pacat'" 
         not a plugin
QFactoryLoader::QFactoryLoader() looking at "/usr/bin/pamphletangler"
QElfParser: '/usr/share/texlive/texmf-dist/scripts/clojure-pamphlet/pamphletangler' is not an ELF object
"'/usr/share/texlive/texmf-dist/scripts/clojure-pamphlet/pamphletangler' is not an ELF object" 
         not a plugin
QFactoryLoader::QFactoryLoader() looking at "/usr/bin/pamstack"
"Failed to extract plugin meta data from '/usr/bin/pamstack'" 
         not a plugin
QFactoryLoader::QFactoryLoader() looking at "/usr/bin/pamstretch"
"Failed to extract plugin meta data from '/usr/bin/pamstretch'" 
         not a plugin
QFactoryLoader::QFactoryLoader() looking at "/usr/bin/pamstretch-gen"
QElfParser: '/usr/bin/pamstretch-gen' is not an ELF object
"'/usr/bin/pamstretch-gen' is not an ELF object" 
         not a plugin
QFactoryLoader::QFactoryLoader() looking at "/usr/bin/paperconf"
"Failed to extract plugin meta data from '/usr/bin/paperconf'" 
         not a plugin
QFactoryLoader::QFactoryLoader() looking at "/usr/bin/paplay"
"Failed to extract plugin meta data from '/usr/bin/pacat'" 
         not a plugin
QFactoryLoader::QFactoryLoader() looking at "/usr/bin/parec"
"Failed to extract plugin meta data from '/usr/bin/pacat'" 
         not a plugin
QFactoryLoader::QFactoryLoader() looking at "/usr/bin/parecord"
"Failed to extract plugin meta data from '/usr/bin/pacat'" 
         not a plugin
QFactoryLoader::QFactoryLoader() looking at "/usr/bin/parole"
"Failed to extract plugin meta data from '/usr/bin/parole'" 
         not a plugin
QFactoryLoader::QFactoryLoader() looking at "/usr/bin/partx"
"Failed to extract plugin meta data from '/usr/bin/partx'" 
         not a plugin
QFactoryLoader::QFactoryLoader() looking at "/usr/bin/passwd"
"Failed to extract plugin meta data from '/usr/bin/passwd'" 
         not a plugin
QFactoryLoader::QFactoryLoader() looking at "/usr/bin/paste"
"Failed to extract plugin meta data from '/usr/bin/paste'" 
         not a plugin
QFactoryLoader::QFactoryLoader() looking at "/usr/bin/pastebinit"
QElfParser: '/usr/bin/pastebinit' is not an ELF object
"'/usr/bin/pastebinit' is not an ELF object" 
         not a plugin
QFactoryLoader::QFactoryLoader() looking at "/usr/bin/pasuspender"
"Failed to extract plugin meta data from '/usr/bin/pasuspender'" 
         not a plugin
QFactoryLoader::QFactoryLoader() looking at "/usr/bin/patch"
"Failed to extract plugin meta data from '/usr/bin/patch'" 
         not a plugin
QFactoryLoader::QFactoryLoader() looking at "/usr/bin/patchwork"
"Failed to extract plugin meta data from '/usr/sbin/libgvc6-config-update'" 
         not a plugin
QFactoryLoader::QFactoryLoader() looking at "/usr/bin/patgen"
"Failed to extract plugin meta data from '/usr/bin/patgen'" 
         not a plugin
QFactoryLoader::QFactoryLoader() looking at "/usr/bin/pathchk"
"Failed to extract plugin meta data from '/usr/bin/pathchk'" 
         not a plugin
QFactoryLoader::QFactoryLoader() looking at "/usr/bin/pavucontrol"
"Failed to extract plugin meta data from '/usr/bin/pavucontrol'" 
         not a plugin
QFactoryLoader::QFactoryLoader() looking at "/usr/bin/pax11publish"
"Failed to extract plugin meta data from '/usr/bin/pax11publish'" 
         not a plugin
QFactoryLoader::QFactoryLoader() looking at "/usr/bin/pbget"
QElfParser: '/usr/bin/pbput' is not an ELF object
"'/usr/bin/pbput' is not an ELF object" 
         not a plugin
QFactoryLoader::QFactoryLoader() looking at "/usr/bin/pbibtex"
"Failed to extract plugin meta data from '/usr/bin/pbibtex'" 
         not a plugin
QFactoryLoader::QFactoryLoader() looking at "/usr/bin/pbmclean"
"Failed to extract plugin meta data from '/usr/bin/pbmclean'" 
         not a plugin
QFactoryLoader::QFactoryLoader() looking at "/usr/bin/pbmlife"
"Failed to extract plugin meta data from '/usr/bin/pbmlife'" 
         not a plugin
QFactoryLoader::QFactoryLoader() looking at "/usr/bin/pbmmake"
"Failed to extract plugin meta data from '/usr/bin/pbmmake'" 
         not a plugin
QFactoryLoader::QFactoryLoader() looking at "/usr/bin/pbmmask"
"Failed to extract plugin meta data from '/usr/bin/pbmmask'" 
         not a plugin
QFactoryLoader::QFactoryLoader() looking at "/usr/bin/pbmpage"
"Failed to extract plugin meta data from '/usr/bin/pbmpage'" 
         not a plugin
QFactoryLoader::QFactoryLoader() looking at "/usr/bin/pbmpscale"
"Failed to extract plugin meta data from '/usr/bin/pbmpscale'" 
         not a plugin
QFactoryLoader::QFactoryLoader() looking at "/usr/bin/pbmreduce"
"Failed to extract plugin meta data from '/usr/bin/pbmreduce'" 
         not a plugin
QFactoryLoader::QFactoryLoader() looking at "/usr/bin/pbmtext"
"Failed to extract plugin meta data from '/usr/bin/pbmtext'" 
         not a plugin
QFactoryLoader::QFactoryLoader() looking at "/usr/bin/pbmtextps"
"Failed to extract plugin meta data from '/usr/bin/pbmtextps'" 
         not a plugin
QFactoryLoader::QFactoryLoader() looking at "/usr/bin/pbmto10x"
"Failed to extract plugin meta data from '/usr/bin/pbmto10x'" 
         not a plugin
QFactoryLoader::QFactoryLoader() looking at "/usr/bin/pbmtoascii"
"Failed to extract plugin meta data from '/usr/bin/pbmtoascii'" 
         not a plugin
QFactoryLoader::QFactoryLoader() looking at "/usr/bin/pbmtoatk"
"Failed to extract plugin meta data from '/usr/bin/pbmtoatk'" 
         not a plugin
QFactoryLoader::QFactoryLoader() looking at "/usr/bin/pbmtobbnbg"
"Failed to extract plugin meta data from '/usr/bin/pbmtobbnbg'" 
         not a plugin
QFactoryLoader::QFactoryLoader() looking at "/usr/bin/pbmtocmuwm"
"Failed to extract plugin meta data from '/usr/bin/pbmtocmuwm'" 
         not a plugin
QFactoryLoader::QFactoryLoader() looking at "/usr/bin/pbmtoepsi"
"Failed to extract plugin meta data from '/usr/bin/pbmtoepsi'" 
         not a plugin
QFactoryLoader::QFactoryLoader() looking at "/usr/bin/pbmtoepson"
"Failed to extract plugin meta data from '/usr/bin/pbmtoepson'" 
         not a plugin
QFactoryLoader::QFactoryLoader() looking at "/usr/bin/pbmtog3"
"Failed to extract plugin meta data from '/usr/bin/pbmtog3'" 
         not a plugin
QFactoryLoader::QFactoryLoader() looking at "/usr/bin/pbmtogem"
"Failed to extract plugin meta data from '/usr/bin/pbmtogem'" 
         not a plugin
QFactoryLoader::QFactoryLoader() looking at "/usr/bin/pbmtogo"
"Failed to extract plugin meta data from '/usr/bin/pbmtogo'" 
         not a plugin
QFactoryLoader::QFactoryLoader() looking at "/usr/bin/pbmtoicon"
"Failed to extract plugin meta data from '/usr/bin/pbmtoicon'" 
         not a plugin
QFactoryLoader::QFactoryLoader() looking at "/usr/bin/pbmtolj"
"Failed to extract plugin meta data from '/usr/bin/pbmtolj'" 
         not a plugin
QFactoryLoader::QFactoryLoader() looking at "/usr/bin/pbmtomacp"
"Failed to extract plugin meta data from '/usr/bin/pbmtomacp'" 
         not a plugin
QFactoryLoader::QFactoryLoader() looking at "/usr/bin/pbmtomda"
"Failed to extract plugin meta data from '/usr/bin/pbmtomda'" 
         not a plugin
QFactoryLoader::QFactoryLoader() looking at "/usr/bin/pbmtomgr"
"Failed to extract plugin meta data from '/usr/bin/pbmtomgr'" 
         not a plugin
QFactoryLoader::QFactoryLoader() looking at "/usr/bin/pbmtonokia"
"Failed to extract plugin meta data from '/usr/bin/pbmtonokia'" 
         not a plugin
QFactoryLoader::QFactoryLoader() looking at "/usr/bin/pbmtopgm"
"Failed to extract plugin meta data from '/usr/bin/pbmtopgm'" 
         not a plugin
QFactoryLoader::QFactoryLoader() looking at "/usr/bin/pbmtopi3"
"Failed to extract plugin meta data from '/usr/bin/pbmtopi3'" 
         not a plugin
QFactoryLoader::QFactoryLoader() looking at "/usr/bin/pbmtoplot"
"Failed to extract plugin meta data from '/usr/bin/pbmtoplot'" 
         not a plugin
QFactoryLoader::QFactoryLoader() looking at "/usr/bin/pbmtoppa"
"Failed to extract plugin meta data from '/usr/bin/pbmtoppa'" 
         not a plugin
QFactoryLoader::QFactoryLoader() looking at "/usr/bin/pbmtopsg3"
"Failed to extract plugin meta data from '/usr/bin/pbmtopsg3'" 
         not a plugin
QFactoryLoader::QFactoryLoader() looking at "/usr/bin/pbmtoptx"
"Failed to extract plugin meta data from '/usr/bin/pbmtoptx'" 
         not a plugin
QFactoryLoader::QFactoryLoader() looking at "/usr/bin/pbmtowbmp"
"Failed to extract plugin meta data from '/usr/bin/pbmtowbmp'" 
         not a plugin
QFactoryLoader::QFactoryLoader() looking at "/usr/bin/pbmtox10bm"
"Failed to extract plugin meta data from '/usr/bin/pbmtox10bm'" 
         not a plugin
QFactoryLoader::QFactoryLoader() looking at "/usr/bin/pbmtoxbm"
"Failed to extract plugin meta data from '/usr/bin/pbmtoxbm'" 
         not a plugin
QFactoryLoader::QFactoryLoader() looking at "/usr/bin/pbmtoybm"
"Failed to extract plugin meta data from '/usr/bin/pbmtoybm'" 
         not a plugin
QFactoryLoader::QFactoryLoader() looking at "/usr/bin/pbmtozinc"
"Failed to extract plugin meta data from '/usr/bin/pbmtozinc'" 
         not a plugin
QFactoryLoader::QFactoryLoader() looking at "/usr/bin/pbmupc"
"Failed to extract plugin meta data from '/usr/bin/pbmupc'" 
         not a plugin
QFactoryLoader::QFactoryLoader() looking at "/usr/bin/pbput"
QElfParser: '/usr/bin/pbput' is not an ELF object
"'/usr/bin/pbput' is not an ELF object" 
         not a plugin
QFactoryLoader::QFactoryLoader() looking at "/usr/bin/pbputs"
QElfParser: '/usr/bin/pbput' is not an ELF object
"'/usr/bin/pbput' is not an ELF object" 
         not a plugin
QFactoryLoader::QFactoryLoader() looking at "/usr/bin/pcxtoppm"
"Failed to extract plugin meta data from '/usr/bin/pcxtoppm'" 
         not a plugin
QFactoryLoader::QFactoryLoader() looking at "/usr/bin/pdb3"
QElfParser: '/usr/lib/python3.10/pdb.py' is not an ELF object
"'/usr/lib/python3.10/pdb.py' is not an ELF object" 
         not a plugin
QFactoryLoader::QFactoryLoader() looking at "/usr/bin/pdb3.10"
QElfParser: '/usr/lib/python3.10/pdb.py' is not an ELF object
"'/usr/lib/python3.10/pdb.py' is not an ELF object" 
         not a plugin
QFactoryLoader::QFactoryLoader() looking at "/usr/bin/pdb3.8"
QElfParser: '/usr/lib/python3.8/pdb.py' is not an ELF object
"'/usr/lib/python3.8/pdb.py' is not an ELF object" 
         not a plugin
QFactoryLoader::QFactoryLoader() looking at "/usr/bin/pdf2dsc"
QElfParser: '/usr/bin/pdf2dsc' is not an ELF object
"'/usr/bin/pdf2dsc' is not an ELF object" 
         not a plugin
QFactoryLoader::QFactoryLoader() looking at "/usr/bin/pdf2ps"
QElfParser: '/usr/bin/pdf2ps' is not an ELF object
"'/usr/bin/pdf2ps' is not an ELF object" 
         not a plugin
QFactoryLoader::QFactoryLoader() looking at "/usr/bin/pdfannotextractor"
QElfParser: '/usr/share/texlive/texmf-dist/scripts/pax/pdfannotextractor.pl' is not an ELF object
"'/usr/share/texlive/texmf-dist/scripts/pax/pdfannotextractor.pl' is not an ELF object" 
         not a plugin
QFactoryLoader::QFactoryLoader() looking at "/usr/bin/pdfatfi"
QElfParser: '/usr/share/texlive/texmf-dist/scripts/attachfile2/pdfatfi.pl' is not an ELF object
"'/usr/share/texlive/texmf-dist/scripts/attachfile2/pdfatfi.pl' is not an ELF object" 
         not a plugin
QFactoryLoader::QFactoryLoader() looking at "/usr/bin/pdfattach"
"Failed to extract plugin meta data from '/usr/bin/pdfattach'" 
         not a plugin
QFactoryLoader::QFactoryLoader() looking at "/usr/bin/pdfbook2"
QElfParser: '/usr/share/texlive/texmf-dist/scripts/pdfbook2/pdfbook2' is not an ELF object
"'/usr/share/texlive/texmf-dist/scripts/pdfbook2/pdfbook2' is not an ELF object" 
         not a plugin
QFactoryLoader::QFactoryLoader() looking at "/usr/bin/pdfclose"
"Failed to extract plugin meta data from '/usr/bin/pdfclose'" 
         not a plugin
QFactoryLoader::QFactoryLoader() looking at "/usr/bin/pdfcrop"
QElfParser: '/usr/share/texlive/texmf-dist/scripts/pdfcrop/pdfcrop.pl' is not an ELF object
"'/usr/share/texlive/texmf-dist/scripts/pdfcrop/pdfcrop.pl' is not an ELF object" 
         not a plugin
QFactoryLoader::QFactoryLoader() looking at "/usr/bin/pdfcslatex"
"Failed to extract plugin meta data from '/usr/bin/pdftex'" 
         not a plugin
QFactoryLoader::QFactoryLoader() looking at "/usr/bin/pdfcsplain"
"Failed to extract plugin meta data from '/usr/bin/pdftex'" 
         not a plugin
QFactoryLoader::QFactoryLoader() looking at "/usr/bin/pdfdetach"
"Failed to extract plugin meta data from '/usr/bin/pdfdetach'" 
         not a plugin
QFactoryLoader::QFactoryLoader() looking at "/usr/bin/pdfetex"
"Failed to extract plugin meta data from '/usr/bin/pdftex'" 
         not a plugin
QFactoryLoader::QFactoryLoader() looking at "/usr/bin/pdffonts"
"Failed to extract plugin meta data from '/usr/bin/pdffonts'" 
         not a plugin
QFactoryLoader::QFactoryLoader() looking at "/usr/bin/pdfimages"
"Failed to extract plugin meta data from '/usr/bin/pdfimages'" 
         not a plugin
QFactoryLoader::QFactoryLoader() looking at "/usr/bin/pdfinfo"
"Failed to extract plugin meta data from '/usr/bin/pdfinfo'" 
         not a plugin
QFactoryLoader::QFactoryLoader() looking at "/usr/bin/pdfjadetex"
"Failed to extract plugin meta data from '/usr/bin/pdftex'" 
         not a plugin
QFactoryLoader::QFactoryLoader() looking at "/usr/bin/pdfjam"
QElfParser: '/usr/share/texlive/texmf-dist/scripts/pdfjam/pdfjam' is not an ELF object
"'/usr/share/texlive/texmf-dist/scripts/pdfjam/pdfjam' is not an ELF object" 
         not a plugin
QFactoryLoader::QFactoryLoader() looking at "/usr/bin/pdflatex"
"Failed to extract plugin meta data from '/usr/bin/pdftex'" 
         not a plugin
QFactoryLoader::QFactoryLoader() looking at "/usr/bin/pdflatex-dev"
"Failed to extract plugin meta data from '/usr/bin/pdftex'" 
         not a plugin
QFactoryLoader::QFactoryLoader() looking at "/usr/bin/pdflatexpicscale"
QElfParser: '/usr/share/texlive/texmf-dist/scripts/pdflatexpicscale/pdflatexpicscale.pl' is not an ELF object
"'/usr/share/texlive/texmf-dist/scripts/pdflatexpicscale/pdflatexpicscale.pl' is not an ELF object" 
         not a plugin
QFactoryLoader::QFactoryLoader() looking at "/usr/bin/pdfmex"
"Failed to extract plugin meta data from '/usr/bin/pdftex'" 
         not a plugin
QFactoryLoader::QFactoryLoader() looking at "/usr/bin/pdfopen"
"Failed to extract plugin meta data from '/usr/bin/pdfopen'" 
         not a plugin
QFactoryLoader::QFactoryLoader() looking at "/usr/bin/pdfseparate"
"Failed to extract plugin meta data from '/usr/bin/pdfseparate'" 
         not a plugin
QFactoryLoader::QFactoryLoader() looking at "/usr/bin/pdfsig"
"Failed to extract plugin meta data from '/usr/bin/pdfsig'" 
         not a plugin
QFactoryLoader::QFactoryLoader() looking at "/usr/bin/pdftex"
"Failed to extract plugin meta data from '/usr/bin/pdftex'" 
         not a plugin
QFactoryLoader::QFactoryLoader() looking at "/usr/bin/pdftex-quiet"
QElfParser: '/usr/share/texlive/texmf-dist/scripts/pdftex-quiet/pdftex-quiet' is not an ELF object
"'/usr/share/texlive/texmf-dist/scripts/pdftex-quiet/pdftex-quiet' is not an ELF object" 
         not a plugin
QFactoryLoader::QFactoryLoader() looking at "/usr/bin/pdftexi2dvi"
QElfParser: '/usr/bin/pdftexi2dvi' is not an ELF object
"'/usr/bin/pdftexi2dvi' is not an ELF object" 
         not a plugin
QFactoryLoader::QFactoryLoader() looking at "/usr/bin/pdftocairo"
"Failed to extract plugin meta data from '/usr/bin/pdftocairo'" 
         not a plugin
QFactoryLoader::QFactoryLoader() looking at "/usr/bin/pdftohtml"
"Failed to extract plugin meta data from '/usr/bin/pdftohtml'" 
         not a plugin
QFactoryLoader::QFactoryLoader() looking at "/usr/bin/pdftoppm"
"Failed to extract plugin meta data from '/usr/bin/pdftoppm'" 
         not a plugin
QFactoryLoader::QFactoryLoader() looking at "/usr/bin/pdftops"
"Failed to extract plugin meta data from '/usr/bin/pdftops'" 
         not a plugin
QFactoryLoader::QFactoryLoader() looking at "/usr/bin/pdftosrc"
"Failed to extract plugin meta data from '/usr/bin/pdftosrc'" 
         not a plugin
QFactoryLoader::QFactoryLoader() looking at "/usr/bin/pdftotext"
"Failed to extract plugin meta data from '/usr/bin/pdftotext'" 
         not a plugin
QFactoryLoader::QFactoryLoader() looking at "/usr/bin/pdftrimwhite"
QElfParser: '/usr/bin/pdftrimwhite' is not an ELF object (file too small)
"'/usr/bin/pdftrimwhite' is not an ELF object (file too small)" 
         not a plugin
QFactoryLoader::QFactoryLoader() looking at "/usr/bin/pdfunite"
"Failed to extract plugin meta data from '/usr/bin/pdfunite'" 
         not a plugin
QFactoryLoader::QFactoryLoader() looking at "/usr/bin/pdfxmltex"
"Failed to extract plugin meta data from '/usr/bin/pdftex'" 
         not a plugin
QFactoryLoader::QFactoryLoader() looking at "/usr/bin/pdfxup"
QElfParser: '/usr/share/texlive/texmf-dist/scripts/pdfxup/pdfxup' is not an ELF object
"'/usr/share/texlive/texmf-dist/scripts/pdfxup/pdfxup' is not an ELF object" 
         not a plugin
QFactoryLoader::QFactoryLoader() looking at "/usr/bin/pdvitomp"
"Failed to extract plugin meta data from '/usr/bin/pmpost'" 
         not a plugin
QFactoryLoader::QFactoryLoader() looking at "/usr/bin/pdvitype"
"Failed to extract plugin meta data from '/usr/bin/pdvitype'" 
         not a plugin
QFactoryLoader::QFactoryLoader() looking at "/usr/bin/pedigree"
QElfParser: '/usr/share/texlive/texmf-dist/scripts/pedigree-perl/pedigree.pl' is not an ELF object
"'/usr/share/texlive/texmf-dist/scripts/pedigree-perl/pedigree.pl' is not an ELF object" 
         not a plugin
QFactoryLoader::QFactoryLoader() looking at "/usr/bin/peekfd"
"Failed to extract plugin meta data from '/usr/bin/peekfd'" 
         not a plugin
QFactoryLoader::QFactoryLoader() looking at "/usr/bin/perf"
QElfParser: '/usr/bin/perf' is not an ELF object
"'/usr/bin/perf' is not an ELF object" 
         not a plugin
QFactoryLoader::QFactoryLoader() looking at "/usr/bin/perl"
"Failed to extract plugin meta data from '/usr/bin/perl'" 
         not a plugin
QFactoryLoader::QFactoryLoader() looking at "/usr/bin/perl5.34-x86_64-linux-gnu"
"Failed to extract plugin meta data from '/usr/bin/perl5.34-x86_64-linux-gnu'" 
         not a plugin
QFactoryLoader::QFactoryLoader() looking at "/usr/bin/perl5.34.0"
"Failed to extract plugin meta data from '/usr/bin/perl5.34.0'" 
         not a plugin
QFactoryLoader::QFactoryLoader() looking at "/usr/bin/perlbug"
QElfParser: '/usr/bin/perlbug' is not an ELF object
"'/usr/bin/perlbug' is not an ELF object" 
         not a plugin
QFactoryLoader::QFactoryLoader() looking at "/usr/bin/perldoc"
QElfParser: '/usr/bin/perldoc' is not an ELF object
"'/usr/bin/perldoc' is not an ELF object" 
         not a plugin
QFactoryLoader::QFactoryLoader() looking at "/usr/bin/perli11ndoc"
QElfParser: '/usr/bin/perli11ndoc' is not an ELF object
"'/usr/bin/perli11ndoc' is not an ELF object" 
         not a plugin
QFactoryLoader::QFactoryLoader() looking at "/usr/bin/perlivp"
QElfParser: '/usr/bin/perlivp' is not an ELF object
"'/usr/bin/perlivp' is not an ELF object" 
         not a plugin
QFactoryLoader::QFactoryLoader() looking at "/usr/bin/perltex"
QElfParser: '/usr/share/texlive/texmf-dist/scripts/perltex/perltex.pl' is not an ELF object
"'/usr/share/texlive/texmf-dist/scripts/perltex/perltex.pl' is not an ELF object" 
         not a plugin
QFactoryLoader::QFactoryLoader() looking at "/usr/bin/perlthanks"
QElfParser: '/usr/bin/perlthanks' is not an ELF object
"'/usr/bin/perlthanks' is not an ELF object" 
         not a plugin
QFactoryLoader::QFactoryLoader() looking at "/usr/bin/pf2afm"
QElfParser: '/usr/bin/pf2afm' is not an ELF object
"'/usr/bin/pf2afm' is not an ELF object" 
         not a plugin
QFactoryLoader::QFactoryLoader() looking at "/usr/bin/pfarrei"
QElfParser: '/usr/share/texlive/texmf-dist/scripts/pfarrei/pfarrei.tlu' is not an ELF object
"'/usr/share/texlive/texmf-dist/scripts/pfarrei/pfarrei.tlu' is not an ELF object" 
         not a plugin
QFactoryLoader::QFactoryLoader() looking at "/usr/bin/pfb2pfa"
"Failed to extract plugin meta data from '/usr/bin/pfb2pfa'" 
         not a plugin
QFactoryLoader::QFactoryLoader() looking at "/usr/bin/pfb2t1c"
"Failed to extract plugin meta data from '/usr/bin/pfb2t1c'" 
         not a plugin
QFactoryLoader::QFactoryLoader() looking at "/usr/bin/pfbtopfa"
QElfParser: '/usr/bin/pfbtopfa' is not an ELF object
"'/usr/bin/pfbtopfa' is not an ELF object" 
         not a plugin
QFactoryLoader::QFactoryLoader() looking at "/usr/bin/pgmbentley"
"Failed to extract plugin meta data from '/usr/bin/pgmbentley'" 
         not a plugin
QFactoryLoader::QFactoryLoader() looking at "/usr/bin/pgmcrater"
"Failed to extract plugin meta data from '/usr/bin/pgmcrater'" 
         not a plugin
QFactoryLoader::QFactoryLoader() looking at "/usr/bin/pgmedge"
"Failed to extract plugin meta data from '/usr/bin/pgmedge'" 
         not a plugin
QFactoryLoader::QFactoryLoader() looking at "/usr/bin/pgmenhance"
"Failed to extract plugin meta data from '/usr/bin/pgmenhance'" 
         not a plugin
QFactoryLoader::QFactoryLoader() looking at "/usr/bin/pgmhist"
"Failed to extract plugin meta data from '/usr/bin/pgmhist'" 
         not a plugin
QFactoryLoader::QFactoryLoader() looking at "/usr/bin/pgmkernel"
"Failed to extract plugin meta data from '/usr/bin/pgmkernel'" 
         not a plugin
QFactoryLoader::QFactoryLoader() looking at "/usr/bin/pgmnoise"
"Failed to extract plugin meta data from '/usr/bin/pgmnoise'" 
         not a plugin
QFactoryLoader::QFactoryLoader() looking at "/usr/bin/pgmnorm"
"Failed to extract plugin meta data from '/usr/bin/pnmnorm'" 
         not a plugin
QFactoryLoader::QFactoryLoader() looking at "/usr/bin/pgmoil"
"Failed to extract plugin meta data from '/usr/bin/pamoil'" 
         not a plugin
QFactoryLoader::QFactoryLoader() looking at "/usr/bin/pgmramp"
"Failed to extract plugin meta data from '/usr/bin/pgmramp'" 
         not a plugin
QFactoryLoader::QFactoryLoader() looking at "/usr/bin/pgmslice"
"Failed to extract plugin meta data from '/usr/bin/pgmslice'" 
         not a plugin
QFactoryLoader::QFactoryLoader() looking at "/usr/bin/pgmtexture"
"Failed to extract plugin meta data from '/usr/bin/pgmtexture'" 
         not a plugin
QFactoryLoader::QFactoryLoader() looking at "/usr/bin/pgmtofs"
"Failed to extract plugin meta data from '/usr/bin/pgmtofs'" 
         not a plugin
QFactoryLoader::QFactoryLoader() looking at "/usr/bin/pgmtolispm"
"Failed to extract plugin meta data from '/usr/bin/pgmtolispm'" 
         not a plugin
QFactoryLoader::QFactoryLoader() looking at "/usr/bin/pgmtopbm"
"Failed to extract plugin meta data from '/usr/bin/pgmtopbm'" 
         not a plugin
QFactoryLoader::QFactoryLoader() looking at "/usr/bin/pgmtoppm"
"Failed to extract plugin meta data from '/usr/bin/pgmtoppm'" 
         not a plugin
QFactoryLoader::QFactoryLoader() looking at "/usr/bin/pgrep"
"Failed to extract plugin meta data from '/usr/bin/pgrep'" 
         not a plugin
QFactoryLoader::QFactoryLoader() looking at "/usr/bin/pi1toppm"
"Failed to extract plugin meta data from '/usr/bin/pi1toppm'" 
         not a plugin
QFactoryLoader::QFactoryLoader() looking at "/usr/bin/pi3topbm"
"Failed to extract plugin meta data from '/usr/bin/pi3topbm'" 
         not a plugin
QFactoryLoader::QFactoryLoader() looking at "/usr/bin/pic"
"Failed to extract plugin meta data from '/usr/bin/pic'" 
         not a plugin
QFactoryLoader::QFactoryLoader() looking at "/usr/bin/pico"
"Failed to extract plugin meta data from '/usr/bin/nano'" 
         not a plugin
QFactoryLoader::QFactoryLoader() looking at "/usr/bin/piconv"
QElfParser: '/usr/bin/piconv' is not an ELF object
"'/usr/bin/piconv' is not an ELF object" 
         not a plugin
QFactoryLoader::QFactoryLoader() looking at "/usr/bin/pidof"
"Failed to extract plugin meta data from '/usr/sbin/killall5'" 
         not a plugin
QFactoryLoader::QFactoryLoader() looking at "/usr/bin/pidwait"
"Failed to extract plugin meta data from '/usr/bin/pidwait'" 
         not a plugin
QFactoryLoader::QFactoryLoader() looking at "/usr/bin/pinentry"
"Failed to extract plugin meta data from '/usr/bin/pinentry-gnome3'" 
         not a plugin
QFactoryLoader::QFactoryLoader() looking at "/usr/bin/pinentry-gnome3"
"Failed to extract plugin meta data from '/usr/bin/pinentry-gnome3'" 
         not a plugin
QFactoryLoader::QFactoryLoader() looking at "/usr/bin/pinentry-gtk-2"
"Failed to extract plugin meta data from '/usr/bin/pinentry-gtk-2'" 
         not a plugin
QFactoryLoader::QFactoryLoader() looking at "/usr/bin/pinentry-x11"
"Failed to extract plugin meta data from '/usr/bin/pinentry-gnome3'" 
         not a plugin
QFactoryLoader::QFactoryLoader() looking at "/usr/bin/ping"
"Failed to extract plugin meta data from '/usr/bin/ping'" 
         not a plugin
QFactoryLoader::QFactoryLoader() looking at "/usr/bin/ping4"
"Failed to extract plugin meta data from '/usr/bin/ping'" 
         not a plugin
QFactoryLoader::QFactoryLoader() looking at "/usr/bin/ping6"
"Failed to extract plugin meta data from '/usr/bin/ping'" 
         not a plugin
QFactoryLoader::QFactoryLoader() looking at "/usr/bin/pinky"
"Failed to extract plugin meta data from '/usr/bin/pinky'" 
         not a plugin
QFactoryLoader::QFactoryLoader() looking at "/usr/bin/pipewire"
"Failed to extract plugin meta data from '/usr/bin/pipewire'" 
         not a plugin
QFactoryLoader::QFactoryLoader() looking at "/usr/bin/pipewire-media-session"
"Failed to extract plugin meta data from '/usr/bin/pipewire-media-session'" 
         not a plugin
QFactoryLoader::QFactoryLoader() looking at "/usr/bin/pjtoppm"
"Failed to extract plugin meta data from '/usr/bin/pjtoppm'" 
         not a plugin
QFactoryLoader::QFactoryLoader() looking at "/usr/bin/pk12util"
"Failed to extract plugin meta data from '/usr/bin/pk12util'" 
         not a plugin
QFactoryLoader::QFactoryLoader() looking at "/usr/bin/pk1sign"
"Failed to extract plugin meta data from '/usr/bin/pk1sign'" 
         not a plugin
QFactoryLoader::QFactoryLoader() looking at "/usr/bin/pk2bm"
"Failed to extract plugin meta data from '/usr/bin/pk2bm'" 
         not a plugin
QFactoryLoader::QFactoryLoader() looking at "/usr/bin/pkaction"
"Failed to extract plugin meta data from '/usr/bin/pkaction'" 
         not a plugin
QFactoryLoader::QFactoryLoader() looking at "/usr/bin/pkcheck"
"Failed to extract plugin meta data from '/usr/bin/pkcheck'" 
         not a plugin
QFactoryLoader::QFactoryLoader() looking at "/usr/bin/pkcon"
"Failed to extract plugin meta data from '/usr/bin/pkcon'" 
         not a plugin
QFactoryLoader::QFactoryLoader() looking at "/usr/bin/pkexec"
"Failed to extract plugin meta data from '/usr/bin/pkexec'" 
         not a plugin
QFactoryLoader::QFactoryLoader() looking at "/usr/bin/pkfix"
QElfParser: '/usr/share/texlive/texmf-dist/scripts/pkfix/pkfix.pl' is not an ELF object
"'/usr/share/texlive/texmf-dist/scripts/pkfix/pkfix.pl' is not an ELF object" 
         not a plugin
QFactoryLoader::QFactoryLoader() looking at "/usr/bin/pkfix-helper"
QElfParser: '/usr/share/texlive/texmf-dist/scripts/pkfix-helper/pkfix-helper' is not an ELF object
"'/usr/share/texlive/texmf-dist/scripts/pkfix-helper/pkfix-helper' is not an ELF object" 
         not a plugin
QFactoryLoader::QFactoryLoader() looking at "/usr/bin/pkill"
"Failed to extract plugin meta data from '/usr/bin/pgrep'" 
         not a plugin
QFactoryLoader::QFactoryLoader() looking at "/usr/bin/pkmon"
"Failed to extract plugin meta data from '/usr/bin/pkmon'" 
         not a plugin
QFactoryLoader::QFactoryLoader() looking at "/usr/bin/pktogf"
"Failed to extract plugin meta data from '/usr/bin/pktogf'" 
         not a plugin
QFactoryLoader::QFactoryLoader() looking at "/usr/bin/pkttyagent"
"Failed to extract plugin meta data from '/usr/bin/pkttyagent'" 
         not a plugin
QFactoryLoader::QFactoryLoader() looking at "/usr/bin/pktype"
"Failed to extract plugin meta data from '/usr/bin/pktype'" 
         not a plugin
QFactoryLoader::QFactoryLoader() looking at "/usr/bin/pl2pm"
QElfParser: '/usr/bin/pl2pm' is not an ELF object
"'/usr/bin/pl2pm' is not an ELF object" 
         not a plugin
QFactoryLoader::QFactoryLoader() looking at "/usr/bin/plasmapkg2"
"Failed to extract plugin meta data from '/usr/bin/plasmapkg2'" 
         not a plugin
QFactoryLoader::QFactoryLoader() looking at "/usr/bin/platex"
"Failed to extract plugin meta data from '/usr/bin/eptex'" 
         not a plugin
QFactoryLoader::QFactoryLoader() looking at "/usr/bin/platex-dev"
"Failed to extract plugin meta data from '/usr/bin/eptex'" 
         not a plugin
QFactoryLoader::QFactoryLoader() looking at "/usr/bin/pldd"
"Failed to extract plugin meta data from '/usr/bin/pldd'" 
         not a plugin
QFactoryLoader::QFactoryLoader() looking at "/usr/bin/plocate"
"Failed to extract plugin meta data from '/usr/bin/plocate'" 
         not a plugin
QFactoryLoader::QFactoryLoader() looking at "/usr/bin/plog"
QElfParser: '/usr/bin/plog' is not an ELF object
"'/usr/bin/plog' is not an ELF object" 
         not a plugin
QFactoryLoader::QFactoryLoader() looking at "/usr/bin/pltotf"
"Failed to extract plugin meta data from '/usr/bin/pltotf'" 
         not a plugin
QFactoryLoader::QFactoryLoader() looking at "/usr/bin/plymouth"
"Failed to extract plugin meta data from '/usr/bin/plymouth'" 
         not a plugin
QFactoryLoader::QFactoryLoader() looking at "/usr/bin/pmap"
"Failed to extract plugin meta data from '/usr/bin/pmap'" 
         not a plugin
QFactoryLoader::QFactoryLoader() looking at "/usr/bin/pmpost"
"Failed to extract plugin meta data from '/usr/bin/pmpost'" 
         not a plugin
QFactoryLoader::QFactoryLoader() looking at "/usr/bin/pmxab"
"Failed to extract plugin meta data from '/usr/bin/pmxab'" 
         not a plugin
QFactoryLoader::QFactoryLoader() looking at "/usr/bin/pmxchords"
QElfParser: '/usr/share/texlive/texmf-dist/scripts/pmxchords/pmxchords.lua' is not an ELF object
"'/usr/share/texlive/texmf-dist/scripts/pmxchords/pmxchords.lua' is not an ELF object" 
         not a plugin
QFactoryLoader::QFactoryLoader() looking at "/usr/bin/pn2pdf"
QElfParser: '/usr/share/texlive/texmf-dist/scripts/petri-nets/pn2pdf' is not an ELF object
"'/usr/share/texlive/texmf-dist/scripts/petri-nets/pn2pdf' is not an ELF object" 
         not a plugin
QFactoryLoader::QFactoryLoader() looking at "/usr/bin/pngtopnm"
"Failed to extract plugin meta data from '/usr/bin/pngtopnm'" 
         not a plugin
QFactoryLoader::QFactoryLoader() looking at "/usr/bin/pnm2ppa"
"Failed to extract plugin meta data from '/usr/bin/pnm2ppa'" 
         not a plugin
QFactoryLoader::QFactoryLoader() looking at "/usr/bin/pnmalias"
"Failed to extract plugin meta data from '/usr/bin/pnmalias'" 
         not a plugin
QFactoryLoader::QFactoryLoader() looking at "/usr/bin/pnmarith"
"Failed to extract plugin meta data from '/usr/bin/pnmarith'" 
         not a plugin
QFactoryLoader::QFactoryLoader() looking at "/usr/bin/pnmcat"
"Failed to extract plugin meta data from '/usr/bin/pnmcat'" 
         not a plugin
QFactoryLoader::QFactoryLoader() looking at "/usr/bin/pnmcolormap"
"Failed to extract plugin meta data from '/usr/bin/pnmcolormap'" 
         not a plugin
QFactoryLoader::QFactoryLoader() looking at "/usr/bin/pnmcomp"
"Failed to extract plugin meta data from '/usr/bin/pnmcomp'" 
         not a plugin
QFactoryLoader::QFactoryLoader() looking at "/usr/bin/pnmconvol"
"Failed to extract plugin meta data from '/usr/bin/pnmconvol'" 
         not a plugin
QFactoryLoader::QFactoryLoader() looking at "/usr/bin/pnmcrop"
"Failed to extract plugin meta data from '/usr/bin/pnmcrop'" 
         not a plugin
QFactoryLoader::QFactoryLoader() looking at "/usr/bin/pnmcut"
"Failed to extract plugin meta data from '/usr/bin/pnmcut'" 
         not a plugin
QFactoryLoader::QFactoryLoader() looking at "/usr/bin/pnmdepth"
"Failed to extract plugin meta data from '/usr/bin/pnmdepth'" 
         not a plugin
QFactoryLoader::QFactoryLoader() looking at "/usr/bin/pnmenlarge"
"Failed to extract plugin meta data from '/usr/bin/pnmenlarge'" 
         not a plugin
QFactoryLoader::QFactoryLoader() looking at "/usr/bin/pnmfile"
"Failed to extract plugin meta data from '/usr/bin/pnmfile'" 
         not a plugin
QFactoryLoader::QFactoryLoader() looking at "/usr/bin/pnmflip"
"Failed to extract plugin meta data from '/usr/bin/pnmflip'" 
         not a plugin
QFactoryLoader::QFactoryLoader() looking at "/usr/bin/pnmgamma"
"Failed to extract plugin meta data from '/usr/bin/pnmgamma'" 
         not a plugin
QFactoryLoader::QFactoryLoader() looking at "/usr/bin/pnmhisteq"
"Failed to extract plugin meta data from '/usr/bin/pnmhisteq'" 
         not a plugin
QFactoryLoader::QFactoryLoader() looking at "/usr/bin/pnmhistmap"
"Failed to extract plugin meta data from '/usr/bin/pnmhistmap'" 
         not a plugin
QFactoryLoader::QFactoryLoader() looking at "/usr/bin/pnmindex"
QElfParser: '/usr/bin/pnmindex' is not an ELF object
"'/usr/bin/pnmindex' is not an ELF object" 
         not a plugin
QFactoryLoader::QFactoryLoader() looking at "/usr/bin/pnminterp"
"Failed to extract plugin meta data from '/usr/bin/pamstretch'" 
         not a plugin
QFactoryLoader::QFactoryLoader() looking at "/usr/bin/pnminterp-gen"
QElfParser: '/usr/bin/pamstretch-gen' is not an ELF object
"'/usr/bin/pamstretch-gen' is not an ELF object" 
         not a plugin
QFactoryLoader::QFactoryLoader() looking at "/usr/bin/pnminvert"
"Failed to extract plugin meta data from '/usr/bin/pnminvert'" 
         not a plugin
QFactoryLoader::QFactoryLoader() looking at "/usr/bin/pnmmargin"
QElfParser: '/usr/bin/pnmmargin' is not an ELF object
"'/usr/bin/pnmmargin' is not an ELF object" 
         not a plugin
QFactoryLoader::QFactoryLoader() looking at "/usr/bin/pnmmontage"
"Failed to extract plugin meta data from '/usr/bin/pnmmontage'" 
         not a plugin
QFactoryLoader::QFactoryLoader() looking at "/usr/bin/pnmnlfilt"
"Failed to extract plugin meta data from '/usr/bin/pnmnlfilt'" 
         not a plugin
QFactoryLoader::QFactoryLoader() looking at "/usr/bin/pnmnoraw"
"Failed to extract plugin meta data from '/usr/bin/pnmtoplainpnm'" 
         not a plugin
QFactoryLoader::QFactoryLoader() looking at "/usr/bin/pnmnorm"
"Failed to extract plugin meta data from '/usr/bin/pnmnorm'" 
         not a plugin
QFactoryLoader::QFactoryLoader() looking at "/usr/bin/pnmpad"
"Failed to extract plugin meta data from '/usr/bin/pnmpad'" 
         not a plugin
QFactoryLoader::QFactoryLoader() looking at "/usr/bin/pnmpaste"
"Failed to extract plugin meta data from '/usr/bin/pnmpaste'" 
         not a plugin
QFactoryLoader::QFactoryLoader() looking at "/usr/bin/pnmpsnr"
"Failed to extract plugin meta data from '/usr/bin/pnmpsnr'" 
         not a plugin
QFactoryLoader::QFactoryLoader() looking at "/usr/bin/pnmquant"
QElfParser: '/usr/bin/pnmquant' is not an ELF object
"'/usr/bin/pnmquant' is not an ELF object" 
         not a plugin
QFactoryLoader::QFactoryLoader() looking at "/usr/bin/pnmremap"
"Failed to extract plugin meta data from '/usr/bin/pnmremap'" 
         not a plugin
QFactoryLoader::QFactoryLoader() looking at "/usr/bin/pnmrotate"
"Failed to extract plugin meta data from '/usr/bin/pnmrotate'" 
         not a plugin
QFactoryLoader::QFactoryLoader() looking at "/usr/bin/pnmscale"
"Failed to extract plugin meta data from '/usr/bin/pnmscale'" 
         not a plugin
QFactoryLoader::QFactoryLoader() looking at "/usr/bin/pnmscalefixed"
"Failed to extract plugin meta data from '/usr/bin/pnmscalefixed'" 
         not a plugin
QFactoryLoader::QFactoryLoader() looking at "/usr/bin/pnmshear"
"Failed to extract plugin meta data from '/usr/bin/pnmshear'" 
         not a plugin
QFactoryLoader::QFactoryLoader() looking at "/usr/bin/pnmsmooth"
"Failed to extract plugin meta data from '/usr/bin/pnmsmooth'" 
         not a plugin
QFactoryLoader::QFactoryLoader() looking at "/usr/bin/pnmsplit"
"Failed to extract plugin meta data from '/usr/bin/pnmsplit'" 
         not a plugin
QFactoryLoader::QFactoryLoader() looking at "/usr/bin/pnmtile"
"Failed to extract plugin meta data from '/usr/bin/pnmtile'" 
         not a plugin
QFactoryLoader::QFactoryLoader() looking at "/usr/bin/pnmtoddif"
"Failed to extract plugin meta data from '/usr/bin/pnmtoddif'" 
         not a plugin
QFactoryLoader::QFactoryLoader() looking at "/usr/bin/pnmtofiasco"
"Failed to extract plugin meta data from '/usr/bin/pnmtofiasco'" 
         not a plugin
QFactoryLoader::QFactoryLoader() looking at "/usr/bin/pnmtofits"
"Failed to extract plugin meta data from '/usr/bin/pnmtofits'" 
         not a plugin
QFactoryLoader::QFactoryLoader() looking at "/usr/bin/pnmtojpeg"
"Failed to extract plugin meta data from '/usr/bin/pnmtojpeg'" 
         not a plugin
QFactoryLoader::QFactoryLoader() looking at "/usr/bin/pnmtopalm"
"Failed to extract plugin meta data from '/usr/bin/pnmtopalm'" 
         not a plugin
QFactoryLoader::QFactoryLoader() looking at "/usr/bin/pnmtoplainpnm"
"Failed to extract plugin meta data from '/usr/bin/pnmtoplainpnm'" 
         not a plugin
QFactoryLoader::QFactoryLoader() looking at "/usr/bin/pnmtopng"
"Failed to extract plugin meta data from '/usr/bin/pnmtopng'" 
         not a plugin
QFactoryLoader::QFactoryLoader() looking at "/usr/bin/pnmtops"
"Failed to extract plugin meta data from '/usr/bin/pnmtops'" 
         not a plugin
QFactoryLoader::QFactoryLoader() looking at "/usr/bin/pnmtorast"
"Failed to extract plugin meta data from '/usr/bin/pnmtorast'" 
         not a plugin
QFactoryLoader::QFactoryLoader() looking at "/usr/bin/pnmtorle"
"Failed to extract plugin meta data from '/usr/bin/pnmtorle'" 
         not a plugin
QFactoryLoader::QFactoryLoader() looking at "/usr/bin/pnmtosgi"
"Failed to extract plugin meta data from '/usr/bin/pnmtosgi'" 
         not a plugin
QFactoryLoader::QFactoryLoader() looking at "/usr/bin/pnmtosir"
"Failed to extract plugin meta data from '/usr/bin/pnmtosir'" 
         not a plugin
QFactoryLoader::QFactoryLoader() looking at "/usr/bin/pnmtotiff"
"Failed to extract plugin meta data from '/usr/bin/pnmtotiff'" 
         not a plugin
QFactoryLoader::QFactoryLoader() looking at "/usr/bin/pnmtotiffcmyk"
"Failed to extract plugin meta data from '/usr/bin/pnmtotiffcmyk'" 
         not a plugin
QFactoryLoader::QFactoryLoader() looking at "/usr/bin/pnmtoxwd"
"Failed to extract plugin meta data from '/usr/bin/pnmtoxwd'" 
         not a plugin
QFactoryLoader::QFactoryLoader() looking at "/usr/bin/pod2html"
QElfParser: '/usr/bin/pod2html' is not an ELF object
"'/usr/bin/pod2html' is not an ELF object" 
         not a plugin
QFactoryLoader::QFactoryLoader() looking at "/usr/bin/pod2man"
QElfParser: '/usr/bin/pod2man' is not an ELF object
"'/usr/bin/pod2man' is not an ELF object" 
         not a plugin
QFactoryLoader::QFactoryLoader() looking at "/usr/bin/pod2texi"
QElfParser: '/usr/bin/pod2texi' is not an ELF object
"'/usr/bin/pod2texi' is not an ELF object" 
         not a plugin
QFactoryLoader::QFactoryLoader() looking at "/usr/bin/pod2text"
QElfParser: '/usr/bin/pod2text' is not an ELF object
"'/usr/bin/pod2text' is not an ELF object" 
         not a plugin
QFactoryLoader::QFactoryLoader() looking at "/usr/bin/pod2usage"
QElfParser: '/usr/bin/pod2usage' is not an ELF object
"'/usr/bin/pod2usage' is not an ELF object" 
         not a plugin
QFactoryLoader::QFactoryLoader() looking at "/usr/bin/podchecker"
QElfParser: '/usr/bin/podchecker' is not an ELF object
"'/usr/bin/podchecker' is not an ELF object" 
         not a plugin
QFactoryLoader::QFactoryLoader() looking at "/usr/bin/poedit"
"Failed to extract plugin meta data from '/usr/bin/poeditor'" 
         not a plugin
QFactoryLoader::QFactoryLoader() looking at "/usr/bin/poeditor"
"Failed to extract plugin meta data from '/usr/bin/poeditor'" 
         not a plugin
QFactoryLoader::QFactoryLoader() looking at "/usr/bin/poff"
QElfParser: '/usr/bin/poff' is not an ELF object
"'/usr/bin/poff' is not an ELF object" 
         not a plugin
QFactoryLoader::QFactoryLoader() looking at "/usr/bin/pon"
QElfParser: '/usr/bin/pon' is not an ELF object
"'/usr/bin/pon' is not an ELF object" 
         not a plugin
QFactoryLoader::QFactoryLoader() looking at "/usr/bin/pooltype"
"Failed to extract plugin meta data from '/usr/bin/pooltype'" 
         not a plugin
QFactoryLoader::QFactoryLoader() looking at "/usr/bin/POST"
QElfParser: '/usr/bin/lwp-request' is not an ELF object
"'/usr/bin/lwp-request' is not an ELF object" 
         not a plugin
QFactoryLoader::QFactoryLoader() looking at "/usr/bin/ppdc"
"Failed to extract plugin meta data from '/usr/bin/ppdc'" 
         not a plugin
QFactoryLoader::QFactoryLoader() looking at "/usr/bin/ppdhtml"
"Failed to extract plugin meta data from '/usr/bin/ppdhtml'" 
         not a plugin
QFactoryLoader::QFactoryLoader() looking at "/usr/bin/ppdi"
"Failed to extract plugin meta data from '/usr/bin/ppdi'" 
         not a plugin
QFactoryLoader::QFactoryLoader() looking at "/usr/bin/ppdmerge"
"Failed to extract plugin meta data from '/usr/bin/ppdmerge'" 
         not a plugin
QFactoryLoader::QFactoryLoader() looking at "/usr/bin/ppdpo"
"Failed to extract plugin meta data from '/usr/bin/ppdpo'" 
         not a plugin
QFactoryLoader::QFactoryLoader() looking at "/usr/bin/pphs"
QElfParser: '/usr/bin/pphs' is not an ELF object
"'/usr/bin/pphs' is not an ELF object" 
         not a plugin
QFactoryLoader::QFactoryLoader() looking at "/usr/bin/ppltotf"
"Failed to extract plugin meta data from '/usr/bin/ppltotf'" 
         not a plugin
QFactoryLoader::QFactoryLoader() looking at "/usr/bin/ppm3d"
"Failed to extract plugin meta data from '/usr/bin/ppm3d'" 
         not a plugin
QFactoryLoader::QFactoryLoader() looking at "/usr/bin/ppmbrighten"
"Failed to extract plugin meta data from '/usr/bin/ppmbrighten'" 
         not a plugin
QFactoryLoader::QFactoryLoader() looking at "/usr/bin/ppmchange"
"Failed to extract plugin meta data from '/usr/bin/ppmchange'" 
         not a plugin
QFactoryLoader::QFactoryLoader() looking at "/usr/bin/ppmcie"
"Failed to extract plugin meta data from '/usr/bin/ppmcie'" 
         not a plugin
QFactoryLoader::QFactoryLoader() looking at "/usr/bin/ppmcolormask"
"Failed to extract plugin meta data from '/usr/bin/ppmcolormask'" 
         not a plugin
QFactoryLoader::QFactoryLoader() looking at "/usr/bin/ppmcolors"
"Failed to extract plugin meta data from '/usr/bin/ppmcolors'" 
         not a plugin
QFactoryLoader::QFactoryLoader() looking at "/usr/bin/ppmdim"
"Failed to extract plugin meta data from '/usr/bin/ppmdim'" 
         not a plugin
QFactoryLoader::QFactoryLoader() looking at "/usr/bin/ppmdist"
"Failed to extract plugin meta data from '/usr/bin/ppmdist'" 
         not a plugin
QFactoryLoader::QFactoryLoader() looking at "/usr/bin/ppmdither"
"Failed to extract plugin meta data from '/usr/bin/ppmdither'" 
         not a plugin
QFactoryLoader::QFactoryLoader() looking at "/usr/bin/ppmfade"
QElfParser: '/usr/bin/ppmfade' is not an ELF object
"'/usr/bin/ppmfade' is not an ELF object" 
         not a plugin
QFactoryLoader::QFactoryLoader() looking at "/usr/bin/ppmflash"
"Failed to extract plugin meta data from '/usr/bin/ppmflash'" 
         not a plugin
QFactoryLoader::QFactoryLoader() looking at "/usr/bin/ppmforge"
"Failed to extract plugin meta data from '/usr/bin/ppmforge'" 
         not a plugin
QFactoryLoader::QFactoryLoader() looking at "/usr/bin/ppmhist"
"Failed to extract plugin meta data from '/usr/bin/ppmhist'" 
         not a plugin
QFactoryLoader::QFactoryLoader() looking at "/usr/bin/ppmlabel"
"Failed to extract plugin meta data from '/usr/bin/ppmlabel'" 
         not a plugin
QFactoryLoader::QFactoryLoader() looking at "/usr/bin/ppmmake"
"Failed to extract plugin meta data from '/usr/bin/ppmmake'" 
         not a plugin
QFactoryLoader::QFactoryLoader() looking at "/usr/bin/ppmmix"
"Failed to extract plugin meta data from '/usr/bin/ppmmix'" 
         not a plugin
QFactoryLoader::QFactoryLoader() looking at "/usr/bin/ppmnorm"
"Failed to extract plugin meta data from '/usr/bin/pnmnorm'" 
         not a plugin
QFactoryLoader::QFactoryLoader() looking at "/usr/bin/ppmntsc"
"Failed to extract plugin meta data from '/usr/bin/ppmntsc'" 
         not a plugin
QFactoryLoader::QFactoryLoader() looking at "/usr/bin/ppmpat"
"Failed to extract plugin meta data from '/usr/bin/ppmpat'" 
         not a plugin
QFactoryLoader::QFactoryLoader() looking at "/usr/bin/ppmquant"
"Failed to extract plugin meta data from '/usr/bin/ppmquant'" 
         not a plugin
QFactoryLoader::QFactoryLoader() looking at "/usr/bin/ppmquantall"
QElfParser: '/usr/bin/ppmquantall' is not an ELF object
"'/usr/bin/ppmquantall' is not an ELF object" 
         not a plugin
QFactoryLoader::QFactoryLoader() looking at "/usr/bin/ppmqvga"
"Failed to extract plugin meta data from '/usr/bin/ppmqvga'" 
         not a plugin
QFactoryLoader::QFactoryLoader() looking at "/usr/bin/ppmrainbow"
QElfParser: '/usr/bin/ppmrainbow' is not an ELF object
"'/usr/bin/ppmrainbow' is not an ELF object" 
         not a plugin
QFactoryLoader::QFactoryLoader() looking at "/usr/bin/ppmrelief"
"Failed to extract plugin meta data from '/usr/bin/ppmrelief'" 
         not a plugin
QFactoryLoader::QFactoryLoader() looking at "/usr/bin/ppmshadow"
QElfParser: '/usr/bin/ppmshadow' is not an ELF object
"'/usr/bin/ppmshadow' is not an ELF object" 
         not a plugin
QFactoryLoader::QFactoryLoader() looking at "/usr/bin/ppmshift"
"Failed to extract plugin meta data from '/usr/bin/ppmshift'" 
         not a plugin
QFactoryLoader::QFactoryLoader() looking at "/usr/bin/ppmspread"
"Failed to extract plugin meta data from '/usr/bin/ppmspread'" 
         not a plugin
QFactoryLoader::QFactoryLoader() looking at "/usr/bin/ppmtoacad"
"Failed to extract plugin meta data from '/usr/bin/ppmtoacad'" 
         not a plugin
QFactoryLoader::QFactoryLoader() looking at "/usr/bin/ppmtobmp"
"Failed to extract plugin meta data from '/usr/bin/ppmtobmp'" 
         not a plugin
QFactoryLoader::QFactoryLoader() looking at "/usr/bin/ppmtoeyuv"
"Failed to extract plugin meta data from '/usr/bin/ppmtoeyuv'" 
         not a plugin
QFactoryLoader::QFactoryLoader() looking at "/usr/bin/ppmtogif"
"Failed to extract plugin meta data from '/usr/bin/ppmtogif'" 
         not a plugin
QFactoryLoader::QFactoryLoader() looking at "/usr/bin/ppmtoicr"
"Failed to extract plugin meta data from '/usr/bin/ppmtoicr'" 
         not a plugin
QFactoryLoader::QFactoryLoader() looking at "/usr/bin/ppmtoilbm"
"Failed to extract plugin meta data from '/usr/bin/ppmtoilbm'" 
         not a plugin
QFactoryLoader::QFactoryLoader() looking at "/usr/bin/ppmtojpeg"
"Failed to extract plugin meta data from '/usr/bin/pnmtojpeg'" 
         not a plugin
QFactoryLoader::QFactoryLoader() looking at "/usr/bin/ppmtoleaf"
"Failed to extract plugin meta data from '/usr/bin/ppmtoleaf'" 
         not a plugin
QFactoryLoader::QFactoryLoader() looking at "/usr/bin/ppmtolj"
"Failed to extract plugin meta data from '/usr/bin/ppmtolj'" 
         not a plugin
QFactoryLoader::QFactoryLoader() looking at "/usr/bin/ppmtomap"
QElfParser: '/usr/bin/ppmtomap' is not an ELF object
"'/usr/bin/ppmtomap' is not an ELF object" 
         not a plugin
QFactoryLoader::QFactoryLoader() looking at "/usr/bin/ppmtomitsu"
"Failed to extract plugin meta data from '/usr/bin/ppmtomitsu'" 
         not a plugin
QFactoryLoader::QFactoryLoader() looking at "/usr/bin/ppmtompeg"
"Failed to extract plugin meta data from '/usr/bin/ppmtompeg'" 
         not a plugin
QFactoryLoader::QFactoryLoader() looking at "/usr/bin/ppmtoneo"
"Failed to extract plugin meta data from '/usr/bin/ppmtoneo'" 
         not a plugin
QFactoryLoader::QFactoryLoader() looking at "/usr/bin/ppmtopcx"
"Failed to extract plugin meta data from '/usr/bin/ppmtopcx'" 
         not a plugin
QFactoryLoader::QFactoryLoader() looking at "/usr/bin/ppmtopgm"
"Failed to extract plugin meta data from '/usr/bin/ppmtopgm'" 
         not a plugin
QFactoryLoader::QFactoryLoader() looking at "/usr/bin/ppmtopi1"
"Failed to extract plugin meta data from '/usr/bin/ppmtopi1'" 
         not a plugin
QFactoryLoader::QFactoryLoader() looking at "/usr/bin/ppmtopict"
"Failed to extract plugin meta data from '/usr/bin/ppmtopict'" 
         not a plugin
QFactoryLoader::QFactoryLoader() looking at "/usr/bin/ppmtopj"
"Failed to extract plugin meta data from '/usr/bin/ppmtopj'" 
         not a plugin
QFactoryLoader::QFactoryLoader() looking at "/usr/bin/ppmtopuzz"
"Failed to extract plugin meta data from '/usr/bin/ppmtopuzz'" 
         not a plugin
QFactoryLoader::QFactoryLoader() looking at "/usr/bin/ppmtorgb3"
"Failed to extract plugin meta data from '/usr/bin/ppmtorgb3'" 
         not a plugin
QFactoryLoader::QFactoryLoader() looking at "/usr/bin/ppmtosixel"
"Failed to extract plugin meta data from '/usr/bin/ppmtosixel'" 
         not a plugin
QFactoryLoader::QFactoryLoader() looking at "/usr/bin/ppmtotga"
"Failed to extract plugin meta data from '/usr/bin/ppmtotga'" 
         not a plugin
QFactoryLoader::QFactoryLoader() looking at "/usr/bin/ppmtouil"
"Failed to extract plugin meta data from '/usr/bin/ppmtouil'" 
         not a plugin
QFactoryLoader::QFactoryLoader() looking at "/usr/bin/ppmtowinicon"
"Failed to extract plugin meta data from '/usr/bin/ppmtowinicon'" 
         not a plugin
QFactoryLoader::QFactoryLoader() looking at "/usr/bin/ppmtoxpm"
"Failed to extract plugin meta data from '/usr/bin/ppmtoxpm'" 
         not a plugin
QFactoryLoader::QFactoryLoader() looking at "/usr/bin/ppmtoyuv"
"Failed to extract plugin meta data from '/usr/bin/ppmtoyuv'" 
         not a plugin
QFactoryLoader::QFactoryLoader() looking at "/usr/bin/ppmtoyuvsplit"
"Failed to extract plugin meta data from '/usr/bin/ppmtoyuvsplit'" 
         not a plugin
QFactoryLoader::QFactoryLoader() looking at "/usr/bin/ppmtv"
"Failed to extract plugin meta data from '/usr/bin/ppmtv'" 
         not a plugin
QFactoryLoader::QFactoryLoader() looking at "/usr/bin/pr"
"Failed to extract plugin meta data from '/usr/bin/pr'" 
         not a plugin
QFactoryLoader::QFactoryLoader() looking at "/usr/bin/precat"
QElfParser: '/usr/bin/precat' is not an ELF object
"'/usr/bin/precat' is not an ELF object" 
         not a plugin
QFactoryLoader::QFactoryLoader() looking at "/usr/bin/preconv"
"Failed to extract plugin meta data from '/usr/bin/preconv'" 
         not a plugin
QFactoryLoader::QFactoryLoader() looking at "/usr/bin/preparetips5"
QElfParser: '/usr/bin/preparetips5' is not an ELF object
"'/usr/bin/preparetips5' is not an ELF object" 
         not a plugin
QFactoryLoader::QFactoryLoader() looking at "/usr/bin/prepmx"
"Failed to extract plugin meta data from '/usr/bin/prepmx'" 
         not a plugin
QFactoryLoader::QFactoryLoader() looking at "/usr/bin/prerex"
"Failed to extract plugin meta data from '/usr/bin/prerex'" 
         not a plugin
QFactoryLoader::QFactoryLoader() looking at "/usr/bin/preunzip"
QElfParser: '/usr/bin/preunzip' is not an ELF object
"'/usr/bin/preunzip' is not an ELF object" 
         not a plugin
QFactoryLoader::QFactoryLoader() looking at "/usr/bin/prezip"
QElfParser: '/usr/bin/prezip' is not an ELF object
"'/usr/bin/prezip' is not an ELF object" 
         not a plugin
QFactoryLoader::QFactoryLoader() looking at "/usr/bin/prezip-bin"
"Failed to extract plugin meta data from '/usr/bin/prezip-bin'" 
         not a plugin
QFactoryLoader::QFactoryLoader() looking at "/usr/bin/print"
QElfParser: '/usr/bin/run-mailcap' is not an ELF object
"'/usr/bin/run-mailcap' is not an ELF object" 
         not a plugin
QFactoryLoader::QFactoryLoader() looking at "/usr/bin/printafm"
QElfParser: '/usr/bin/printafm' is not an ELF object
"'/usr/bin/printafm' is not an ELF object" 
         not a plugin
QFactoryLoader::QFactoryLoader() looking at "/usr/bin/printenv"
"Failed to extract plugin meta data from '/usr/bin/printenv'" 
         not a plugin
QFactoryLoader::QFactoryLoader() looking at "/usr/bin/printer-profile"
QElfParser: '/usr/bin/printer-profile' is not an ELF object
"'/usr/bin/printer-profile' is not an ELF object" 
         not a plugin
QFactoryLoader::QFactoryLoader() looking at "/usr/bin/printf"
"Failed to extract plugin meta data from '/usr/bin/printf'" 
         not a plugin
QFactoryLoader::QFactoryLoader() looking at "/usr/bin/prlimit"
"Failed to extract plugin meta data from '/usr/bin/prlimit'" 
         not a plugin
QFactoryLoader::QFactoryLoader() looking at "/usr/bin/pro"
QElfParser: '/usr/bin/ubuntu-advantage' is not an ELF object
"'/usr/bin/ubuntu-advantage' is not an ELF object" 
         not a plugin
QFactoryLoader::QFactoryLoader() looking at "/usr/bin/procan"
"Failed to extract plugin meta data from '/usr/bin/procan'" 
         not a plugin
QFactoryLoader::QFactoryLoader() looking at "/usr/bin/proj"
"Failed to extract plugin meta data from '/usr/bin/proj'" 
         not a plugin
QFactoryLoader::QFactoryLoader() looking at "/usr/bin/projinfo"
"Failed to extract plugin meta data from '/usr/bin/projinfo'" 
         not a plugin
QFactoryLoader::QFactoryLoader() looking at "/usr/bin/projsync"
"Failed to extract plugin meta data from '/usr/bin/projsync'" 
         not a plugin
QFactoryLoader::QFactoryLoader() looking at "/usr/bin/protocoltojson"
"Failed to extract plugin meta data from '/usr/bin/protocoltojson'" 
         not a plugin
QFactoryLoader::QFactoryLoader() looking at "/usr/bin/prove"
QElfParser: '/usr/bin/prove' is not an ELF object
"'/usr/bin/prove' is not an ELF object" 
         not a plugin
QFactoryLoader::QFactoryLoader() looking at "/usr/bin/prtstat"
"Failed to extract plugin meta data from '/usr/bin/prtstat'" 
         not a plugin
QFactoryLoader::QFactoryLoader() looking at "/usr/bin/prune"
"Failed to extract plugin meta data from '/usr/bin/prune'" 
         not a plugin
QFactoryLoader::QFactoryLoader() looking at "/usr/bin/ps"
"Failed to extract plugin meta data from '/usr/bin/ps'" 
         not a plugin
QFactoryLoader::QFactoryLoader() looking at "/usr/bin/ps2ascii"
QElfParser: '/usr/bin/ps2ascii' is not an ELF object
"'/usr/bin/ps2ascii' is not an ELF object" 
         not a plugin
QFactoryLoader::QFactoryLoader() looking at "/usr/bin/ps2eps"
QElfParser: '/usr/bin/ps2eps' is not an ELF object
"'/usr/bin/ps2eps' is not an ELF object" 
         not a plugin
QFactoryLoader::QFactoryLoader() looking at "/usr/bin/ps2epsi"
QElfParser: '/usr/bin/ps2epsi' is not an ELF object
"'/usr/bin/ps2epsi' is not an ELF object" 
         not a plugin
QFactoryLoader::QFactoryLoader() looking at "/usr/bin/ps2frag"
QElfParser: '/usr/share/texlive/texmf-dist/scripts/texlive-extra/ps2frag.sh' is not an ELF object
"'/usr/share/texlive/texmf-dist/scripts/texlive-extra/ps2frag.sh' is not an ELF object" 
         not a plugin
QFactoryLoader::QFactoryLoader() looking at "/usr/bin/ps2pdf"
QElfParser: '/usr/bin/ps2pdf' is not an ELF object
"'/usr/bin/ps2pdf' is not an ELF object" 
         not a plugin
QFactoryLoader::QFactoryLoader() looking at "/usr/bin/ps2pdf12"
QElfParser: '/usr/bin/ps2pdf12' is not an ELF object
"'/usr/bin/ps2pdf12' is not an ELF object" 
         not a plugin
QFactoryLoader::QFactoryLoader() looking at "/usr/bin/ps2pdf13"
QElfParser: '/usr/bin/ps2pdf13' is not an ELF object
"'/usr/bin/ps2pdf13' is not an ELF object" 
         not a plugin
QFactoryLoader::QFactoryLoader() looking at "/usr/bin/ps2pdf14"
QElfParser: '/usr/bin/ps2pdf14' is not an ELF object
"'/usr/bin/ps2pdf14' is not an ELF object" 
         not a plugin
QFactoryLoader::QFactoryLoader() looking at "/usr/bin/ps2pdfwr"
QElfParser: '/usr/bin/ps2pdfwr' is not an ELF object
"'/usr/bin/ps2pdfwr' is not an ELF object" 
         not a plugin
QFactoryLoader::QFactoryLoader() looking at "/usr/bin/ps2pk"
"Failed to extract plugin meta data from '/usr/bin/ps2pk'" 
         not a plugin
QFactoryLoader::QFactoryLoader() looking at "/usr/bin/ps2ps"
QElfParser: '/usr/bin/ps2ps' is not an ELF object
"'/usr/bin/ps2ps' is not an ELF object" 
         not a plugin
QFactoryLoader::QFactoryLoader() looking at "/usr/bin/ps2ps2"
QElfParser: '/usr/bin/ps2ps2' is not an ELF object
"'/usr/bin/ps2ps2' is not an ELF object" 
         not a plugin
QFactoryLoader::QFactoryLoader() looking at "/usr/bin/ps2txt"
QElfParser: '/usr/bin/ps2ascii' is not an ELF object
"'/usr/bin/ps2ascii' is not an ELF object" 
         not a plugin
QFactoryLoader::QFactoryLoader() looking at "/usr/bin/ps4pdf"
QElfParser: '/usr/share/texlive/texmf-dist/scripts/pst-pdf/ps4pdf' is not an ELF object
"'/usr/share/texlive/texmf-dist/scripts/pst-pdf/ps4pdf' is not an ELF object" 
         not a plugin
QFactoryLoader::QFactoryLoader() looking at "/usr/bin/psbook"
"Failed to extract plugin meta data from '/usr/bin/psbook'" 
         not a plugin
QFactoryLoader::QFactoryLoader() looking at "/usr/bin/psfaddtable"
"Failed to extract plugin meta data from '/usr/bin/psfxtable'" 
         not a plugin
QFactoryLoader::QFactoryLoader() looking at "/usr/bin/psfgettable"
"Failed to extract plugin meta data from '/usr/bin/psfxtable'" 
         not a plugin
QFactoryLoader::QFactoryLoader() looking at "/usr/bin/psfstriptable"
"Failed to extract plugin meta data from '/usr/bin/psfxtable'" 
         not a plugin
QFactoryLoader::QFactoryLoader() looking at "/usr/bin/psfxtable"
"Failed to extract plugin meta data from '/usr/bin/psfxtable'" 
         not a plugin
QFactoryLoader::QFactoryLoader() looking at "/usr/bin/psicc"
"Failed to extract plugin meta data from '/usr/bin/psicc'" 
         not a plugin
QFactoryLoader::QFactoryLoader() looking at "/usr/bin/psidtopgm"
"Failed to extract plugin meta data from '/usr/bin/psidtopgm'" 
         not a plugin
QFactoryLoader::QFactoryLoader() looking at "/usr/bin/psjoin"
QElfParser: '/usr/bin/psjoin' is not an ELF object
"'/usr/bin/psjoin' is not an ELF object" 
         not a plugin
QFactoryLoader::QFactoryLoader() looking at "/usr/bin/pslatex"
QElfParser: '/usr/share/texlive/texmf-dist/scripts/texlive-extra/pslatex.sh' is not an ELF object
"'/usr/share/texlive/texmf-dist/scripts/texlive-extra/pslatex.sh' is not an ELF object" 
         not a plugin
QFactoryLoader::QFactoryLoader() looking at "/usr/bin/pslog"
"Failed to extract plugin meta data from '/usr/bin/pslog'" 
         not a plugin
QFactoryLoader::QFactoryLoader() looking at "/usr/bin/psmerge"
QElfParser: '/usr/bin/psmerge' is not an ELF object
"'/usr/bin/psmerge' is not an ELF object" 
         not a plugin
QFactoryLoader::QFactoryLoader() looking at "/usr/bin/psnup"
"Failed to extract plugin meta data from '/usr/bin/psnup'" 
         not a plugin
QFactoryLoader::QFactoryLoader() looking at "/usr/bin/psresize"
"Failed to extract plugin meta data from '/usr/bin/psresize'" 
         not a plugin
QFactoryLoader::QFactoryLoader() looking at "/usr/bin/psselect"
"Failed to extract plugin meta data from '/usr/bin/psselect'" 
         not a plugin
QFactoryLoader::QFactoryLoader() looking at "/usr/bin/pst2pdf"
QElfParser: '/usr/share/texlive/texmf-dist/scripts/pst2pdf/pst2pdf.pl' is not an ELF object
"'/usr/share/texlive/texmf-dist/scripts/pst2pdf/pst2pdf.pl' is not an ELF object" 
         not a plugin
QFactoryLoader::QFactoryLoader() looking at "/usr/bin/pstoedit"
"Failed to extract plugin meta data from '/usr/bin/pstoedit'" 
         not a plugin
QFactoryLoader::QFactoryLoader() looking at "/usr/bin/pstopnm"
"Failed to extract plugin meta data from '/usr/bin/pstopnm'" 
         not a plugin
QFactoryLoader::QFactoryLoader() looking at "/usr/bin/pstops"
"Failed to extract plugin meta data from '/usr/bin/pstops'" 
         not a plugin
QFactoryLoader::QFactoryLoader() looking at "/usr/bin/pstree"
"Failed to extract plugin meta data from '/usr/bin/pstree'" 
         not a plugin
QFactoryLoader::QFactoryLoader() looking at "/usr/bin/pstree.x11"
"Failed to extract plugin meta data from '/usr/bin/pstree'" 
         not a plugin
QFactoryLoader::QFactoryLoader() looking at "/usr/bin/ptar"
QElfParser: '/usr/bin/ptar' is not an ELF object
"'/usr/bin/ptar' is not an ELF object" 
         not a plugin
QFactoryLoader::QFactoryLoader() looking at "/usr/bin/ptardiff"
QElfParser: '/usr/bin/ptardiff' is not an ELF object
"'/usr/bin/ptardiff' is not an ELF object" 
         not a plugin
QFactoryLoader::QFactoryLoader() looking at "/usr/bin/ptargrep"
QElfParser: '/usr/bin/ptargrep' is not an ELF object
"'/usr/bin/ptargrep' is not an ELF object" 
         not a plugin
QFactoryLoader::QFactoryLoader() looking at "/usr/bin/ptex"
"Failed to extract plugin meta data from '/usr/bin/ptex'" 
         not a plugin
QFactoryLoader::QFactoryLoader() looking at "/usr/bin/ptex2pdf"
QElfParser: '/usr/share/texlive/texmf-dist/scripts/ptex2pdf/ptex2pdf.lua' is not an ELF object
"'/usr/share/texlive/texmf-dist/scripts/ptex2pdf/ptex2pdf.lua' is not an ELF object" 
         not a plugin
QFactoryLoader::QFactoryLoader() looking at "/usr/bin/ptftopl"
"Failed to extract plugin meta data from '/usr/bin/ptftopl'" 
         not a plugin
QFactoryLoader::QFactoryLoader() looking at "/usr/bin/ptx"
"Failed to extract plugin meta data from '/usr/bin/ptx'" 
         not a plugin
QFactoryLoader::QFactoryLoader() looking at "/usr/bin/pulseaudio"
"Failed to extract plugin meta data from '/usr/bin/pulseaudio'" 
         not a plugin
QFactoryLoader::QFactoryLoader() looking at "/usr/bin/purifyeps"
QElfParser: '/usr/bin/purifyeps' is not an ELF object
"'/usr/bin/purifyeps' is not an ELF object" 
         not a plugin
QFactoryLoader::QFactoryLoader() looking at "/usr/bin/pw-cat"
"Failed to extract plugin meta data from '/usr/bin/pw-cat'" 
         not a plugin
QFactoryLoader::QFactoryLoader() looking at "/usr/bin/pw-cli"
"Failed to extract plugin meta data from '/usr/bin/pw-cli'" 
         not a plugin
QFactoryLoader::QFactoryLoader() looking at "/usr/bin/pw-dot"
"Failed to extract plugin meta data from '/usr/bin/pw-dot'" 
         not a plugin
QFactoryLoader::QFactoryLoader() looking at "/usr/bin/pw-dsdplay"
"Failed to extract plugin meta data from '/usr/bin/pw-cat'" 
         not a plugin
QFactoryLoader::QFactoryLoader() looking at "/usr/bin/pw-dump"
"Failed to extract plugin meta data from '/usr/bin/pw-dump'" 
         not a plugin
QFactoryLoader::QFactoryLoader() looking at "/usr/bin/pw-link"
"Failed to extract plugin meta data from '/usr/bin/pw-link'" 
         not a plugin
QFactoryLoader::QFactoryLoader() looking at "/usr/bin/pw-loopback"
"Failed to extract plugin meta data from '/usr/bin/pw-loopback'" 
         not a plugin
QFactoryLoader::QFactoryLoader() looking at "/usr/bin/pw-metadata"
"Failed to extract plugin meta data from '/usr/bin/pw-metadata'" 
         not a plugin
QFactoryLoader::QFactoryLoader() looking at "/usr/bin/pw-mididump"
"Failed to extract plugin meta data from '/usr/bin/pw-mididump'" 
         not a plugin
QFactoryLoader::QFactoryLoader() looking at "/usr/bin/pw-midiplay"
"Failed to extract plugin meta data from '/usr/bin/pw-cat'" 
         not a plugin
QFactoryLoader::QFactoryLoader() looking at "/usr/bin/pw-midirecord"
"Failed to extract plugin meta data from '/usr/bin/pw-cat'" 
         not a plugin
QFactoryLoader::QFactoryLoader() looking at "/usr/bin/pw-mon"
"Failed to extract plugin meta data from '/usr/bin/pw-mon'" 
         not a plugin
QFactoryLoader::QFactoryLoader() looking at "/usr/bin/pw-play"
"Failed to extract plugin meta data from '/usr/bin/pw-cat'" 
         not a plugin
QFactoryLoader::QFactoryLoader() looking at "/usr/bin/pw-profiler"
"Failed to extract plugin meta data from '/usr/bin/pw-profiler'" 
         not a plugin
QFactoryLoader::QFactoryLoader() looking at "/usr/bin/pw-record"
"Failed to extract plugin meta data from '/usr/bin/pw-cat'" 
         not a plugin
QFactoryLoader::QFactoryLoader() looking at "/usr/bin/pw-reserve"
"Failed to extract plugin meta data from '/usr/bin/pw-reserve'" 
         not a plugin
QFactoryLoader::QFactoryLoader() looking at "/usr/bin/pw-top"
"Failed to extract plugin meta data from '/usr/bin/pw-top'" 
         not a plugin
QFactoryLoader::QFactoryLoader() looking at "/usr/bin/pw-v4l2"
QElfParser: '/usr/bin/pw-v4l2' is not an ELF object
"'/usr/bin/pw-v4l2' is not an ELF object" 
         not a plugin
QFactoryLoader::QFactoryLoader() looking at "/usr/bin/pwd"
"Failed to extract plugin meta data from '/usr/bin/pwd'" 
         not a plugin
QFactoryLoader::QFactoryLoader() looking at "/usr/bin/pwdecrypt"
"Failed to extract plugin meta data from '/usr/bin/pwdecrypt'" 
         not a plugin
QFactoryLoader::QFactoryLoader() looking at "/usr/bin/pwdx"
"Failed to extract plugin meta data from '/usr/bin/pwdx'" 
         not a plugin
QFactoryLoader::QFactoryLoader() looking at "/usr/bin/py3clean"
QElfParser: '/usr/bin/py3clean' is not an ELF object
"'/usr/bin/py3clean' is not an ELF object" 
         not a plugin
QFactoryLoader::QFactoryLoader() looking at "/usr/bin/py3compile"
QElfParser: '/usr/bin/py3compile' is not an ELF object
"'/usr/bin/py3compile' is not an ELF object" 
         not a plugin
QFactoryLoader::QFactoryLoader() looking at "/usr/bin/py3versions"
QElfParser: '/usr/share/python3/py3versions.py' is not an ELF object
"'/usr/share/python3/py3versions.py' is not an ELF object" 
         not a plugin
QFactoryLoader::QFactoryLoader() looking at "/usr/bin/pydoc3"
QElfParser: '/usr/bin/pydoc3.10' is not an ELF object
"'/usr/bin/pydoc3.10' is not an ELF object" 
         not a plugin
QFactoryLoader::QFactoryLoader() looking at "/usr/bin/pydoc3.10"
QElfParser: '/usr/bin/pydoc3.10' is not an ELF object
"'/usr/bin/pydoc3.10' is not an ELF object" 
         not a plugin
QFactoryLoader::QFactoryLoader() looking at "/usr/bin/pydoc3.8"
QElfParser: '/usr/bin/pydoc3.8' is not an ELF object
"'/usr/bin/pydoc3.8' is not an ELF object" 
         not a plugin
QFactoryLoader::QFactoryLoader() looking at "/usr/bin/pygettext3"
QElfParser: '/usr/bin/pygettext3.10' is not an ELF object
"'/usr/bin/pygettext3.10' is not an ELF object" 
         not a plugin
QFactoryLoader::QFactoryLoader() looking at "/usr/bin/pygettext3.10"
QElfParser: '/usr/bin/pygettext3.10' is not an ELF object
"'/usr/bin/pygettext3.10' is not an ELF object" 
         not a plugin
QFactoryLoader::QFactoryLoader() looking at "/usr/bin/pygettext3.8"
QElfParser: '/usr/bin/pygettext3.8' is not an ELF object
"'/usr/bin/pygettext3.8' is not an ELF object" 
         not a plugin
QFactoryLoader::QFactoryLoader() looking at "/usr/bin/python3"
"Failed to extract plugin meta data from '/usr/bin/python3.10'" 
         not a plugin
QFactoryLoader::QFactoryLoader() looking at "/usr/bin/python3.10"
"Failed to extract plugin meta data from '/usr/bin/python3.10'" 
         not a plugin
QFactoryLoader::QFactoryLoader() looking at "/usr/bin/python3.8"
"Failed to extract plugin meta data from '/usr/bin/python3.8'" 
         not a plugin
QFactoryLoader::QFactoryLoader() looking at "/usr/bin/pythontex"
QElfParser: '/usr/share/texlive/texmf-dist/scripts/pythontex/pythontex.py' is not an ELF object
"'/usr/share/texlive/texmf-dist/scripts/pythontex/pythontex.py' is not an ELF object" 
         not a plugin
QFactoryLoader::QFactoryLoader() looking at "/usr/bin/pzstd"
"Failed to extract plugin meta data from '/usr/bin/pzstd'" 
         not a plugin
QFactoryLoader::QFactoryLoader() looking at "/usr/bin/qpdldecode"
"Failed to extract plugin meta data from '/usr/bin/qpdldecode'" 
         not a plugin
QFactoryLoader::QFactoryLoader() looking at "/usr/bin/qq"
"Failed to extract plugin meta data from '/opt/QQ/qq'" 
         not a plugin
QFactoryLoader::QFactoryLoader() looking at "/usr/bin/qrttoppm"
"Failed to extract plugin meta data from '/usr/bin/qrttoppm'" 
         not a plugin
QFactoryLoader::QFactoryLoader() looking at "/usr/bin/qt-faststart"
"Failed to extract plugin meta data from '/usr/bin/qt-faststart'" 
         not a plugin
QFactoryLoader::QFactoryLoader() looking at "/usr/bin/quirks-handler"
QElfParser: '/usr/bin/quirks-handler' is not an ELF object
"'/usr/bin/quirks-handler' is not an ELF object" 
         not a plugin
QFactoryLoader::QFactoryLoader() looking at "/usr/bin/r-mpost"
"Failed to extract plugin meta data from '/usr/bin/mpost'" 
         not a plugin
QFactoryLoader::QFactoryLoader() looking at "/usr/bin/r-pmpost"
"Failed to extract plugin meta data from '/usr/bin/pmpost'" 
         not a plugin
QFactoryLoader::QFactoryLoader() looking at "/usr/bin/r-upmpost"
"Failed to extract plugin meta data from '/usr/bin/upmpost'" 
         not a plugin
QFactoryLoader::QFactoryLoader() looking at "/usr/bin/racc3.0"
QElfParser: '/usr/bin/racc3.0' is not an ELF object
"'/usr/bin/racc3.0' is not an ELF object" 
         not a plugin
QFactoryLoader::QFactoryLoader() looking at "/usr/bin/rake"
QElfParser: '/usr/bin/rake' is not an ELF object
"'/usr/bin/rake' is not an ELF object" 
         not a plugin
QFactoryLoader::QFactoryLoader() looking at "/usr/bin/rake3.0"
QElfParser: '/usr/bin/rake3.0' is not an ELF object
"'/usr/bin/rake3.0' is not an ELF object" 
         not a plugin
QFactoryLoader::QFactoryLoader() looking at "/usr/bin/rasttopnm"
"Failed to extract plugin meta data from '/usr/bin/rasttopnm'" 
         not a plugin
QFactoryLoader::QFactoryLoader() looking at "/usr/bin/rawtopgm"
"Failed to extract plugin meta data from '/usr/bin/rawtopgm'" 
         not a plugin
QFactoryLoader::QFactoryLoader() looking at "/usr/bin/rawtoppm"
"Failed to extract plugin meta data from '/usr/bin/rawtoppm'" 
         not a plugin
QFactoryLoader::QFactoryLoader() looking at "/usr/bin/rbash"
"Failed to extract plugin meta data from '/usr/bin/bash'" 
         not a plugin
QFactoryLoader::QFactoryLoader() looking at "/usr/bin/rbs3.0"
QElfParser: '/usr/bin/rbs3.0' is not an ELF object
"'/usr/bin/rbs3.0' is not an ELF object" 
         not a plugin
QFactoryLoader::QFactoryLoader() looking at "/usr/bin/rcp"
"Failed to extract plugin meta data from '/usr/bin/scp'" 
         not a plugin
QFactoryLoader::QFactoryLoader() looking at "/usr/bin/rctest"
"Failed to extract plugin meta data from '/usr/bin/rctest'" 
         not a plugin
QFactoryLoader::QFactoryLoader() looking at "/usr/bin/rdma"
"Failed to extract plugin meta data from '/usr/bin/rdma'" 
         not a plugin
QFactoryLoader::QFactoryLoader() looking at "/usr/bin/rdoc"
QElfParser: '/usr/bin/rdoc3.0' is not an ELF object
"'/usr/bin/rdoc3.0' is not an ELF object" 
         not a plugin
QFactoryLoader::QFactoryLoader() looking at "/usr/bin/rdoc3.0"
QElfParser: '/usr/bin/rdoc3.0' is not an ELF object
"'/usr/bin/rdoc3.0' is not an ELF object" 
         not a plugin
QFactoryLoader::QFactoryLoader() looking at "/usr/bin/readlink"
"Failed to extract plugin meta data from '/usr/bin/readlink'" 
         not a plugin
QFactoryLoader::QFactoryLoader() looking at "/usr/bin/realpath"
"Failed to extract plugin meta data from '/usr/bin/realpath'" 
         not a plugin
QFactoryLoader::QFactoryLoader() looking at "/usr/bin/recode-sr-latin"
"Failed to extract plugin meta data from '/usr/bin/recode-sr-latin'" 
         not a plugin
QFactoryLoader::QFactoryLoader() looking at "/usr/bin/red"
QElfParser: '/usr/bin/red' is not an ELF object
"'/usr/bin/red' is not an ELF object" 
         not a plugin
QFactoryLoader::QFactoryLoader() looking at "/usr/bin/regedit"
QElfParser: '/usr/lib/wine/wineapploader' is not an ELF object
"'/usr/lib/wine/wineapploader' is not an ELF object" 
         not a plugin
QFactoryLoader::QFactoryLoader() looking at "/usr/bin/regedit-stable"
QElfParser: '/usr/lib/wine/wineapploader' is not an ELF object
"'/usr/lib/wine/wineapploader' is not an ELF object" 
         not a plugin
QFactoryLoader::QFactoryLoader() looking at "/usr/bin/regsvr32"
QElfParser: '/usr/lib/wine/wineapploader' is not an ELF object
"'/usr/lib/wine/wineapploader' is not an ELF object" 
         not a plugin
QFactoryLoader::QFactoryLoader() looking at "/usr/bin/regsvr32-stable"
QElfParser: '/usr/lib/wine/wineapploader' is not an ELF object
"'/usr/lib/wine/wineapploader' is not an ELF object" 
         not a plugin
QFactoryLoader::QFactoryLoader() looking at "/usr/bin/rendercheck"
"Failed to extract plugin meta data from '/usr/bin/rendercheck'" 
         not a plugin
QFactoryLoader::QFactoryLoader() looking at "/usr/bin/renice"
"Failed to extract plugin meta data from '/usr/bin/renice'" 
         not a plugin
QFactoryLoader::QFactoryLoader() looking at "/usr/bin/repstopdf"
QElfParser: '/usr/share/texlive/texmf-dist/scripts/epstopdf/epstopdf.pl' is not an ELF object
"'/usr/share/texlive/texmf-dist/scripts/epstopdf/epstopdf.pl' is not an ELF object" 
         not a plugin
QFactoryLoader::QFactoryLoader() looking at "/usr/bin/reset"
"Failed to extract plugin meta data from '/usr/bin/tset'" 
         not a plugin
QFactoryLoader::QFactoryLoader() looking at "/usr/bin/resize"
"Failed to extract plugin meta data from '/usr/bin/resize'" 
         not a plugin
QFactoryLoader::QFactoryLoader() looking at "/usr/bin/resizecons"
"Failed to extract plugin meta data from '/usr/bin/resizecons'" 
         not a plugin
QFactoryLoader::QFactoryLoader() looking at "/usr/bin/resizepart"
"Failed to extract plugin meta data from '/usr/bin/resizepart'" 
         not a plugin
QFactoryLoader::QFactoryLoader() looking at "/usr/bin/resolvectl"
"Failed to extract plugin meta data from '/usr/bin/resolvectl'" 
         not a plugin
QFactoryLoader::QFactoryLoader() looking at "/usr/bin/rev"
"Failed to extract plugin meta data from '/usr/bin/rev'" 
         not a plugin
QFactoryLoader::QFactoryLoader() looking at "/usr/bin/rfcomm"
"Failed to extract plugin meta data from '/usr/bin/rfcomm'" 
         not a plugin
QFactoryLoader::QFactoryLoader() looking at "/usr/bin/rgb3toppm"
"Failed to extract plugin meta data from '/usr/bin/rgb3toppm'" 
         not a plugin
QFactoryLoader::QFactoryLoader() looking at "/usr/bin/rgrep"
QElfParser: '/usr/bin/rgrep' is not an ELF object (file too small)
"'/usr/bin/rgrep' is not an ELF object (file too small)" 
         not a plugin
QFactoryLoader::QFactoryLoader() looking at "/usr/bin/rhythmbox"
"Failed to extract plugin meta data from '/usr/bin/rhythmbox'" 
         not a plugin
QFactoryLoader::QFactoryLoader() looking at "/usr/bin/rhythmbox-client"
"Failed to extract plugin meta data from '/usr/bin/rhythmbox-client'" 
         not a plugin
QFactoryLoader::QFactoryLoader() looking at "/usr/bin/ri"
QElfParser: '/usr/bin/ri3.0' is not an ELF object
"'/usr/bin/ri3.0' is not an ELF object" 
         not a plugin
QFactoryLoader::QFactoryLoader() looking at "/usr/bin/ri3.0"
QElfParser: '/usr/bin/ri3.0' is not an ELF object
"'/usr/bin/ri3.0' is not an ELF object" 
         not a plugin
QFactoryLoader::QFactoryLoader() looking at "/usr/bin/ristretto"
"Failed to extract plugin meta data from '/usr/bin/ristretto'" 
         not a plugin
QFactoryLoader::QFactoryLoader() looking at "/usr/bin/rletopnm"
"Failed to extract plugin meta data from '/usr/bin/rletopnm'" 
         not a plugin
QFactoryLoader::QFactoryLoader() looking at "/usr/bin/rlogin"
"Failed to extract plugin meta data from '/usr/bin/ssh'" 
         not a plugin
QFactoryLoader::QFactoryLoader() looking at "/usr/bin/rm"
"Failed to extract plugin meta data from '/usr/bin/rm'" 
         not a plugin
QFactoryLoader::QFactoryLoader() looking at "/usr/bin/rmdir"
"Failed to extract plugin meta data from '/usr/bin/rmdir'" 
         not a plugin
QFactoryLoader::QFactoryLoader() looking at "/usr/bin/rnano"
"Failed to extract plugin meta data from '/usr/bin/nano'" 
         not a plugin
QFactoryLoader::QFactoryLoader() looking at "/usr/bin/routef"
QElfParser: '/usr/bin/routef' is not an ELF object
"'/usr/bin/routef' is not an ELF object" 
         not a plugin
QFactoryLoader::QFactoryLoader() looking at "/usr/bin/routel"
QElfParser: '/usr/bin/routel' is not an ELF object
"'/usr/bin/routel' is not an ELF object" 
         not a plugin
QFactoryLoader::QFactoryLoader() looking at "/usr/bin/rpdfcrop"
QElfParser: '/usr/share/texlive/texmf-dist/scripts/pdfcrop/pdfcrop.pl' is not an ELF object
"'/usr/share/texlive/texmf-dist/scripts/pdfcrop/pdfcrop.pl' is not an ELF object" 
         not a plugin
QFactoryLoader::QFactoryLoader() looking at "/usr/bin/rrsync"
QElfParser: '/usr/bin/rrsync' is not an ELF object
"'/usr/bin/rrsync' is not an ELF object" 
         not a plugin
QFactoryLoader::QFactoryLoader() looking at "/usr/bin/rsaperf"
"Failed to extract plugin meta data from '/usr/bin/rsaperf'" 
         not a plugin
QFactoryLoader::QFactoryLoader() looking at "/usr/bin/rsh"
"Failed to extract plugin meta data from '/usr/bin/ssh'" 
         not a plugin
QFactoryLoader::QFactoryLoader() looking at "/usr/bin/rstart"
QElfParser: '/usr/bin/rstart' is not an ELF object
"'/usr/bin/rstart' is not an ELF object" 
         not a plugin
QFactoryLoader::QFactoryLoader() looking at "/usr/bin/rstartd"
QElfParser: '/usr/bin/rstartd' is not an ELF object
"'/usr/bin/rstartd' is not an ELF object" 
         not a plugin
QFactoryLoader::QFactoryLoader() looking at "/usr/bin/rsync"
"Failed to extract plugin meta data from '/usr/bin/rsync'" 
         not a plugin
QFactoryLoader::QFactoryLoader() looking at "/usr/bin/rsync-ssl"
QElfParser: '/usr/bin/rsync-ssl' is not an ELF object
"'/usr/bin/rsync-ssl' is not an ELF object" 
         not a plugin
QFactoryLoader::QFactoryLoader() looking at "/usr/bin/rtstat"
"Failed to extract plugin meta data from '/usr/bin/lnstat'" 
         not a plugin
QFactoryLoader::QFactoryLoader() looking at "/usr/bin/rubibtex"
QElfParser: '/usr/share/texlive/texmf-dist/scripts/texlive-extra/rubibtex.sh' is not an ELF object
"'/usr/share/texlive/texmf-dist/scripts/texlive-extra/rubibtex.sh' is not an ELF object" 
         not a plugin
QFactoryLoader::QFactoryLoader() looking at "/usr/bin/rubikrotation"
QElfParser: '/usr/share/texlive/texmf-dist/scripts/rubik/rubikrotation.pl' is not an ELF object
"'/usr/share/texlive/texmf-dist/scripts/rubik/rubikrotation.pl' is not an ELF object" 
         not a plugin
QFactoryLoader::QFactoryLoader() looking at "/usr/bin/ruby"
"Failed to extract plugin meta data from '/usr/bin/ruby3.0'" 
         not a plugin
QFactoryLoader::QFactoryLoader() looking at "/usr/bin/ruby3.0"
"Failed to extract plugin meta data from '/usr/bin/ruby3.0'" 
         not a plugin
QFactoryLoader::QFactoryLoader() looking at "/usr/bin/rumakeindex"
QElfParser: '/usr/share/texlive/texmf-dist/scripts/texlive-extra/rumakeindex.sh' is not an ELF object
"'/usr/share/texlive/texmf-dist/scripts/texlive-extra/rumakeindex.sh' is not an ELF object" 
         not a plugin
QFactoryLoader::QFactoryLoader() looking at "/usr/bin/run-mailcap"
QElfParser: '/usr/bin/run-mailcap' is not an ELF object
"'/usr/bin/run-mailcap' is not an ELF object" 
         not a plugin
QFactoryLoader::QFactoryLoader() looking at "/usr/bin/run-parts"
"Failed to extract plugin meta data from '/usr/bin/run-parts'" 
         not a plugin
QFactoryLoader::QFactoryLoader() looking at "/usr/bin/run-with-aspell"
QElfParser: '/usr/bin/run-with-aspell' is not an ELF object (file too small)
"'/usr/bin/run-with-aspell' is not an ELF object (file too small)" 
         not a plugin
QFactoryLoader::QFactoryLoader() looking at "/usr/bin/runcon"
"Failed to extract plugin meta data from '/usr/bin/runcon'" 
         not a plugin
QFactoryLoader::QFactoryLoader() looking at "/usr/bin/rungs"
QElfParser: '/usr/share/texlive/texmf-dist/scripts/texlive/rungs.tlu' is not an ELF object
"'/usr/share/texlive/texmf-dist/scripts/texlive/rungs.tlu' is not an ELF object" 
         not a plugin
QFactoryLoader::QFactoryLoader() looking at "/usr/bin/rview"
"Failed to extract plugin meta data from '/usr/bin/vim.tiny'" 
         not a plugin
QFactoryLoader::QFactoryLoader() looking at "/usr/bin/sane-find-scanner"
"Failed to extract plugin meta data from '/usr/bin/sane-find-scanner'" 
         not a plugin
QFactoryLoader::QFactoryLoader() looking at "/usr/bin/savelog"
QElfParser: '/usr/bin/savelog' is not an ELF object
"'/usr/bin/savelog' is not an ELF object" 
         not a plugin
QFactoryLoader::QFactoryLoader() looking at "/usr/bin/sbattach"
"Failed to extract plugin meta data from '/usr/bin/sbattach'" 
         not a plugin
QFactoryLoader::QFactoryLoader() looking at "/usr/bin/sbigtopgm"
"Failed to extract plugin meta data from '/usr/bin/sbigtopgm'" 
         not a plugin
QFactoryLoader::QFactoryLoader() looking at "/usr/bin/sbkeysync"
"Failed to extract plugin meta data from '/usr/bin/sbkeysync'" 
         not a plugin
QFactoryLoader::QFactoryLoader() looking at "/usr/bin/sbsiglist"
"Failed to extract plugin meta data from '/usr/bin/sbsiglist'" 
         not a plugin
QFactoryLoader::QFactoryLoader() looking at "/usr/bin/sbsign"
"Failed to extract plugin meta data from '/usr/bin/sbsign'" 
         not a plugin
QFactoryLoader::QFactoryLoader() looking at "/usr/bin/sbvarsign"
"Failed to extract plugin meta data from '/usr/bin/sbvarsign'" 
         not a plugin
QFactoryLoader::QFactoryLoader() looking at "/usr/bin/sbverify"
"Failed to extract plugin meta data from '/usr/bin/sbverify'" 
         not a plugin
QFactoryLoader::QFactoryLoader() looking at "/usr/bin/scanimage"
"Failed to extract plugin meta data from '/usr/bin/scanimage'" 
         not a plugin
QFactoryLoader::QFactoryLoader() looking at "/usr/bin/sccmap"
"Failed to extract plugin meta data from '/usr/bin/sccmap'" 
         not a plugin
QFactoryLoader::QFactoryLoader() looking at "/usr/bin/scel2org5"
"Failed to extract plugin meta data from '/usr/bin/scel2org5'" 
         not a plugin
QFactoryLoader::QFactoryLoader() looking at "/usr/bin/scor2prt"
"Failed to extract plugin meta data from '/usr/bin/scor2prt'" 
         not a plugin
QFactoryLoader::QFactoryLoader() looking at "/usr/bin/scp"
"Failed to extract plugin meta data from '/usr/bin/scp'" 
         not a plugin
QFactoryLoader::QFactoryLoader() looking at "/usr/bin/scp-dbus-service"
QElfParser: '/usr/bin/scp-dbus-service' is not an ELF object
"'/usr/bin/scp-dbus-service' is not an ELF object" 
         not a plugin
QFactoryLoader::QFactoryLoader() looking at "/usr/bin/screendump"
"Failed to extract plugin meta data from '/usr/bin/screendump'" 
         not a plugin
QFactoryLoader::QFactoryLoader() looking at "/usr/bin/script"
"Failed to extract plugin meta data from '/usr/bin/script'" 
         not a plugin
QFactoryLoader::QFactoryLoader() looking at "/usr/bin/scriptlive"
"Failed to extract plugin meta data from '/usr/bin/scriptlive'" 
         not a plugin
QFactoryLoader::QFactoryLoader() looking at "/usr/bin/scriptreplay"
"Failed to extract plugin meta data from '/usr/bin/scriptreplay'" 
         not a plugin
QFactoryLoader::QFactoryLoader() looking at "/usr/bin/sdiff"
"Failed to extract plugin meta data from '/usr/bin/sdiff'" 
         not a plugin
QFactoryLoader::QFactoryLoader() looking at "/usr/bin/sdptool"
"Failed to extract plugin meta data from '/usr/bin/sdptool'" 
         not a plugin
QFactoryLoader::QFactoryLoader() looking at "/usr/bin/sed"
"Failed to extract plugin meta data from '/usr/bin/sed'" 
         not a plugin
QFactoryLoader::QFactoryLoader() looking at "/usr/bin/see"
QElfParser: '/usr/bin/run-mailcap' is not an ELF object
"'/usr/bin/run-mailcap' is not an ELF object" 
         not a plugin
QFactoryLoader::QFactoryLoader() looking at "/usr/bin/select-default-iwrap"
QElfParser: '/usr/bin/select-default-iwrap' is not an ELF object
"'/usr/bin/select-default-iwrap' is not an ELF object" 
         not a plugin
QFactoryLoader::QFactoryLoader() looking at "/usr/bin/select-editor"
QElfParser: '/usr/bin/select-editor' is not an ELF object
"'/usr/bin/select-editor' is not an ELF object" 
         not a plugin
QFactoryLoader::QFactoryLoader() looking at "/usr/bin/selfserv"
"Failed to extract plugin meta data from '/usr/bin/selfserv'" 
         not a plugin
QFactoryLoader::QFactoryLoader() looking at "/usr/bin/sensible-browser"
QElfParser: '/usr/bin/sensible-browser' is not an ELF object
"'/usr/bin/sensible-browser' is not an ELF object" 
         not a plugin
QFactoryLoader::QFactoryLoader() looking at "/usr/bin/sensible-editor"
QElfParser: '/usr/bin/sensible-editor' is not an ELF object
"'/usr/bin/sensible-editor' is not an ELF object" 
         not a plugin
QFactoryLoader::QFactoryLoader() looking at "/usr/bin/sensible-pager"
QElfParser: '/usr/bin/sensible-pager' is not an ELF object
"'/usr/bin/sensible-pager' is not an ELF object" 
         not a plugin
QFactoryLoader::QFactoryLoader() looking at "/usr/bin/sensors"
"Failed to extract plugin meta data from '/usr/bin/sensors'" 
         not a plugin
QFactoryLoader::QFactoryLoader() looking at "/usr/bin/sensors-conf-convert"
QElfParser: '/usr/bin/sensors-conf-convert' is not an ELF object
"'/usr/bin/sensors-conf-convert' is not an ELF object" 
         not a plugin
QFactoryLoader::QFactoryLoader() looking at "/usr/bin/seq"
"Failed to extract plugin meta data from '/usr/bin/seq'" 
         not a plugin
QFactoryLoader::QFactoryLoader() looking at "/usr/bin/session-migration"
"Failed to extract plugin meta data from '/usr/bin/session-migration'" 
         not a plugin
QFactoryLoader::QFactoryLoader() looking at "/usr/bin/sessreg"
"Failed to extract plugin meta data from '/usr/bin/sessreg'" 
         not a plugin
QFactoryLoader::QFactoryLoader() looking at "/usr/bin/setarch"
"Failed to extract plugin meta data from '/usr/bin/setarch'" 
         not a plugin
QFactoryLoader::QFactoryLoader() looking at "/usr/bin/setfacl"
"Failed to extract plugin meta data from '/usr/bin/setfacl'" 
         not a plugin
QFactoryLoader::QFactoryLoader() looking at "/usr/bin/setfont"
"Failed to extract plugin meta data from '/usr/bin/setfont'" 
         not a plugin
QFactoryLoader::QFactoryLoader() looking at "/usr/bin/setkeycodes"
"Failed to extract plugin meta data from '/usr/bin/setkeycodes'" 
         not a plugin
QFactoryLoader::QFactoryLoader() looking at "/usr/bin/setleds"
"Failed to extract plugin meta data from '/usr/bin/setleds'" 
         not a plugin
QFactoryLoader::QFactoryLoader() looking at "/usr/bin/setlogcons"
"Failed to extract plugin meta data from '/usr/bin/setlogcons'" 
         not a plugin
QFactoryLoader::QFactoryLoader() looking at "/usr/bin/setmetamode"
"Failed to extract plugin meta data from '/usr/bin/setmetamode'" 
         not a plugin
QFactoryLoader::QFactoryLoader() looking at "/usr/bin/setpci"
"Failed to extract plugin meta data from '/usr/bin/setpci'" 
         not a plugin
QFactoryLoader::QFactoryLoader() looking at "/usr/bin/setpriv"
"Failed to extract plugin meta data from '/usr/bin/setpriv'" 
         not a plugin
QFactoryLoader::QFactoryLoader() looking at "/usr/bin/setsid"
"Failed to extract plugin meta data from '/usr/bin/setsid'" 
         not a plugin
QFactoryLoader::QFactoryLoader() looking at "/usr/bin/setterm"
"Failed to extract plugin meta data from '/usr/bin/setterm'" 
         not a plugin
QFactoryLoader::QFactoryLoader() looking at "/usr/bin/setupcon"
QElfParser: '/usr/bin/setupcon' is not an ELF object
"'/usr/bin/setupcon' is not an ELF object" 
         not a plugin
QFactoryLoader::QFactoryLoader() looking at "/usr/bin/setxkbmap"
"Failed to extract plugin meta data from '/usr/bin/setxkbmap'" 
         not a plugin
QFactoryLoader::QFactoryLoader() looking at "/usr/bin/sfconv"
"Failed to extract plugin meta data from '/usr/bin/sfconv'" 
         not a plugin
QFactoryLoader::QFactoryLoader() looking at "/usr/bin/sfdp"
"Failed to extract plugin meta data from '/usr/sbin/libgvc6-config-update'" 
         not a plugin
QFactoryLoader::QFactoryLoader() looking at "/usr/bin/sftp"
"Failed to extract plugin meta data from '/usr/bin/sftp'" 
         not a plugin
QFactoryLoader::QFactoryLoader() looking at "/usr/bin/sg"
"Failed to extract plugin meta data from '/usr/bin/newgrp'" 
         not a plugin
QFactoryLoader::QFactoryLoader() looking at "/usr/bin/sgitopnm"
"Failed to extract plugin meta data from '/usr/bin/sgitopnm'" 
         not a plugin
QFactoryLoader::QFactoryLoader() looking at "/usr/bin/sh"
"Failed to extract plugin meta data from '/usr/bin/dash'" 
         not a plugin
QFactoryLoader::QFactoryLoader() looking at "/usr/bin/sha1sum"
"Failed to extract plugin meta data from '/usr/bin/sha1sum'" 
         not a plugin
QFactoryLoader::QFactoryLoader() looking at "/usr/bin/sha224sum"
"Failed to extract plugin meta data from '/usr/bin/sha224sum'" 
         not a plugin
QFactoryLoader::QFactoryLoader() looking at "/usr/bin/sha256sum"
"Failed to extract plugin meta data from '/usr/bin/sha256sum'" 
         not a plugin
QFactoryLoader::QFactoryLoader() looking at "/usr/bin/sha384sum"
"Failed to extract plugin meta data from '/usr/bin/sha384sum'" 
         not a plugin
QFactoryLoader::QFactoryLoader() looking at "/usr/bin/sha512sum"
"Failed to extract plugin meta data from '/usr/bin/sha512sum'" 
         not a plugin
QFactoryLoader::QFactoryLoader() looking at "/usr/bin/shares-admin"
"Failed to extract plugin meta data from '/usr/bin/shares-admin'" 
         not a plugin
QFactoryLoader::QFactoryLoader() looking at "/usr/bin/shasum"
QElfParser: '/usr/bin/shasum' is not an ELF object
"'/usr/bin/shasum' is not an ELF object" 
         not a plugin
QFactoryLoader::QFactoryLoader() looking at "/usr/bin/shlibsign"
"Failed to extract plugin meta data from '/usr/bin/shlibsign'" 
         not a plugin
QFactoryLoader::QFactoryLoader() looking at "/usr/bin/showchar"
QElfParser: '/usr/bin/showchar' is not an ELF object
"'/usr/bin/showchar' is not an ELF object" 
         not a plugin
QFactoryLoader::QFactoryLoader() looking at "/usr/bin/showconsolefont"
"Failed to extract plugin meta data from '/usr/bin/showconsolefont'" 
         not a plugin
QFactoryLoader::QFactoryLoader() looking at "/usr/bin/showkey"
"Failed to extract plugin meta data from '/usr/bin/showkey'" 
         not a plugin
QFactoryLoader::QFactoryLoader() looking at "/usr/bin/showrgb"
"Failed to extract plugin meta data from '/usr/bin/showrgb'" 
         not a plugin
QFactoryLoader::QFactoryLoader() looking at "/usr/bin/shred"
"Failed to extract plugin meta data from '/usr/bin/shred'" 
         not a plugin
QFactoryLoader::QFactoryLoader() looking at "/usr/bin/shuf"
"Failed to extract plugin meta data from '/usr/bin/shuf'" 
         not a plugin
QFactoryLoader::QFactoryLoader() looking at "/usr/bin/signtool"
"Failed to extract plugin meta data from '/usr/bin/signtool'" 
         not a plugin
QFactoryLoader::QFactoryLoader() looking at "/usr/bin/signver"
"Failed to extract plugin meta data from '/usr/bin/signver'" 
         not a plugin
QFactoryLoader::QFactoryLoader() looking at "/usr/bin/simpdftex"
QElfParser: '/usr/share/texlive/texmf-dist/scripts/simpdftex/simpdftex' is not an ELF object
"'/usr/share/texlive/texmf-dist/scripts/simpdftex/simpdftex' is not an ELF object" 
         not a plugin
QFactoryLoader::QFactoryLoader() looking at "/usr/bin/simple-scan"
"Failed to extract plugin meta data from '/usr/bin/simple-scan'" 
         not a plugin
QFactoryLoader::QFactoryLoader() looking at "/usr/bin/sirtopnm"
"Failed to extract plugin meta data from '/usr/bin/sirtopnm'" 
         not a plugin
QFactoryLoader::QFactoryLoader() looking at "/usr/bin/sjisconv"
"Failed to extract plugin meta data from '/usr/bin/sjisconv'" 
         not a plugin
QFactoryLoader::QFactoryLoader() looking at "/usr/bin/sjislatex"
QElfParser: '/usr/bin/sjislatex' is not an ELF object
"'/usr/bin/sjislatex' is not an ELF object" 
         not a plugin
QFactoryLoader::QFactoryLoader() looking at "/usr/bin/sjispdflatex"
QElfParser: '/usr/bin/sjispdflatex' is not an ELF object
"'/usr/bin/sjispdflatex' is not an ELF object" 
         not a plugin
QFactoryLoader::QFactoryLoader() looking at "/usr/bin/skill"
"Failed to extract plugin meta data from '/usr/bin/skill'" 
         not a plugin
QFactoryLoader::QFactoryLoader() looking at "/usr/bin/slabtop"
"Failed to extract plugin meta data from '/usr/bin/slabtop'" 
         not a plugin
QFactoryLoader::QFactoryLoader() looking at "/usr/bin/sldtoppm"
"Failed to extract plugin meta data from '/usr/bin/sldtoppm'" 
         not a plugin
QFactoryLoader::QFactoryLoader() looking at "/usr/bin/sleep"
"Failed to extract plugin meta data from '/usr/bin/sleep'" 
         not a plugin
QFactoryLoader::QFactoryLoader() looking at "/usr/bin/slogin"
"Failed to extract plugin meta data from '/usr/bin/ssh'" 
         not a plugin
QFactoryLoader::QFactoryLoader() looking at "/usr/bin/slxdecode"
"Failed to extract plugin meta data from '/usr/bin/slxdecode'" 
         not a plugin
QFactoryLoader::QFactoryLoader() looking at "/usr/bin/smproxy"
"Failed to extract plugin meta data from '/usr/bin/smproxy'" 
         not a plugin
QFactoryLoader::QFactoryLoader() looking at "/usr/bin/snap"
"Failed to extract plugin meta data from '/usr/bin/snap'" 
         not a plugin
QFactoryLoader::QFactoryLoader() looking at "/usr/bin/snapctl"
"Failed to extract plugin meta data from '/usr/lib/snapd/snapctl'" 
         not a plugin
QFactoryLoader::QFactoryLoader() looking at "/usr/bin/snapfuse"
"Failed to extract plugin meta data from '/usr/bin/snapfuse'" 
         not a plugin
QFactoryLoader::QFactoryLoader() looking at "/usr/bin/snice"
"Failed to extract plugin meta data from '/usr/bin/skill'" 
         not a plugin
QFactoryLoader::QFactoryLoader() looking at "/usr/bin/sntp"
"Failed to extract plugin meta data from '/usr/bin/sntp'" 
         not a plugin
QFactoryLoader::QFactoryLoader() looking at "/usr/bin/socat"
"Failed to extract plugin meta data from '/usr/bin/socat'" 
         not a plugin
QFactoryLoader::QFactoryLoader() looking at "/usr/bin/soelim"
"Failed to extract plugin meta data from '/usr/bin/soelim'" 
         not a plugin
QFactoryLoader::QFactoryLoader() looking at "/usr/bin/soffice"
QElfParser: '/usr/lib/libreoffice/program/soffice' is not an ELF object
"'/usr/lib/libreoffice/program/soffice' is not an ELF object" 
         not a plugin
QFactoryLoader::QFactoryLoader() looking at "/usr/bin/software-properties-gtk"
QElfParser: '/usr/bin/software-properties-gtk' is not an ELF object
"'/usr/bin/software-properties-gtk' is not an ELF object" 
         not a plugin
QFactoryLoader::QFactoryLoader() looking at "/usr/bin/sort"
"Failed to extract plugin meta data from '/usr/bin/sort'" 
         not a plugin
QFactoryLoader::QFactoryLoader() looking at "/usr/bin/spa-acp-tool"
"Failed to extract plugin meta data from '/usr/bin/spa-acp-tool'" 
         not a plugin
QFactoryLoader::QFactoryLoader() looking at "/usr/bin/spa-inspect"
"Failed to extract plugin meta data from '/usr/bin/spa-inspect'" 
         not a plugin
QFactoryLoader::QFactoryLoader() looking at "/usr/bin/spa-json-dump"
"Failed to extract plugin meta data from '/usr/bin/spa-json-dump'" 
         not a plugin
QFactoryLoader::QFactoryLoader() looking at "/usr/bin/spa-monitor"
"Failed to extract plugin meta data from '/usr/bin/spa-monitor'" 
         not a plugin
QFactoryLoader::QFactoryLoader() looking at "/usr/bin/spa-resample"
"Failed to extract plugin meta data from '/usr/bin/spa-resample'" 
         not a plugin
QFactoryLoader::QFactoryLoader() looking at "/usr/bin/spctoppm"
"Failed to extract plugin meta data from '/usr/bin/spctoppm'" 
         not a plugin
QFactoryLoader::QFactoryLoader() looking at "/usr/bin/spd-say"
"Failed to extract plugin meta data from '/usr/bin/spd-say'" 
         not a plugin
QFactoryLoader::QFactoryLoader() looking at "/usr/bin/spdsend"
"Failed to extract plugin meta data from '/usr/bin/spdsend'" 
         not a plugin
QFactoryLoader::QFactoryLoader() looking at "/usr/bin/speaker-test"
"Failed to extract plugin meta data from '/usr/bin/speaker-test'" 
         not a plugin
QFactoryLoader::QFactoryLoader() looking at "/usr/bin/speech-dispatcher"
"Failed to extract plugin meta data from '/usr/bin/speech-dispatcher'" 
         not a plugin
QFactoryLoader::QFactoryLoader() looking at "/usr/bin/spice-vdagent"
"Failed to extract plugin meta data from '/usr/bin/spice-vdagent'" 
         not a plugin
QFactoryLoader::QFactoryLoader() looking at "/usr/bin/splain"
QElfParser: '/usr/bin/splain' is not an ELF object
"'/usr/bin/splain' is not an ELF object" 
         not a plugin
QFactoryLoader::QFactoryLoader() looking at "/usr/bin/split"
"Failed to extract plugin meta data from '/usr/bin/split'" 
         not a plugin
QFactoryLoader::QFactoryLoader() looking at "/usr/bin/splitfont"
"Failed to extract plugin meta data from '/usr/bin/splitfont'" 
         not a plugin
QFactoryLoader::QFactoryLoader() looking at "/usr/bin/splitindex"
QElfParser: '/usr/share/texlive/texmf-dist/scripts/splitindex/splitindex.pl' is not an ELF object
"'/usr/share/texlive/texmf-dist/scripts/splitindex/splitindex.pl' is not an ELF object" 
         not a plugin
QFactoryLoader::QFactoryLoader() looking at "/usr/bin/sputoppm"
"Failed to extract plugin meta data from '/usr/bin/sputoppm'" 
         not a plugin
QFactoryLoader::QFactoryLoader() looking at "/usr/bin/sqfscat"
"Failed to extract plugin meta data from '/usr/bin/unsquashfs'" 
         not a plugin
QFactoryLoader::QFactoryLoader() looking at "/usr/bin/sqfstar"
"Failed to extract plugin meta data from '/usr/bin/mksquashfs'" 
         not a plugin
QFactoryLoader::QFactoryLoader() looking at "/usr/bin/srcredact"
QElfParser: '/usr/share/texlive/texmf-dist/scripts/srcredact/srcredact.pl' is not an ELF object
"'/usr/share/texlive/texmf-dist/scripts/srcredact/srcredact.pl' is not an ELF object" 
         not a plugin
QFactoryLoader::QFactoryLoader() looking at "/usr/bin/ss"
"Failed to extract plugin meta data from '/usr/bin/ss'" 
         not a plugin
QFactoryLoader::QFactoryLoader() looking at "/usr/bin/ssh"
"Failed to extract plugin meta data from '/usr/bin/ssh'" 
         not a plugin
QFactoryLoader::QFactoryLoader() looking at "/usr/bin/ssh-add"
"Failed to extract plugin meta data from '/usr/bin/ssh-add'" 
         not a plugin
QFactoryLoader::QFactoryLoader() looking at "/usr/bin/ssh-agent"
"Failed to extract plugin meta data from '/usr/bin/ssh-agent'" 
         not a plugin
QFactoryLoader::QFactoryLoader() looking at "/usr/bin/ssh-argv0"
QElfParser: '/usr/bin/ssh-argv0' is not an ELF object
"'/usr/bin/ssh-argv0' is not an ELF object" 
         not a plugin
QFactoryLoader::QFactoryLoader() looking at "/usr/bin/ssh-copy-id"
QElfParser: '/usr/bin/ssh-copy-id' is not an ELF object
"'/usr/bin/ssh-copy-id' is not an ELF object" 
         not a plugin
QFactoryLoader::QFactoryLoader() looking at "/usr/bin/ssh-keygen"
"Failed to extract plugin meta data from '/usr/bin/ssh-keygen'" 
         not a plugin
QFactoryLoader::QFactoryLoader() looking at "/usr/bin/ssh-keyscan"
"Failed to extract plugin meta data from '/usr/bin/ssh-keyscan'" 
         not a plugin
QFactoryLoader::QFactoryLoader() looking at "/usr/bin/sshfs"
"Failed to extract plugin meta data from '/usr/bin/sshfs'" 
         not a plugin
QFactoryLoader::QFactoryLoader() looking at "/usr/bin/ssltap"
"Failed to extract plugin meta data from '/usr/bin/ssltap'" 
         not a plugin
QFactoryLoader::QFactoryLoader() looking at "/usr/bin/st4topgm"
"Failed to extract plugin meta data from '/usr/bin/st4topgm'" 
         not a plugin
QFactoryLoader::QFactoryLoader() looking at "/usr/bin/start-pulseaudio-x11"
QElfParser: '/usr/bin/start-pulseaudio-x11' is not an ELF object
"'/usr/bin/start-pulseaudio-x11' is not an ELF object" 
         not a plugin
QFactoryLoader::QFactoryLoader() looking at "/usr/bin/startx"
QElfParser: '/usr/bin/startx' is not an ELF object
"'/usr/bin/startx' is not an ELF object" 
         not a plugin
QFactoryLoader::QFactoryLoader() looking at "/usr/bin/startxfce4"
QElfParser: '/usr/bin/startxfce4' is not an ELF object
"'/usr/bin/startxfce4' is not an ELF object" 
         not a plugin
QFactoryLoader::QFactoryLoader() looking at "/usr/bin/stat"
"Failed to extract plugin meta data from '/usr/bin/stat'" 
         not a plugin
QFactoryLoader::QFactoryLoader() looking at "/usr/bin/static-sh"
"Failed to extract plugin meta data from '/usr/bin/busybox'" 
         not a plugin
QFactoryLoader::QFactoryLoader() looking at "/usr/bin/stdbuf"
"Failed to extract plugin meta data from '/usr/bin/stdbuf'" 
         not a plugin
QFactoryLoader::QFactoryLoader() looking at "/usr/bin/stl2gts"
"Failed to extract plugin meta data from '/usr/bin/stl2gts'" 
         not a plugin
QFactoryLoader::QFactoryLoader() looking at "/usr/bin/strace"
"Failed to extract plugin meta data from '/usr/bin/strace'" 
         not a plugin
QFactoryLoader::QFactoryLoader() looking at "/usr/bin/strace-log-merge"
QElfParser: '/usr/bin/strace-log-merge' is not an ELF object
"'/usr/bin/strace-log-merge' is not an ELF object" 
         not a plugin
QFactoryLoader::QFactoryLoader() looking at "/usr/bin/stream"
"Failed to extract plugin meta data from '/usr/bin/stream-im6.q16'" 
         not a plugin
QFactoryLoader::QFactoryLoader() looking at "/usr/bin/stream-im6"
"Failed to extract plugin meta data from '/usr/bin/stream-im6.q16'" 
         not a plugin
QFactoryLoader::QFactoryLoader() looking at "/usr/bin/stream-im6.q16"
"Failed to extract plugin meta data from '/usr/bin/stream-im6.q16'" 
         not a plugin
QFactoryLoader::QFactoryLoader() looking at "/usr/bin/streamzip"
QElfParser: '/usr/bin/streamzip' is not an ELF object
"'/usr/bin/streamzip' is not an ELF object" 
         not a plugin
QFactoryLoader::QFactoryLoader() looking at "/usr/bin/strsclnt"
"Failed to extract plugin meta data from '/usr/bin/strsclnt'" 
         not a plugin
QFactoryLoader::QFactoryLoader() looking at "/usr/bin/stty"
"Failed to extract plugin meta data from '/usr/bin/stty'" 
         not a plugin
QFactoryLoader::QFactoryLoader() looking at "/usr/bin/sty2dtx"
QElfParser: '/usr/share/texlive/texmf-dist/scripts/sty2dtx/sty2dtx.pl' is not an ELF object
"'/usr/share/texlive/texmf-dist/scripts/sty2dtx/sty2dtx.pl' is not an ELF object" 
         not a plugin
QFactoryLoader::QFactoryLoader() looking at "/usr/bin/su"
"Failed to extract plugin meta data from '/usr/bin/su'" 
         not a plugin
QFactoryLoader::QFactoryLoader() looking at "/usr/bin/sudo"
"Failed to extract plugin meta data from '/usr/bin/sudo'" 
         not a plugin
QFactoryLoader::QFactoryLoader() looking at "/usr/bin/sudoedit"
"Failed to extract plugin meta data from '/usr/bin/sudo'" 
         not a plugin
QFactoryLoader::QFactoryLoader() looking at "/usr/bin/sudoreplay"
"Failed to extract plugin meta data from '/usr/bin/sudoreplay'" 
         not a plugin
QFactoryLoader::QFactoryLoader() looking at "/usr/bin/sum"
"Failed to extract plugin meta data from '/usr/bin/sum'" 
         not a plugin
QFactoryLoader::QFactoryLoader() looking at "/usr/bin/svn-multi"
QElfParser: '/usr/share/texlive/texmf-dist/scripts/svn-multi/svn-multi.pl' is not an ELF object
"'/usr/share/texlive/texmf-dist/scripts/svn-multi/svn-multi.pl' is not an ELF object" 
         not a plugin
QFactoryLoader::QFactoryLoader() looking at "/usr/bin/symkeyutil"
"Failed to extract plugin meta data from '/usr/bin/symkeyutil'" 
         not a plugin
QFactoryLoader::QFactoryLoader() looking at "/usr/bin/synaptic-pkexec"
QElfParser: '/usr/bin/synaptic-pkexec' is not an ELF object (file too small)
"'/usr/bin/synaptic-pkexec' is not an ELF object (file too small)" 
         not a plugin
QFactoryLoader::QFactoryLoader() looking at "/usr/bin/sync"
"Failed to extract plugin meta data from '/usr/bin/sync'" 
         not a plugin
QFactoryLoader::QFactoryLoader() looking at "/usr/bin/synclient"
"Failed to extract plugin meta data from '/usr/bin/synclient'" 
         not a plugin
QFactoryLoader::QFactoryLoader() looking at "/usr/bin/synctex"
"Failed to extract plugin meta data from '/usr/bin/synctex'" 
         not a plugin
QFactoryLoader::QFactoryLoader() looking at "/usr/bin/syndaemon"
"Failed to extract plugin meta data from '/usr/bin/syndaemon'" 
         not a plugin
QFactoryLoader::QFactoryLoader() looking at "/usr/bin/system-config-printer"
QElfParser: '/usr/bin/system-config-printer' is not an ELF object
"'/usr/bin/system-config-printer' is not an ELF object" 
         not a plugin
QFactoryLoader::QFactoryLoader() looking at "/usr/bin/system-config-printer-applet"
QElfParser: '/usr/bin/system-config-printer-applet' is not an ELF object
"'/usr/bin/system-config-printer-applet' is not an ELF object" 
         not a plugin
QFactoryLoader::QFactoryLoader() looking at "/usr/bin/systemctl"
"Failed to extract plugin meta data from '/usr/bin/systemctl'" 
         not a plugin
QFactoryLoader::QFactoryLoader() looking at "/usr/bin/systemd"
"Failed to extract plugin meta data from '/usr/lib/systemd/systemd'" 
         not a plugin
QFactoryLoader::QFactoryLoader() looking at "/usr/bin/systemd-analyze"
"Failed to extract plugin meta data from '/usr/bin/systemd-analyze'" 
         not a plugin
QFactoryLoader::QFactoryLoader() looking at "/usr/bin/systemd-ask-password"
"Failed to extract plugin meta data from '/usr/bin/systemd-ask-password'" 
         not a plugin
QFactoryLoader::QFactoryLoader() looking at "/usr/bin/systemd-cat"
"Failed to extract plugin meta data from '/usr/bin/systemd-cat'" 
         not a plugin
QFactoryLoader::QFactoryLoader() looking at "/usr/bin/systemd-cgls"
"Failed to extract plugin meta data from '/usr/bin/systemd-cgls'" 
         not a plugin
QFactoryLoader::QFactoryLoader() looking at "/usr/bin/systemd-cgtop"
"Failed to extract plugin meta data from '/usr/bin/systemd-cgtop'" 
         not a plugin
QFactoryLoader::QFactoryLoader() looking at "/usr/bin/systemd-cryptenroll"
"Failed to extract plugin meta data from '/usr/bin/systemd-cryptenroll'" 
         not a plugin
QFactoryLoader::QFactoryLoader() looking at "/usr/bin/systemd-delta"
"Failed to extract plugin meta data from '/usr/bin/systemd-delta'" 
         not a plugin
QFactoryLoader::QFactoryLoader() looking at "/usr/bin/systemd-detect-virt"
"Failed to extract plugin meta data from '/usr/bin/systemd-detect-virt'" 
         not a plugin
QFactoryLoader::QFactoryLoader() looking at "/usr/bin/systemd-escape"
"Failed to extract plugin meta data from '/usr/bin/systemd-escape'" 
         not a plugin
QFactoryLoader::QFactoryLoader() looking at "/usr/bin/systemd-hwdb"
"Failed to extract plugin meta data from '/usr/bin/systemd-hwdb'" 
         not a plugin
QFactoryLoader::QFactoryLoader() looking at "/usr/bin/systemd-id128"
"Failed to extract plugin meta data from '/usr/bin/systemd-id128'" 
         not a plugin
QFactoryLoader::QFactoryLoader() looking at "/usr/bin/systemd-inhibit"
"Failed to extract plugin meta data from '/usr/bin/systemd-inhibit'" 
         not a plugin
QFactoryLoader::QFactoryLoader() looking at "/usr/bin/systemd-machine-id-setup"
"Failed to extract plugin meta data from '/usr/bin/systemd-machine-id-setup'" 
         not a plugin
QFactoryLoader::QFactoryLoader() looking at "/usr/bin/systemd-mount"
"Failed to extract plugin meta data from '/usr/bin/systemd-mount'" 
         not a plugin
QFactoryLoader::QFactoryLoader() looking at "/usr/bin/systemd-notify"
"Failed to extract plugin meta data from '/usr/bin/systemd-notify'" 
         not a plugin
QFactoryLoader::QFactoryLoader() looking at "/usr/bin/systemd-path"
"Failed to extract plugin meta data from '/usr/bin/systemd-path'" 
         not a plugin
QFactoryLoader::QFactoryLoader() looking at "/usr/bin/systemd-run"
"Failed to extract plugin meta data from '/usr/bin/systemd-run'" 
         not a plugin
QFactoryLoader::QFactoryLoader() looking at "/usr/bin/systemd-socket-activate"
"Failed to extract plugin meta data from '/usr/bin/systemd-socket-activate'" 
         not a plugin
QFactoryLoader::QFactoryLoader() looking at "/usr/bin/systemd-stdio-bridge"
"Failed to extract plugin meta data from '/usr/bin/systemd-stdio-bridge'" 
         not a plugin
QFactoryLoader::QFactoryLoader() looking at "/usr/bin/systemd-sysext"
"Failed to extract plugin meta data from '/usr/bin/systemd-sysext'" 
         not a plugin
QFactoryLoader::QFactoryLoader() looking at "/usr/bin/systemd-sysusers"
"Failed to extract plugin meta data from '/usr/bin/systemd-sysusers'" 
         not a plugin
QFactoryLoader::QFactoryLoader() looking at "/usr/bin/systemd-tmpfiles"
"Failed to extract plugin meta data from '/usr/bin/systemd-tmpfiles'" 
         not a plugin
QFactoryLoader::QFactoryLoader() looking at "/usr/bin/systemd-tty-ask-password-agent"
"Failed to extract plugin meta data from '/usr/bin/systemd-tty-ask-password-agent'" 
         not a plugin
QFactoryLoader::QFactoryLoader() looking at "/usr/bin/systemd-umount"
"Failed to extract plugin meta data from '/usr/bin/systemd-mount'" 
         not a plugin
QFactoryLoader::QFactoryLoader() looking at "/usr/bin/t1ascii"
"Failed to extract plugin meta data from '/usr/bin/t1ascii'" 
         not a plugin
QFactoryLoader::QFactoryLoader() looking at "/usr/bin/t1asm"
"Failed to extract plugin meta data from '/usr/bin/t1asm'" 
         not a plugin
QFactoryLoader::QFactoryLoader() looking at "/usr/bin/t1binary"
"Failed to extract plugin meta data from '/usr/bin/t1binary'" 
         not a plugin
QFactoryLoader::QFactoryLoader() looking at "/usr/bin/t1c2pfb"
"Failed to extract plugin meta data from '/usr/bin/t1c2pfb'" 
         not a plugin
QFactoryLoader::QFactoryLoader() looking at "/usr/bin/t1disasm"
"Failed to extract plugin meta data from '/usr/bin/t1disasm'" 
         not a plugin
QFactoryLoader::QFactoryLoader() looking at "/usr/bin/t1dotlessj"
"Failed to extract plugin meta data from '/usr/bin/t1dotlessj'" 
         not a plugin
QFactoryLoader::QFactoryLoader() looking at "/usr/bin/t1lint"
"Failed to extract plugin meta data from '/usr/bin/t1lint'" 
         not a plugin
QFactoryLoader::QFactoryLoader() looking at "/usr/bin/t1mac"
"Failed to extract plugin meta data from '/usr/bin/t1mac'" 
         not a plugin
QFactoryLoader::QFactoryLoader() looking at "/usr/bin/t1rawafm"
"Failed to extract plugin meta data from '/usr/bin/t1rawafm'" 
         not a plugin
QFactoryLoader::QFactoryLoader() looking at "/usr/bin/t1reencode"
"Failed to extract plugin meta data from '/usr/bin/t1reencode'" 
         not a plugin
QFactoryLoader::QFactoryLoader() looking at "/usr/bin/t1testpage"
"Failed to extract plugin meta data from '/usr/bin/t1testpage'" 
         not a plugin
QFactoryLoader::QFactoryLoader() looking at "/usr/bin/t1unmac"
"Failed to extract plugin meta data from '/usr/bin/t1unmac'" 
         not a plugin
QFactoryLoader::QFactoryLoader() looking at "/usr/bin/t4ht"
"Failed to extract plugin meta data from '/usr/bin/t4ht'" 
         not a plugin
QFactoryLoader::QFactoryLoader() looking at "/usr/bin/tabs"
"Failed to extract plugin meta data from '/usr/bin/tabs'" 
         not a plugin
QFactoryLoader::QFactoryLoader() looking at "/usr/bin/tac"
"Failed to extract plugin meta data from '/usr/bin/tac'" 
         not a plugin
QFactoryLoader::QFactoryLoader() looking at "/usr/bin/tail"
"Failed to extract plugin meta data from '/usr/bin/tail'" 
         not a plugin
QFactoryLoader::QFactoryLoader() looking at "/usr/bin/tangle"
"Failed to extract plugin meta data from '/usr/bin/tangle'" 
         not a plugin
QFactoryLoader::QFactoryLoader() looking at "/usr/bin/tar"
"Failed to extract plugin meta data from '/usr/bin/tar'" 
         not a plugin
QFactoryLoader::QFactoryLoader() looking at "/usr/bin/taskset"
"Failed to extract plugin meta data from '/usr/bin/taskset'" 
         not a plugin
QFactoryLoader::QFactoryLoader() looking at "/usr/bin/tbl"
"Failed to extract plugin meta data from '/usr/bin/tbl'" 
         not a plugin
QFactoryLoader::QFactoryLoader() looking at "/usr/bin/tclsh"
"Failed to extract plugin meta data from '/usr/bin/tclsh8.6'" 
         not a plugin
QFactoryLoader::QFactoryLoader() looking at "/usr/bin/tclsh8.6"
"Failed to extract plugin meta data from '/usr/bin/tclsh8.6'" 
         not a plugin
QFactoryLoader::QFactoryLoader() looking at "/usr/bin/tcpdump"
"Failed to extract plugin meta data from '/usr/bin/tcpdump'" 
         not a plugin
QFactoryLoader::QFactoryLoader() looking at "/usr/bin/teckit_compile"
"Failed to extract plugin meta data from '/usr/bin/teckit_compile'" 
         not a plugin
QFactoryLoader::QFactoryLoader() looking at "/usr/bin/tee"
"Failed to extract plugin meta data from '/usr/bin/tee'" 
         not a plugin
QFactoryLoader::QFactoryLoader() looking at "/usr/bin/telnet"
"Failed to extract plugin meta data from '/usr/bin/telnet.netkit'" 
         not a plugin
QFactoryLoader::QFactoryLoader() looking at "/usr/bin/telnet.netkit"
"Failed to extract plugin meta data from '/usr/bin/telnet.netkit'" 
         not a plugin
QFactoryLoader::QFactoryLoader() looking at "/usr/bin/tempfile"
"Failed to extract plugin meta data from '/usr/bin/tempfile'" 
         not a plugin
QFactoryLoader::QFactoryLoader() looking at "/usr/bin/test"
"Failed to extract plugin meta data from '/usr/bin/test'" 
         not a plugin
QFactoryLoader::QFactoryLoader() looking at "/usr/bin/tex"
"Failed to extract plugin meta data from '/usr/bin/tex'" 
         not a plugin
QFactoryLoader::QFactoryLoader() looking at "/usr/bin/tex2aspc"
"Failed to extract plugin meta data from '/usr/bin/tex2aspc'" 
         not a plugin
QFactoryLoader::QFactoryLoader() looking at "/usr/bin/tex4ebook"
QElfParser: '/usr/share/texlive/texmf-dist/scripts/tex4ebook/tex4ebook' is not an ELF object
"'/usr/share/texlive/texmf-dist/scripts/tex4ebook/tex4ebook' is not an ELF object" 
         not a plugin
QFactoryLoader::QFactoryLoader() looking at "/usr/bin/tex4ht"
"Failed to extract plugin meta data from '/usr/bin/tex4ht'" 
         not a plugin
QFactoryLoader::QFactoryLoader() looking at "/usr/bin/texconfig"
QElfParser: '/usr/share/texlive/texmf-dist/scripts/texlive-extra/texconfig.sh' is not an ELF object
"'/usr/share/texlive/texmf-dist/scripts/texlive-extra/texconfig.sh' is not an ELF object" 
         not a plugin
QFactoryLoader::QFactoryLoader() looking at "/usr/bin/texconfig-dialog"
QElfParser: '/usr/share/texlive/texmf-dist/scripts/texlive-extra/texconfig-dialog.sh' is not an ELF object
"'/usr/share/texlive/texmf-dist/scripts/texlive-extra/texconfig-dialog.sh' is not an ELF object" 
         not a plugin
QFactoryLoader::QFactoryLoader() looking at "/usr/bin/texconfig-sys"
QElfParser: '/usr/share/texlive/texmf-dist/scripts/texlive-extra/texconfig-sys.sh' is not an ELF object
"'/usr/share/texlive/texmf-dist/scripts/texlive-extra/texconfig-sys.sh' is not an ELF object" 
         not a plugin
QFactoryLoader::QFactoryLoader() looking at "/usr/bin/texcount"
QElfParser: '/usr/share/texlive/texmf-dist/scripts/texcount/texcount.pl' is not an ELF object
"'/usr/share/texlive/texmf-dist/scripts/texcount/texcount.pl' is not an ELF object" 
         not a plugin
QFactoryLoader::QFactoryLoader() looking at "/usr/bin/texdef"
QElfParser: '/usr/share/texlive/texmf-dist/scripts/texdef/texdef.pl' is not an ELF object
"'/usr/share/texlive/texmf-dist/scripts/texdef/texdef.pl' is not an ELF object" 
         not a plugin
QFactoryLoader::QFactoryLoader() looking at "/usr/bin/texdiff"
QElfParser: '/usr/share/texlive/texmf-dist/scripts/texdiff/texdiff' is not an ELF object
"'/usr/share/texlive/texmf-dist/scripts/texdiff/texdiff' is not an ELF object" 
         not a plugin
QFactoryLoader::QFactoryLoader() looking at "/usr/bin/texdirflatten"
QElfParser: '/usr/share/texlive/texmf-dist/scripts/texdirflatten/texdirflatten' is not an ELF object
"'/usr/share/texlive/texmf-dist/scripts/texdirflatten/texdirflatten' is not an ELF object" 
         not a plugin
QFactoryLoader::QFactoryLoader() looking at "/usr/bin/texdoc"
QElfParser: '/usr/share/texlive/texmf-dist/scripts/texdoc/texdoc.tlu' is not an ELF object
"'/usr/share/texlive/texmf-dist/scripts/texdoc/texdoc.tlu' is not an ELF object" 
         not a plugin
QFactoryLoader::QFactoryLoader() looking at "/usr/bin/texdoctk"
QElfParser: '/usr/share/texlive/texmf-dist/scripts/texdoctk/texdoctk.pl' is not an ELF object
"'/usr/share/texlive/texmf-dist/scripts/texdoctk/texdoctk.pl' is not an ELF object" 
         not a plugin
QFactoryLoader::QFactoryLoader() looking at "/usr/bin/texexec"
QElfParser: '/usr/bin/texexec' is not an ELF object (file too small)
"'/usr/bin/texexec' is not an ELF object (file too small)" 
         not a plugin
QFactoryLoader::QFactoryLoader() looking at "/usr/bin/texfind"
QElfParser: '/usr/bin/texfind' is not an ELF object (file too small)
"'/usr/bin/texfind' is not an ELF object (file too small)" 
         not a plugin
QFactoryLoader::QFactoryLoader() looking at "/usr/bin/texfont"
QElfParser: '/usr/bin/texfont' is not an ELF object (file too small)
"'/usr/bin/texfont' is not an ELF object (file too small)" 
         not a plugin
QFactoryLoader::QFactoryLoader() looking at "/usr/bin/texfot"
QElfParser: '/usr/share/texlive/texmf-dist/scripts/texfot/texfot.pl' is not an ELF object
"'/usr/share/texlive/texmf-dist/scripts/texfot/texfot.pl' is not an ELF object" 
         not a plugin
QFactoryLoader::QFactoryLoader() looking at "/usr/bin/texhash"
QElfParser: '/usr/share/texlive/texmf-dist/scripts/texlive/mktexlsr' is not an ELF object
"'/usr/share/texlive/texmf-dist/scripts/texlive/mktexlsr' is not an ELF object" 
         not a plugin
QFactoryLoader::QFactoryLoader() looking at "/usr/bin/texi2any"
QElfParser: '/usr/bin/texi2any' is not an ELF object
"'/usr/bin/texi2any' is not an ELF object" 
         not a plugin
QFactoryLoader::QFactoryLoader() looking at "/usr/bin/texi2dvi"
QElfParser: '/usr/bin/texi2dvi' is not an ELF object
"'/usr/bin/texi2dvi' is not an ELF object" 
         not a plugin
QFactoryLoader::QFactoryLoader() looking at "/usr/bin/texi2pdf"
QElfParser: '/usr/bin/texi2pdf' is not an ELF object
"'/usr/bin/texi2pdf' is not an ELF object" 
         not a plugin
QFactoryLoader::QFactoryLoader() looking at "/usr/bin/texindex"
QElfParser: '/usr/bin/texindex' is not an ELF object
"'/usr/bin/texindex' is not an ELF object" 
         not a plugin
QFactoryLoader::QFactoryLoader() looking at "/usr/bin/texlinks"
QElfParser: '/usr/share/texlive/texmf-dist/scripts/texlive-extra/texlinks.sh' is not an ELF object
"'/usr/share/texlive/texmf-dist/scripts/texlive-extra/texlinks.sh' is not an ELF object" 
         not a plugin
QFactoryLoader::QFactoryLoader() looking at "/usr/bin/texliveonfly"
QElfParser: '/usr/share/texlive/texmf-dist/scripts/texliveonfly/texliveonfly.py' is not an ELF object
"'/usr/share/texlive/texmf-dist/scripts/texliveonfly/texliveonfly.py' is not an ELF object" 
         not a plugin
QFactoryLoader::QFactoryLoader() looking at "/usr/bin/texloganalyser"
QElfParser: '/usr/share/texlive/texmf-dist/scripts/texloganalyser/texloganalyser' is not an ELF object
"'/usr/share/texlive/texmf-dist/scripts/texloganalyser/texloganalyser' is not an ELF object" 
         not a plugin
QFactoryLoader::QFactoryLoader() looking at "/usr/bin/texlua"
"Failed to extract plugin meta data from '/usr/bin/luatex'" 
         not a plugin
QFactoryLoader::QFactoryLoader() looking at "/usr/bin/texluac"
"Failed to extract plugin meta data from '/usr/bin/luatex'" 
         not a plugin
QFactoryLoader::QFactoryLoader() looking at "/usr/bin/texluajit"
"Failed to extract plugin meta data from '/usr/bin/luajittex'" 
         not a plugin
QFactoryLoader::QFactoryLoader() looking at "/usr/bin/texluajitc"
"Failed to extract plugin meta data from '/usr/bin/luajittex'" 
         not a plugin
QFactoryLoader::QFactoryLoader() looking at "/usr/bin/texmfstart"
QElfParser: '/usr/bin/texmfstart' is not an ELF object (file too small)
"'/usr/bin/texmfstart' is not an ELF object (file too small)" 
         not a plugin
QFactoryLoader::QFactoryLoader() looking at "/usr/bin/texosquery"
QElfParser: '/usr/share/texlive/texmf-dist/scripts/texosquery/texosquery.sh' is not an ELF object
"'/usr/share/texlive/texmf-dist/scripts/texosquery/texosquery.sh' is not an ELF object" 
         not a plugin
QFactoryLoader::QFactoryLoader() looking at "/usr/bin/texosquery-jre5"
QElfParser: '/usr/share/texlive/texmf-dist/scripts/texosquery/texosquery-jre5.sh' is not an ELF object
"'/usr/share/texlive/texmf-dist/scripts/texosquery/texosquery-jre5.sh' is not an ELF object" 
         not a plugin
QFactoryLoader::QFactoryLoader() looking at "/usr/bin/texosquery-jre8"
QElfParser: '/usr/share/texlive/texmf-dist/scripts/texosquery/texosquery-jre8.sh' is not an ELF object
"'/usr/share/texlive/texmf-dist/scripts/texosquery/texosquery-jre8.sh' is not an ELF object" 
         not a plugin
QFactoryLoader::QFactoryLoader() looking at "/usr/bin/texplate"
QElfParser: '/usr/share/texlive/texmf-dist/scripts/texplate/texplate.sh' is not an ELF object
"'/usr/share/texlive/texmf-dist/scripts/texplate/texplate.sh' is not an ELF object" 
         not a plugin
QFactoryLoader::QFactoryLoader() looking at "/usr/bin/texsis"
"Failed to extract plugin meta data from '/usr/bin/pdftex'" 
         not a plugin
QFactoryLoader::QFactoryLoader() looking at "/usr/bin/tftopl"
"Failed to extract plugin meta data from '/usr/bin/tftopl'" 
         not a plugin
QFactoryLoader::QFactoryLoader() looking at "/usr/bin/tgatoppm"
"Failed to extract plugin meta data from '/usr/bin/tgatoppm'" 
         not a plugin
QFactoryLoader::QFactoryLoader() looking at "/usr/bin/thinkjettopbm"
"Failed to extract plugin meta data from '/usr/bin/thinkjettopbm'" 
         not a plugin
QFactoryLoader::QFactoryLoader() looking at "/usr/bin/thumbpdf"
QElfParser: '/usr/share/texlive/texmf-dist/scripts/thumbpdf/thumbpdf.pl' is not an ELF object
"'/usr/share/texlive/texmf-dist/scripts/thumbpdf/thumbpdf.pl' is not an ELF object" 
         not a plugin
QFactoryLoader::QFactoryLoader() looking at "/usr/bin/thunar"
"Failed to extract plugin meta data from '/usr/bin/thunar'" 
         not a plugin
QFactoryLoader::QFactoryLoader() looking at "/usr/bin/Thunar"
"Failed to extract plugin meta data from '/usr/bin/thunar'" 
         not a plugin
QFactoryLoader::QFactoryLoader() looking at "/usr/bin/thunar-print"
QElfParser: '/usr/bin/thunar-print' is not an ELF object
"'/usr/bin/thunar-print' is not an ELF object" 
         not a plugin
QFactoryLoader::QFactoryLoader() looking at "/usr/bin/thunar-settings"
QElfParser: '/usr/bin/thunar-settings' is not an ELF object
"'/usr/bin/thunar-settings' is not an ELF object" 
         not a plugin
QFactoryLoader::QFactoryLoader() looking at "/usr/bin/thunar-volman"
"Failed to extract plugin meta data from '/usr/bin/thunar-volman'" 
         not a plugin
QFactoryLoader::QFactoryLoader() looking at "/usr/bin/thunar-volman-settings"
"Failed to extract plugin meta data from '/usr/bin/thunar-volman-settings'" 
         not a plugin
QFactoryLoader::QFactoryLoader() looking at "/usr/bin/thunderbird"
QElfParser: '/usr/lib/thunderbird/thunderbird.sh' is not an ELF object
"'/usr/lib/thunderbird/thunderbird.sh' is not an ELF object" 
         not a plugin
QFactoryLoader::QFactoryLoader() looking at "/usr/bin/tic"
"Failed to extract plugin meta data from '/usr/bin/tic'" 
         not a plugin
QFactoryLoader::QFactoryLoader() looking at "/usr/bin/tie"
"Failed to extract plugin meta data from '/usr/bin/tie'" 
         not a plugin
QFactoryLoader::QFactoryLoader() looking at "/usr/bin/tifftopnm"
"Failed to extract plugin meta data from '/usr/bin/tifftopnm'" 
         not a plugin
QFactoryLoader::QFactoryLoader() looking at "/usr/bin/tificc"
"Failed to extract plugin meta data from '/usr/bin/tificc'" 
         not a plugin
QFactoryLoader::QFactoryLoader() looking at "/usr/bin/tikztosvg"
QElfParser: '/usr/share/texlive/texmf-dist/scripts/tikztosvg/tikztosvg' is not an ELF object
"'/usr/share/texlive/texmf-dist/scripts/tikztosvg/tikztosvg' is not an ELF object" 
         not a plugin
QFactoryLoader::QFactoryLoader() looking at "/usr/bin/time"
"Failed to extract plugin meta data from '/usr/bin/time'" 
         not a plugin
QFactoryLoader::QFactoryLoader() looking at "/usr/bin/time-admin"
"Failed to extract plugin meta data from '/usr/bin/time-admin'" 
         not a plugin
QFactoryLoader::QFactoryLoader() looking at "/usr/bin/timedatectl"
"Failed to extract plugin meta data from '/usr/bin/timedatectl'" 
         not a plugin
QFactoryLoader::QFactoryLoader() looking at "/usr/bin/timeout"
"Failed to extract plugin meta data from '/usr/bin/timeout'" 
         not a plugin
QFactoryLoader::QFactoryLoader() looking at "/usr/bin/tl-paper"
QElfParser: '/usr/bin/tl-paper' is not an ELF object
"'/usr/bin/tl-paper' is not an ELF object" 
         not a plugin
QFactoryLoader::QFactoryLoader() looking at "/usr/bin/tlmgr"
QElfParser: '/usr/share/texlive/texmf-dist/scripts/texlive/tlmgr.pl' is not an ELF object
"'/usr/share/texlive/texmf-dist/scripts/texlive/tlmgr.pl' is not an ELF object" 
         not a plugin
QFactoryLoader::QFactoryLoader() looking at "/usr/bin/tload"
"Failed to extract plugin meta data from '/usr/bin/tload'" 
         not a plugin
QFactoryLoader::QFactoryLoader() looking at "/usr/bin/tnftp"
"Failed to extract plugin meta data from '/usr/bin/tnftp'" 
         not a plugin
QFactoryLoader::QFactoryLoader() looking at "/usr/bin/toe"
"Failed to extract plugin meta data from '/usr/bin/toe'" 
         not a plugin
QFactoryLoader::QFactoryLoader() looking at "/usr/bin/top"
"Failed to extract plugin meta data from '/usr/bin/top'" 
         not a plugin
QFactoryLoader::QFactoryLoader() looking at "/usr/bin/touch"
"Failed to extract plugin meta data from '/usr/bin/touch'" 
         not a plugin
QFactoryLoader::QFactoryLoader() looking at "/usr/bin/tpic2pdftex"
QElfParser: '/usr/bin/tpic2pdftex' is not an ELF object
"'/usr/bin/tpic2pdftex' is not an ELF object" 
         not a plugin
QFactoryLoader::QFactoryLoader() looking at "/usr/bin/tput"
"Failed to extract plugin meta data from '/usr/bin/tput'" 
         not a plugin
QFactoryLoader::QFactoryLoader() looking at "/usr/bin/tr"
"Failed to extract plugin meta data from '/usr/bin/tr'" 
         not a plugin
QFactoryLoader::QFactoryLoader() looking at "/usr/bin/tracepath"
"Failed to extract plugin meta data from '/usr/bin/tracepath'" 
         not a plugin
QFactoryLoader::QFactoryLoader() looking at "/usr/bin/transform"
"Failed to extract plugin meta data from '/usr/bin/transform'" 
         not a plugin
QFactoryLoader::QFactoryLoader() looking at "/usr/bin/transicc"
"Failed to extract plugin meta data from '/usr/bin/transicc'" 
         not a plugin
QFactoryLoader::QFactoryLoader() looking at "/usr/bin/translit"
QElfParser: '/usr/bin/translit' is not an ELF object
"'/usr/bin/translit' is not an ELF object" 
         not a plugin
QFactoryLoader::QFactoryLoader() looking at "/usr/bin/transmission-gtk"
"Failed to extract plugin meta data from '/usr/bin/transmission-gtk'" 
         not a plugin
QFactoryLoader::QFactoryLoader() looking at "/usr/bin/transset"
"Failed to extract plugin meta data from '/usr/bin/transset'" 
         not a plugin
QFactoryLoader::QFactoryLoader() looking at "/usr/bin/tred"
"Failed to extract plugin meta data from '/usr/bin/tred'" 
         not a plugin
QFactoryLoader::QFactoryLoader() looking at "/usr/bin/tree"
"Failed to extract plugin meta data from '/usr/bin/tree'" 
         not a plugin
QFactoryLoader::QFactoryLoader() looking at "/usr/bin/troff"
"Failed to extract plugin meta data from '/usr/bin/troff'" 
         not a plugin
QFactoryLoader::QFactoryLoader() looking at "/usr/bin/true"
"Failed to extract plugin meta data from '/usr/bin/true'" 
         not a plugin
QFactoryLoader::QFactoryLoader() looking at "/usr/bin/truncate"
"Failed to extract plugin meta data from '/usr/bin/truncate'" 
         not a plugin
QFactoryLoader::QFactoryLoader() looking at "/usr/bin/trust"
"Failed to extract plugin meta data from '/usr/bin/trust'" 
         not a plugin
QFactoryLoader::QFactoryLoader() looking at "/usr/bin/tset"
"Failed to extract plugin meta data from '/usr/bin/tset'" 
         not a plugin
QFactoryLoader::QFactoryLoader() looking at "/usr/bin/tsort"
"Failed to extract plugin meta data from '/usr/bin/tsort'" 
         not a plugin
QFactoryLoader::QFactoryLoader() looking at "/usr/bin/tstclnt"
"Failed to extract plugin meta data from '/usr/bin/tstclnt'" 
         not a plugin
QFactoryLoader::QFactoryLoader() looking at "/usr/bin/ttf2afm"
"Failed to extract plugin meta data from '/usr/bin/ttf2afm'" 
         not a plugin
QFactoryLoader::QFactoryLoader() looking at "/usr/bin/ttf2kotexfont"
QElfParser: '/usr/share/texlive/texmf-dist/scripts/kotex-utils/ttf2kotexfont.pl' is not an ELF object
"'/usr/share/texlive/texmf-dist/scripts/kotex-utils/ttf2kotexfont.pl' is not an ELF object" 
         not a plugin
QFactoryLoader::QFactoryLoader() looking at "/usr/bin/ttf2pk"
"Failed to extract plugin meta data from '/usr/bin/ttf2pk'" 
         not a plugin
QFactoryLoader::QFactoryLoader() looking at "/usr/bin/ttf2tfm"
"Failed to extract plugin meta data from '/usr/bin/ttf2tfm'" 
         not a plugin
QFactoryLoader::QFactoryLoader() looking at "/usr/bin/ttfdump"
"Failed to extract plugin meta data from '/usr/bin/ttfdump'" 
         not a plugin
QFactoryLoader::QFactoryLoader() looking at "/usr/bin/ttftotype42"
"Failed to extract plugin meta data from '/usr/bin/ttftotype42'" 
         not a plugin
QFactoryLoader::QFactoryLoader() looking at "/usr/bin/tty"
"Failed to extract plugin meta data from '/usr/bin/tty'" 
         not a plugin
QFactoryLoader::QFactoryLoader() looking at "/usr/bin/turbostat"
QElfParser: '/usr/bin/turbostat' is not an ELF object
"'/usr/bin/turbostat' is not an ELF object" 
         not a plugin
QFactoryLoader::QFactoryLoader() looking at "/usr/bin/twopi"
"Failed to extract plugin meta data from '/usr/sbin/libgvc6-config-update'" 
         not a plugin
QFactoryLoader::QFactoryLoader() looking at "/usr/bin/txixml2texi"
QElfParser: '/usr/bin/txixml2texi' is not an ELF object
"'/usr/bin/txixml2texi' is not an ELF object" 
         not a plugin
QFactoryLoader::QFactoryLoader() looking at "/usr/bin/txtconv"
"Failed to extract plugin meta data from '/usr/bin/txtconv'" 
         not a plugin
QFactoryLoader::QFactoryLoader() looking at "/usr/bin/typeoutfileinfo"
QElfParser: '/usr/share/texlive/texmf-dist/scripts/typeoutfileinfo/typeoutfileinfo.sh' is not an ELF object
"'/usr/share/texlive/texmf-dist/scripts/typeoutfileinfo/typeoutfileinfo.sh' is not an ELF object" 
         not a plugin
QFactoryLoader::QFactoryLoader() looking at "/usr/bin/typeprof3.0"
QElfParser: '/usr/bin/typeprof3.0' is not an ELF object
"'/usr/bin/typeprof3.0' is not an ELF object" 
         not a plugin
QFactoryLoader::QFactoryLoader() looking at "/usr/bin/tzselect"
QElfParser: '/usr/bin/tzselect' is not an ELF object
"'/usr/bin/tzselect' is not an ELF object" 
         not a plugin
QFactoryLoader::QFactoryLoader() looking at "/usr/bin/ua"
QElfParser: '/usr/bin/ubuntu-advantage' is not an ELF object
"'/usr/bin/ubuntu-advantage' is not an ELF object" 
         not a plugin
QFactoryLoader::QFactoryLoader() looking at "/usr/bin/ubuntu-advantage"
QElfParser: '/usr/bin/ubuntu-advantage' is not an ELF object
"'/usr/bin/ubuntu-advantage' is not an ELF object" 
         not a plugin
QFactoryLoader::QFactoryLoader() looking at "/usr/bin/ubuntu-bug"
QElfParser: '/usr/bin/apport-bug' is not an ELF object
"'/usr/bin/apport-bug' is not an ELF object" 
         not a plugin
QFactoryLoader::QFactoryLoader() looking at "/usr/bin/ubuntu-distro-info"
"Failed to extract plugin meta data from '/usr/bin/ubuntu-distro-info'" 
         not a plugin
QFactoryLoader::QFactoryLoader() looking at "/usr/bin/ubuntu-drivers"
QElfParser: '/usr/bin/ubuntu-drivers' is not an ELF object
"'/usr/bin/ubuntu-drivers' is not an ELF object" 
         not a plugin
QFactoryLoader::QFactoryLoader() looking at "/usr/bin/ubuntu-security-status"
QElfParser: '/usr/bin/ubuntu-security-status' is not an ELF object
"'/usr/bin/ubuntu-security-status' is not an ELF object" 
         not a plugin
QFactoryLoader::QFactoryLoader() looking at "/usr/bin/ucf"
QElfParser: '/usr/bin/ucf' is not an ELF object
"'/usr/bin/ucf' is not an ELF object" 
         not a plugin
QFactoryLoader::QFactoryLoader() looking at "/usr/bin/ucfq"
QElfParser: '/usr/bin/ucfq' is not an ELF object
"'/usr/bin/ucfq' is not an ELF object" 
         not a plugin
QFactoryLoader::QFactoryLoader() looking at "/usr/bin/ucfr"
QElfParser: '/usr/bin/ucfr' is not an ELF object
"'/usr/bin/ucfr' is not an ELF object" 
         not a plugin
QFactoryLoader::QFactoryLoader() looking at "/usr/bin/uclampset"
"Failed to extract plugin meta data from '/usr/bin/uclampset'" 
         not a plugin
QFactoryLoader::QFactoryLoader() looking at "/usr/bin/ucs2any"
"Failed to extract plugin meta data from '/usr/bin/ucs2any'" 
         not a plugin
QFactoryLoader::QFactoryLoader() looking at "/usr/bin/udevadm"
"Failed to extract plugin meta data from '/usr/bin/udevadm'" 
         not a plugin
QFactoryLoader::QFactoryLoader() looking at "/usr/bin/udisksctl"
"Failed to extract plugin meta data from '/usr/bin/udisksctl'" 
         not a plugin
QFactoryLoader::QFactoryLoader() looking at "/usr/bin/ul"
"Failed to extract plugin meta data from '/usr/bin/ul'" 
         not a plugin
QFactoryLoader::QFactoryLoader() looking at "/usr/bin/ulqda"
QElfParser: '/usr/share/texlive/texmf-dist/scripts/ulqda/ulqda.pl' is not an ELF object
"'/usr/share/texlive/texmf-dist/scripts/ulqda/ulqda.pl' is not an ELF object" 
         not a plugin
QFactoryLoader::QFactoryLoader() looking at "/usr/bin/umax_pp"
"Failed to extract plugin meta data from '/usr/bin/umax_pp'" 
         not a plugin
QFactoryLoader::QFactoryLoader() looking at "/usr/bin/umount"
"Failed to extract plugin meta data from '/usr/bin/umount'" 
         not a plugin
QFactoryLoader::QFactoryLoader() looking at "/usr/bin/uname"
"Failed to extract plugin meta data from '/usr/bin/uname'" 
         not a plugin
QFactoryLoader::QFactoryLoader() looking at "/usr/bin/unattended-upgrade"
QElfParser: '/usr/bin/unattended-upgrade' is not an ELF object
"'/usr/bin/unattended-upgrade' is not an ELF object" 
         not a plugin
QFactoryLoader::QFactoryLoader() looking at "/usr/bin/unattended-upgrades"
QElfParser: '/usr/bin/unattended-upgrade' is not an ELF object
"'/usr/bin/unattended-upgrade' is not an ELF object" 
         not a plugin
QFactoryLoader::QFactoryLoader() looking at "/usr/bin/uncompress"
QElfParser: '/usr/bin/uncompress' is not an ELF object
"'/usr/bin/uncompress' is not an ELF object" 
         not a plugin
QFactoryLoader::QFactoryLoader() looking at "/usr/bin/unexpand"
"Failed to extract plugin meta data from '/usr/bin/unexpand'" 
         not a plugin
QFactoryLoader::QFactoryLoader() looking at "/usr/bin/unflatten"
"Failed to extract plugin meta data from '/usr/bin/unflatten'" 
         not a plugin
QFactoryLoader::QFactoryLoader() looking at "/usr/bin/unicode_start"
QElfParser: '/usr/bin/unicode_start' is not an ELF object
"'/usr/bin/unicode_start' is not an ELF object" 
         not a plugin
QFactoryLoader::QFactoryLoader() looking at "/usr/bin/unicode_stop"
QElfParser: '/usr/bin/unicode_stop' is not an ELF object
"'/usr/bin/unicode_stop' is not an ELF object" 
         not a plugin
QFactoryLoader::QFactoryLoader() looking at "/usr/bin/uniq"
"Failed to extract plugin meta data from '/usr/bin/uniq'" 
         not a plugin
QFactoryLoader::QFactoryLoader() looking at "/usr/bin/unix2dos"
"Failed to extract plugin meta data from '/usr/bin/unix2dos'" 
         not a plugin
QFactoryLoader::QFactoryLoader() looking at "/usr/bin/unix2mac"
"Failed to extract plugin meta data from '/usr/bin/unix2dos'" 
         not a plugin
QFactoryLoader::QFactoryLoader() looking at "/usr/bin/unlink"
"Failed to extract plugin meta data from '/usr/bin/unlink'" 
         not a plugin
QFactoryLoader::QFactoryLoader() looking at "/usr/bin/unlzma"
"Failed to extract plugin meta data from '/usr/bin/xz'" 
         not a plugin
QFactoryLoader::QFactoryLoader() looking at "/usr/bin/unmkinitramfs"
QElfParser: '/usr/bin/unmkinitramfs' is not an ELF object
"'/usr/bin/unmkinitramfs' is not an ELF object" 
         not a plugin
QFactoryLoader::QFactoryLoader() looking at "/usr/bin/unopkg"
QElfParser: '/usr/bin/unopkg' is not an ELF object (file too small)
"'/usr/bin/unopkg' is not an ELF object (file too small)" 
         not a plugin
QFactoryLoader::QFactoryLoader() looking at "/usr/bin/unshare"
"Failed to extract plugin meta data from '/usr/bin/unshare'" 
         not a plugin
QFactoryLoader::QFactoryLoader() looking at "/usr/bin/unsquashfs"
"Failed to extract plugin meta data from '/usr/bin/unsquashfs'" 
         not a plugin
QFactoryLoader::QFactoryLoader() looking at "/usr/bin/unxz"
"Failed to extract plugin meta data from '/usr/bin/xz'" 
         not a plugin
QFactoryLoader::QFactoryLoader() looking at "/usr/bin/unzip"
"Failed to extract plugin meta data from '/usr/bin/unzip'" 
         not a plugin
QFactoryLoader::QFactoryLoader() looking at "/usr/bin/unzipsfx"
"Failed to extract plugin meta data from '/usr/bin/unzipsfx'" 
         not a plugin
QFactoryLoader::QFactoryLoader() looking at "/usr/bin/unzstd"
"Failed to extract plugin meta data from '/usr/bin/zstd'" 
         not a plugin
QFactoryLoader::QFactoryLoader() looking at "/usr/bin/upbibtex"
"Failed to extract plugin meta data from '/usr/bin/upbibtex'" 
         not a plugin
QFactoryLoader::QFactoryLoader() looking at "/usr/bin/update-alternatives"
"Failed to extract plugin meta data from '/usr/bin/update-alternatives'" 
         not a plugin
QFactoryLoader::QFactoryLoader() looking at "/usr/bin/update-desktop-database"
"Failed to extract plugin meta data from '/usr/bin/update-desktop-database'" 
         not a plugin
QFactoryLoader::QFactoryLoader() looking at "/usr/bin/update-leap"
QElfParser: '/usr/bin/update-leap' is not an ELF object
"'/usr/bin/update-leap' is not an ELF object" 
         not a plugin
QFactoryLoader::QFactoryLoader() looking at "/usr/bin/update-manager"
QElfParser: '/usr/bin/update-manager' is not an ELF object
"'/usr/bin/update-manager' is not an ELF object" 
         not a plugin
QFactoryLoader::QFactoryLoader() looking at "/usr/bin/update-mime-database"
"Failed to extract plugin meta data from '/usr/bin/update-mime-database'" 
         not a plugin
QFactoryLoader::QFactoryLoader() looking at "/usr/bin/update-notifier"
"Failed to extract plugin meta data from '/usr/bin/update-notifier'" 
         not a plugin
QFactoryLoader::QFactoryLoader() looking at "/usr/bin/update-perl-sax-parsers"
QElfParser: '/usr/bin/update-perl-sax-parsers' is not an ELF object
"'/usr/bin/update-perl-sax-parsers' is not an ELF object" 
         not a plugin
QFactoryLoader::QFactoryLoader() looking at "/usr/bin/update_rubygems"
QElfParser: '/usr/bin/update_rubygems' is not an ELF object
"'/usr/bin/update_rubygems' is not an ELF object" 
         not a plugin
QFactoryLoader::QFactoryLoader() looking at "/usr/bin/updatedb"
"Failed to extract plugin meta data from '/usr/sbin/updatedb.plocate'" 
         not a plugin
QFactoryLoader::QFactoryLoader() looking at "/usr/bin/updmap"
QElfParser: '/usr/share/texlive/texmf-dist/scripts/texlive/updmap.pl' is not an ELF object
"'/usr/share/texlive/texmf-dist/scripts/texlive/updmap.pl' is not an ELF object" 
         not a plugin
QFactoryLoader::QFactoryLoader() looking at "/usr/bin/updmap-sys"
QElfParser: '/usr/share/texlive/texmf-dist/scripts/texlive/updmap-sys.sh' is not an ELF object
"'/usr/share/texlive/texmf-dist/scripts/texlive/updmap-sys.sh' is not an ELF object" 
         not a plugin
QFactoryLoader::QFactoryLoader() looking at "/usr/bin/updmap-user"
QElfParser: '/usr/share/texlive/texmf-dist/scripts/texlive/updmap-user.sh' is not an ELF object
"'/usr/share/texlive/texmf-dist/scripts/texlive/updmap-user.sh' is not an ELF object" 
         not a plugin
QFactoryLoader::QFactoryLoader() looking at "/usr/bin/updvitomp"
"Failed to extract plugin meta data from '/usr/bin/upmpost'" 
         not a plugin
QFactoryLoader::QFactoryLoader() looking at "/usr/bin/updvitype"
"Failed to extract plugin meta data from '/usr/bin/updvitype'" 
         not a plugin
QFactoryLoader::QFactoryLoader() looking at "/usr/bin/uplatex"
"Failed to extract plugin meta data from '/usr/bin/euptex'" 
         not a plugin
QFactoryLoader::QFactoryLoader() looking at "/usr/bin/uplatex-dev"
"Failed to extract plugin meta data from '/usr/bin/euptex'" 
         not a plugin
QFactoryLoader::QFactoryLoader() looking at "/usr/bin/upmendex"
"Failed to extract plugin meta data from '/usr/bin/upmendex'" 
         not a plugin
QFactoryLoader::QFactoryLoader() looking at "/usr/bin/upmpost"
"Failed to extract plugin meta data from '/usr/bin/upmpost'" 
         not a plugin
QFactoryLoader::QFactoryLoader() looking at "/usr/bin/upower"
"Failed to extract plugin meta data from '/usr/bin/upower'" 
         not a plugin
QFactoryLoader::QFactoryLoader() looking at "/usr/bin/uppltotf"
"Failed to extract plugin meta data from '/usr/bin/uppltotf'" 
         not a plugin
QFactoryLoader::QFactoryLoader() looking at "/usr/bin/uptex"
"Failed to extract plugin meta data from '/usr/bin/uptex'" 
         not a plugin
QFactoryLoader::QFactoryLoader() looking at "/usr/bin/uptftopl"
"Failed to extract plugin meta data from '/usr/bin/uptftopl'" 
         not a plugin
QFactoryLoader::QFactoryLoader() looking at "/usr/bin/uptime"
"Failed to extract plugin meta data from '/usr/bin/uptime'" 
         not a plugin
QFactoryLoader::QFactoryLoader() looking at "/usr/bin/urlbst"
QElfParser: '/usr/share/texlive/texmf-dist/scripts/urlbst/urlbst' is not an ELF object
"'/usr/share/texlive/texmf-dist/scripts/urlbst/urlbst' is not an ELF object" 
         not a plugin
QFactoryLoader::QFactoryLoader() looking at "/usr/bin/usb-devices"
QElfParser: '/usr/bin/usb-devices' is not an ELF object
"'/usr/bin/usb-devices' is not an ELF object" 
         not a plugin
QFactoryLoader::QFactoryLoader() looking at "/usr/bin/usb_printerid"
"Failed to extract plugin meta data from '/usr/bin/usb_printerid'" 
         not a plugin
QFactoryLoader::QFactoryLoader() looking at "/usr/bin/usbhid-dump"
"Failed to extract plugin meta data from '/usr/bin/usbhid-dump'" 
         not a plugin
QFactoryLoader::QFactoryLoader() looking at "/usr/bin/usbip"
QElfParser: '/usr/bin/usbip' is not an ELF object
"'/usr/bin/usbip' is not an ELF object" 
         not a plugin
QFactoryLoader::QFactoryLoader() looking at "/usr/bin/usbipd"
QElfParser: '/usr/bin/usbipd' is not an ELF object
"'/usr/bin/usbipd' is not an ELF object" 
         not a plugin
QFactoryLoader::QFactoryLoader() looking at "/usr/bin/usbreset"
"Failed to extract plugin meta data from '/usr/bin/usbreset'" 
         not a plugin
QFactoryLoader::QFactoryLoader() looking at "/usr/bin/users"
"Failed to extract plugin meta data from '/usr/bin/users'" 
         not a plugin
QFactoryLoader::QFactoryLoader() looking at "/usr/bin/users-admin"
"Failed to extract plugin meta data from '/usr/bin/users-admin'" 
         not a plugin
QFactoryLoader::QFactoryLoader() looking at "/usr/bin/utf8mex"
"Failed to extract plugin meta data from '/usr/bin/pdftex'" 
         not a plugin
QFactoryLoader::QFactoryLoader() looking at "/usr/bin/utmpdump"
"Failed to extract plugin meta data from '/usr/bin/utmpdump'" 
         not a plugin
QFactoryLoader::QFactoryLoader() looking at "/usr/bin/uuidgen"
"Failed to extract plugin meta data from '/usr/bin/uuidgen'" 
         not a plugin
QFactoryLoader::QFactoryLoader() looking at "/usr/bin/uuidparse"
"Failed to extract plugin meta data from '/usr/bin/uuidparse'" 
         not a plugin
QFactoryLoader::QFactoryLoader() looking at "/usr/bin/uxterm"
QElfParser: '/usr/bin/uxterm' is not an ELF object
"'/usr/bin/uxterm' is not an ELF object" 
         not a plugin
QFactoryLoader::QFactoryLoader() looking at "/usr/bin/vdir"
"Failed to extract plugin meta data from '/usr/bin/vdir'" 
         not a plugin
QFactoryLoader::QFactoryLoader() looking at "/usr/bin/vftovp"
"Failed to extract plugin meta data from '/usr/bin/vftovp'" 
         not a plugin
QFactoryLoader::QFactoryLoader() looking at "/usr/bin/vfychain"
"Failed to extract plugin meta data from '/usr/bin/vfychain'" 
         not a plugin
QFactoryLoader::QFactoryLoader() looking at "/usr/bin/vfyserv"
"Failed to extract plugin meta data from '/usr/bin/vfyserv'" 
         not a plugin
QFactoryLoader::QFactoryLoader() looking at "/usr/bin/vi"
"Failed to extract plugin meta data from '/usr/bin/vim.tiny'" 
         not a plugin
QFactoryLoader::QFactoryLoader() looking at "/usr/bin/view"
"Failed to extract plugin meta data from '/usr/bin/vim.tiny'" 
         not a plugin
QFactoryLoader::QFactoryLoader() looking at "/usr/bin/viewres"
"Failed to extract plugin meta data from '/usr/bin/viewres'" 
         not a plugin
QFactoryLoader::QFactoryLoader() looking at "/usr/bin/vim.tiny"
"Failed to extract plugin meta data from '/usr/bin/vim.tiny'" 
         not a plugin
QFactoryLoader::QFactoryLoader() looking at "/usr/bin/vimdot"
QElfParser: '/usr/bin/vimdot' is not an ELF object
"'/usr/bin/vimdot' is not an ELF object" 
         not a plugin
QFactoryLoader::QFactoryLoader() looking at "/usr/bin/vlna"
"Failed to extract plugin meta data from '/usr/bin/vlna'" 
         not a plugin
QFactoryLoader::QFactoryLoader() looking at "/usr/bin/vmstat"
"Failed to extract plugin meta data from '/usr/bin/vmstat'" 
         not a plugin
QFactoryLoader::QFactoryLoader() looking at "/usr/bin/vmwarectrl"
"Failed to extract plugin meta data from '/usr/bin/vmwarectrl'" 
         not a plugin
QFactoryLoader::QFactoryLoader() looking at "/usr/bin/vpe"
QElfParser: '/usr/share/texlive/texmf-dist/scripts/vpe/vpe.pl' is not an ELF object
"'/usr/share/texlive/texmf-dist/scripts/vpe/vpe.pl' is not an ELF object" 
         not a plugin
QFactoryLoader::QFactoryLoader() looking at "/usr/bin/vpl2ovp"
QElfParser: '/usr/share/texlive/texmf-dist/scripts/accfonts/vpl2ovp' is not an ELF object
"'/usr/share/texlive/texmf-dist/scripts/accfonts/vpl2ovp' is not an ELF object" 
         not a plugin
QFactoryLoader::QFactoryLoader() looking at "/usr/bin/vpl2vpl"
QElfParser: '/usr/share/texlive/texmf-dist/scripts/accfonts/vpl2vpl' is not an ELF object
"'/usr/share/texlive/texmf-dist/scripts/accfonts/vpl2vpl' is not an ELF object" 
         not a plugin
QFactoryLoader::QFactoryLoader() looking at "/usr/bin/vprerex"
"Failed to extract plugin meta data from '/usr/bin/vprerex'" 
         not a plugin
QFactoryLoader::QFactoryLoader() looking at "/usr/bin/vptovf"
"Failed to extract plugin meta data from '/usr/bin/vptovf'" 
         not a plugin
QFactoryLoader::QFactoryLoader() looking at "/usr/bin/vstp"
"Failed to extract plugin meta data from '/usr/bin/vstp'" 
         not a plugin
QFactoryLoader::QFactoryLoader() looking at "/usr/bin/w"
"Failed to extract plugin meta data from '/usr/bin/w'" 
         not a plugin
QFactoryLoader::QFactoryLoader() looking at "/usr/bin/wall"
"Failed to extract plugin meta data from '/usr/bin/wall'" 
         not a plugin
QFactoryLoader::QFactoryLoader() looking at "/usr/bin/watch"
"Failed to extract plugin meta data from '/usr/bin/watch'" 
         not a plugin
QFactoryLoader::QFactoryLoader() looking at "/usr/bin/watchgnupg"
"Failed to extract plugin meta data from '/usr/bin/watchgnupg'" 
         not a plugin
QFactoryLoader::QFactoryLoader() looking at "/usr/bin/wbmptopbm"
"Failed to extract plugin meta data from '/usr/bin/wbmptopbm'" 
         not a plugin
QFactoryLoader::QFactoryLoader() looking at "/usr/bin/wc"
"Failed to extract plugin meta data from '/usr/bin/wc'" 
         not a plugin
QFactoryLoader::QFactoryLoader() looking at "/usr/bin/wdctl"
"Failed to extract plugin meta data from '/usr/bin/wdctl'" 
         not a plugin
QFactoryLoader::QFactoryLoader() looking at "/usr/bin/weave"
"Failed to extract plugin meta data from '/usr/bin/weave'" 
         not a plugin
QFactoryLoader::QFactoryLoader() looking at "/usr/bin/webquiz"
QElfParser: '/usr/share/texlive/texmf-dist/scripts/webquiz/webquiz.py' is not an ELF object
"'/usr/share/texlive/texmf-dist/scripts/webquiz/webquiz.py' is not an ELF object" 
         not a plugin
QFactoryLoader::QFactoryLoader() looking at "/usr/bin/wget"
"Failed to extract plugin meta data from '/usr/bin/wget'" 
         not a plugin
QFactoryLoader::QFactoryLoader() looking at "/usr/bin/whatis"
"Failed to extract plugin meta data from '/usr/bin/whatis'" 
         not a plugin
QFactoryLoader::QFactoryLoader() looking at "/usr/bin/whereis"
"Failed to extract plugin meta data from '/usr/bin/whereis'" 
         not a plugin
QFactoryLoader::QFactoryLoader() looking at "/usr/bin/which"
QElfParser: '/usr/bin/which.debianutils' is not an ELF object
"'/usr/bin/which.debianutils' is not an ELF object" 
         not a plugin
QFactoryLoader::QFactoryLoader() looking at "/usr/bin/which.debianutils"
QElfParser: '/usr/bin/which.debianutils' is not an ELF object
"'/usr/bin/which.debianutils' is not an ELF object" 
         not a plugin
QFactoryLoader::QFactoryLoader() looking at "/usr/bin/whiptail"
"Failed to extract plugin meta data from '/usr/bin/whiptail'" 
         not a plugin
QFactoryLoader::QFactoryLoader() looking at "/usr/bin/who"
"Failed to extract plugin meta data from '/usr/bin/who'" 
         not a plugin
QFactoryLoader::QFactoryLoader() looking at "/usr/bin/whoami"
"Failed to extract plugin meta data from '/usr/bin/whoami'" 
         not a plugin
QFactoryLoader::QFactoryLoader() looking at "/usr/bin/whoopsie"
"Failed to extract plugin meta data from '/usr/bin/whoopsie'" 
         not a plugin
QFactoryLoader::QFactoryLoader() looking at "/usr/bin/whoopsie-preferences"
"Failed to extract plugin meta data from '/usr/bin/whoopsie-preferences'" 
         not a plugin
QFactoryLoader::QFactoryLoader() looking at "/usr/bin/wine"
QElfParser: '/usr/bin/wine-stable' is not an ELF object
"'/usr/bin/wine-stable' is not an ELF object" 
         not a plugin
QFactoryLoader::QFactoryLoader() looking at "/usr/bin/wine-stable"
QElfParser: '/usr/bin/wine-stable' is not an ELF object
"'/usr/bin/wine-stable' is not an ELF object" 
         not a plugin
QFactoryLoader::QFactoryLoader() looking at "/usr/bin/wine64"
"Failed to extract plugin meta data from '/usr/lib/wine/wine64'" 
         not a plugin
QFactoryLoader::QFactoryLoader() looking at "/usr/bin/wine64-stable"
"Failed to extract plugin meta data from '/usr/lib/wine/wine64'" 
         not a plugin
QFactoryLoader::QFactoryLoader() looking at "/usr/bin/wineboot"
QElfParser: '/usr/lib/wine/wineapploader' is not an ELF object
"'/usr/lib/wine/wineapploader' is not an ELF object" 
         not a plugin
QFactoryLoader::QFactoryLoader() looking at "/usr/bin/wineboot-stable"
QElfParser: '/usr/lib/wine/wineapploader' is not an ELF object
"'/usr/lib/wine/wineapploader' is not an ELF object" 
         not a plugin
QFactoryLoader::QFactoryLoader() looking at "/usr/bin/winecfg"
QElfParser: '/usr/lib/wine/wineapploader' is not an ELF object
"'/usr/lib/wine/wineapploader' is not an ELF object" 
         not a plugin
QFactoryLoader::QFactoryLoader() looking at "/usr/bin/winecfg-stable"
QElfParser: '/usr/lib/wine/wineapploader' is not an ELF object
"'/usr/lib/wine/wineapploader' is not an ELF object" 
         not a plugin
QFactoryLoader::QFactoryLoader() looking at "/usr/bin/wineconsole"
QElfParser: '/usr/lib/wine/wineapploader' is not an ELF object
"'/usr/lib/wine/wineapploader' is not an ELF object" 
         not a plugin
QFactoryLoader::QFactoryLoader() looking at "/usr/bin/wineconsole-stable"
QElfParser: '/usr/lib/wine/wineapploader' is not an ELF object
"'/usr/lib/wine/wineapploader' is not an ELF object" 
         not a plugin
QFactoryLoader::QFactoryLoader() looking at "/usr/bin/winedbg"
QElfParser: '/usr/lib/wine/wineapploader' is not an ELF object
"'/usr/lib/wine/wineapploader' is not an ELF object" 
         not a plugin
QFactoryLoader::QFactoryLoader() looking at "/usr/bin/winedbg-stable"
QElfParser: '/usr/lib/wine/wineapploader' is not an ELF object
"'/usr/lib/wine/wineapploader' is not an ELF object" 
         not a plugin
QFactoryLoader::QFactoryLoader() looking at "/usr/bin/winefile"
QElfParser: '/usr/lib/wine/wineapploader' is not an ELF object
"'/usr/lib/wine/wineapploader' is not an ELF object" 
         not a plugin
QFactoryLoader::QFactoryLoader() looking at "/usr/bin/winefile-stable"
QElfParser: '/usr/lib/wine/wineapploader' is not an ELF object
"'/usr/lib/wine/wineapploader' is not an ELF object" 
         not a plugin
QFactoryLoader::QFactoryLoader() looking at "/usr/bin/winepath"
QElfParser: '/usr/lib/wine/wineapploader' is not an ELF object
"'/usr/lib/wine/wineapploader' is not an ELF object" 
         not a plugin
QFactoryLoader::QFactoryLoader() looking at "/usr/bin/winepath-stable"
QElfParser: '/usr/lib/wine/wineapploader' is not an ELF object
"'/usr/lib/wine/wineapploader' is not an ELF object" 
         not a plugin
QFactoryLoader::QFactoryLoader() looking at "/usr/bin/wineserver"
QElfParser: '/usr/lib/wine/wineserver' is not an ELF object
"'/usr/lib/wine/wineserver' is not an ELF object" 
         not a plugin
QFactoryLoader::QFactoryLoader() looking at "/usr/bin/wineserver-stable"
QElfParser: '/usr/lib/wine/wineserver' is not an ELF object
"'/usr/lib/wine/wineserver' is not an ELF object" 
         not a plugin
QFactoryLoader::QFactoryLoader() looking at "/usr/bin/winicontoppm"
"Failed to extract plugin meta data from '/usr/bin/winicontoppm'" 
         not a plugin
QFactoryLoader::QFactoryLoader() looking at "/usr/bin/wish"
"Failed to extract plugin meta data from '/usr/bin/wish8.6'" 
         not a plugin
QFactoryLoader::QFactoryLoader() looking at "/usr/bin/wish8.6"
"Failed to extract plugin meta data from '/usr/bin/wish8.6'" 
         not a plugin
QFactoryLoader::QFactoryLoader() looking at "/usr/bin/wofm2opl"
"Failed to extract plugin meta data from '/usr/bin/wofm2opl'" 
         not a plugin
QFactoryLoader::QFactoryLoader() looking at "/usr/bin/wopl2ofm"
"Failed to extract plugin meta data from '/usr/bin/wopl2ofm'" 
         not a plugin
QFactoryLoader::QFactoryLoader() looking at "/usr/bin/word-list-compress"
"Failed to extract plugin meta data from '/usr/bin/word-list-compress'" 
         not a plugin
QFactoryLoader::QFactoryLoader() looking at "/usr/bin/wordview"
QElfParser: '/usr/bin/wordview' is not an ELF object
"'/usr/bin/wordview' is not an ELF object" 
         not a plugin
QFactoryLoader::QFactoryLoader() looking at "/usr/bin/wovf2ovp"
"Failed to extract plugin meta data from '/usr/bin/wovf2ovp'" 
         not a plugin
QFactoryLoader::QFactoryLoader() looking at "/usr/bin/wovp2ovf"
"Failed to extract plugin meta data from '/usr/bin/wovp2ovf'" 
         not a plugin
QFactoryLoader::QFactoryLoader() looking at "/usr/bin/wpa_passphrase"
"Failed to extract plugin meta data from '/usr/bin/wpa_passphrase'" 
         not a plugin
QFactoryLoader::QFactoryLoader() looking at "/usr/bin/write"
"Failed to extract plugin meta data from '/usr/bin/write.ul'" 
         not a plugin
QFactoryLoader::QFactoryLoader() looking at "/usr/bin/write.ul"
"Failed to extract plugin meta data from '/usr/bin/write.ul'" 
         not a plugin
QFactoryLoader::QFactoryLoader() looking at "/usr/bin/X"
QElfParser: '/usr/bin/Xorg' is not an ELF object
"'/usr/bin/Xorg' is not an ELF object" 
         not a plugin
QFactoryLoader::QFactoryLoader() looking at "/usr/bin/x-session-manager"
QElfParser: '/usr/bin/startxfce4' is not an ELF object
"'/usr/bin/startxfce4' is not an ELF object" 
         not a plugin
QFactoryLoader::QFactoryLoader() looking at "/usr/bin/x-terminal-emulator"
QElfParser: '/usr/bin/xfce4-terminal.wrapper' is not an ELF object
"'/usr/bin/xfce4-terminal.wrapper' is not an ELF object" 
         not a plugin
QFactoryLoader::QFactoryLoader() looking at "/usr/bin/x-window-manager"
"Failed to extract plugin meta data from '/usr/bin/xfwm4'" 
         not a plugin
QFactoryLoader::QFactoryLoader() looking at "/usr/bin/x-www-browser"
QElfParser: '/usr/bin/chromium-browser' is not an ELF object
"'/usr/bin/chromium-browser' is not an ELF object" 
         not a plugin
QFactoryLoader::QFactoryLoader() looking at "/usr/bin/x11perf"
"Failed to extract plugin meta data from '/usr/bin/x11perf'" 
         not a plugin
QFactoryLoader::QFactoryLoader() looking at "/usr/bin/x11perfcomp"
QElfParser: '/usr/bin/x11perfcomp' is not an ELF object
"'/usr/bin/x11perfcomp' is not an ELF object" 
         not a plugin
QFactoryLoader::QFactoryLoader() looking at "/usr/bin/x86_64"
"Failed to extract plugin meta data from '/usr/bin/setarch'" 
         not a plugin
QFactoryLoader::QFactoryLoader() looking at "/usr/bin/x86_64-linux-gnu-cpp"
"Failed to extract plugin meta data from '/usr/bin/x86_64-linux-gnu-cpp-11'" 
         not a plugin
QFactoryLoader::QFactoryLoader() looking at "/usr/bin/x86_64-linux-gnu-cpp-11"
"Failed to extract plugin meta data from '/usr/bin/x86_64-linux-gnu-cpp-11'" 
         not a plugin
QFactoryLoader::QFactoryLoader() looking at "/usr/bin/x86_energy_perf_policy"
QElfParser: '/usr/bin/x86_energy_perf_policy' is not an ELF object
"'/usr/bin/x86_energy_perf_policy' is not an ELF object" 
         not a plugin
QFactoryLoader::QFactoryLoader() looking at "/usr/bin/xargs"
"Failed to extract plugin meta data from '/usr/bin/xargs'" 
         not a plugin
QFactoryLoader::QFactoryLoader() looking at "/usr/bin/xauth"
"Failed to extract plugin meta data from '/usr/bin/xauth'" 
         not a plugin
QFactoryLoader::QFactoryLoader() looking at "/usr/bin/xbiff"
"Failed to extract plugin meta data from '/usr/bin/xbiff'" 
         not a plugin
QFactoryLoader::QFactoryLoader() looking at "/usr/bin/xbmtopbm"
"Failed to extract plugin meta data from '/usr/bin/xbmtopbm'" 
         not a plugin
QFactoryLoader::QFactoryLoader() looking at "/usr/bin/xbrlapi"
"Failed to extract plugin meta data from '/usr/bin/xbrlapi'" 
         not a plugin
QFactoryLoader::QFactoryLoader() looking at "/usr/bin/xcalc"
"Failed to extract plugin meta data from '/usr/bin/xcalc'" 
         not a plugin
QFactoryLoader::QFactoryLoader() looking at "/usr/bin/xcape"
"Failed to extract plugin meta data from '/usr/bin/xcape'" 
         not a plugin
QFactoryLoader::QFactoryLoader() looking at "/usr/bin/xclipboard"
"Failed to extract plugin meta data from '/usr/bin/xclipboard'" 
         not a plugin
QFactoryLoader::QFactoryLoader() looking at "/usr/bin/xclock"
"Failed to extract plugin meta data from '/usr/bin/xclock'" 
         not a plugin
QFactoryLoader::QFactoryLoader() looking at "/usr/bin/xcmsdb"
"Failed to extract plugin meta data from '/usr/bin/xcmsdb'" 
         not a plugin
QFactoryLoader::QFactoryLoader() looking at "/usr/bin/xconsole"
"Failed to extract plugin meta data from '/usr/bin/xconsole'" 
         not a plugin
QFactoryLoader::QFactoryLoader() looking at "/usr/bin/xcursorgen"
"Failed to extract plugin meta data from '/usr/bin/xcursorgen'" 
         not a plugin
QFactoryLoader::QFactoryLoader() looking at "/usr/bin/xcutsel"
"Failed to extract plugin meta data from '/usr/bin/xcutsel'" 
         not a plugin
QFactoryLoader::QFactoryLoader() looking at "/usr/bin/xdg-dbus-proxy"
"Failed to extract plugin meta data from '/usr/bin/xdg-dbus-proxy'" 
         not a plugin
QFactoryLoader::QFactoryLoader() looking at "/usr/bin/xdg-desktop-icon"
QElfParser: '/usr/bin/xdg-desktop-icon' is not an ELF object
"'/usr/bin/xdg-desktop-icon' is not an ELF object" 
         not a plugin
QFactoryLoader::QFactoryLoader() looking at "/usr/bin/xdg-desktop-menu"
QElfParser: '/usr/bin/xdg-desktop-menu' is not an ELF object
"'/usr/bin/xdg-desktop-menu' is not an ELF object" 
         not a plugin
QFactoryLoader::QFactoryLoader() looking at "/usr/bin/xdg-email"
QElfParser: '/usr/bin/xdg-email' is not an ELF object
"'/usr/bin/xdg-email' is not an ELF object" 
         not a plugin
QFactoryLoader::QFactoryLoader() looking at "/usr/bin/xdg-icon-resource"
QElfParser: '/usr/bin/xdg-icon-resource' is not an ELF object
"'/usr/bin/xdg-icon-resource' is not an ELF object" 
         not a plugin
QFactoryLoader::QFactoryLoader() looking at "/usr/bin/xdg-mime"
QElfParser: '/usr/bin/xdg-mime' is not an ELF object
"'/usr/bin/xdg-mime' is not an ELF object" 
         not a plugin
QFactoryLoader::QFactoryLoader() looking at "/usr/bin/xdg-open"
QElfParser: '/usr/bin/xdg-open' is not an ELF object
"'/usr/bin/xdg-open' is not an ELF object" 
         not a plugin
QFactoryLoader::QFactoryLoader() looking at "/usr/bin/xdg-screensaver"
QElfParser: '/usr/bin/xdg-screensaver' is not an ELF object
"'/usr/bin/xdg-screensaver' is not an ELF object" 
         not a plugin
QFactoryLoader::QFactoryLoader() looking at "/usr/bin/xdg-settings"
QElfParser: '/usr/bin/xdg-settings' is not an ELF object
"'/usr/bin/xdg-settings' is not an ELF object" 
         not a plugin
QFactoryLoader::QFactoryLoader() looking at "/usr/bin/xdg-user-dir"
QElfParser: '/usr/bin/xdg-user-dir' is not an ELF object
"'/usr/bin/xdg-user-dir' is not an ELF object" 
         not a plugin
QFactoryLoader::QFactoryLoader() looking at "/usr/bin/xdg-user-dirs-gtk-update"
"Failed to extract plugin meta data from '/usr/bin/xdg-user-dirs-gtk-update'" 
         not a plugin
QFactoryLoader::QFactoryLoader() looking at "/usr/bin/xdg-user-dirs-update"
"Failed to extract plugin meta data from '/usr/bin/xdg-user-dirs-update'" 
         not a plugin
QFactoryLoader::QFactoryLoader() looking at "/usr/bin/xditview"
"Failed to extract plugin meta data from '/usr/bin/xditview'" 
         not a plugin
QFactoryLoader::QFactoryLoader() looking at "/usr/bin/xdpyinfo"
"Failed to extract plugin meta data from '/usr/bin/xdpyinfo'" 
         not a plugin
QFactoryLoader::QFactoryLoader() looking at "/usr/bin/xdriinfo"
"Failed to extract plugin meta data from '/usr/bin/xdriinfo'" 
         not a plugin
QFactoryLoader::QFactoryLoader() looking at "/usr/bin/xdvi"
QElfParser: '/usr/bin/xdvi' is not an ELF object
"'/usr/bin/xdvi' is not an ELF object" 
         not a plugin
QFactoryLoader::QFactoryLoader() looking at "/usr/bin/xdvi-xaw"
"Failed to extract plugin meta data from '/usr/bin/xdvi-xaw'" 
         not a plugin
QFactoryLoader::QFactoryLoader() looking at "/usr/bin/xdvi.bin"
"Failed to extract plugin meta data from '/usr/bin/xdvi-xaw'" 
         not a plugin
QFactoryLoader::QFactoryLoader() looking at "/usr/bin/xdvipdfmx"
"Failed to extract plugin meta data from '/usr/bin/xdvipdfmx'" 
         not a plugin
QFactoryLoader::QFactoryLoader() looking at "/usr/bin/xedit"
"Failed to extract plugin meta data from '/usr/bin/xedit'" 
         not a plugin
QFactoryLoader::QFactoryLoader() looking at "/usr/bin/xelatex"
"Failed to extract plugin meta data from '/usr/bin/xetex'" 
         not a plugin
QFactoryLoader::QFactoryLoader() looking at "/usr/bin/xelatex-dev"
"Failed to extract plugin meta data from '/usr/bin/xetex'" 
         not a plugin
QFactoryLoader::QFactoryLoader() looking at "/usr/bin/xetex"
"Failed to extract plugin meta data from '/usr/bin/xetex'" 
         not a plugin
QFactoryLoader::QFactoryLoader() looking at "/usr/bin/xev"
"Failed to extract plugin meta data from '/usr/bin/xev'" 
         not a plugin
QFactoryLoader::QFactoryLoader() looking at "/usr/bin/xeyes"
"Failed to extract plugin meta data from '/usr/bin/xeyes'" 
         not a plugin
QFactoryLoader::QFactoryLoader() looking at "/usr/bin/xfburn"
"Failed to extract plugin meta data from '/usr/bin/xfburn'" 
         not a plugin
QFactoryLoader::QFactoryLoader() looking at "/usr/bin/xfce4-about"
"Failed to extract plugin meta data from '/usr/bin/xfce4-about'" 
         not a plugin
QFactoryLoader::QFactoryLoader() looking at "/usr/bin/xfce4-accessibility-settings"
"Failed to extract plugin meta data from '/usr/bin/xfce4-accessibility-settings'" 
         not a plugin
QFactoryLoader::QFactoryLoader() looking at "/usr/bin/xfce4-appearance-settings"
"Failed to extract plugin meta data from '/usr/bin/xfce4-appearance-settings'" 
         not a plugin
QFactoryLoader::QFactoryLoader() looking at "/usr/bin/xfce4-appfinder"
"Failed to extract plugin meta data from '/usr/bin/xfce4-appfinder'" 
         not a plugin
QFactoryLoader::QFactoryLoader() looking at "/usr/bin/xfce4-clipman"
"Failed to extract plugin meta data from '/usr/bin/xfce4-clipman'" 
         not a plugin
QFactoryLoader::QFactoryLoader() looking at "/usr/bin/xfce4-clipman-history"
"Failed to extract plugin meta data from '/usr/bin/xfce4-clipman-history'" 
         not a plugin
QFactoryLoader::QFactoryLoader() looking at "/usr/bin/xfce4-clipman-settings"
"Failed to extract plugin meta data from '/usr/bin/xfce4-clipman-settings'" 
         not a plugin
QFactoryLoader::QFactoryLoader() looking at "/usr/bin/xfce4-color-settings"
"Failed to extract plugin meta data from '/usr/bin/xfce4-color-settings'" 
         not a plugin
QFactoryLoader::QFactoryLoader() looking at "/usr/bin/xfce4-dict"
"Failed to extract plugin meta data from '/usr/bin/xfce4-dict'" 
         not a plugin
QFactoryLoader::QFactoryLoader() looking at "/usr/bin/xfce4-display-settings"
"Failed to extract plugin meta data from '/usr/bin/xfce4-display-settings'" 
         not a plugin
QFactoryLoader::QFactoryLoader() looking at "/usr/bin/xfce4-find-cursor"
"Failed to extract plugin meta data from '/usr/bin/xfce4-find-cursor'" 
         not a plugin
QFactoryLoader::QFactoryLoader() looking at "/usr/bin/xfce4-keyboard-settings"
"Failed to extract plugin meta data from '/usr/bin/xfce4-keyboard-settings'" 
         not a plugin
QFactoryLoader::QFactoryLoader() looking at "/usr/bin/xfce4-mime-helper"
"Failed to extract plugin meta data from '/usr/bin/xfce4-mime-helper'" 
         not a plugin
QFactoryLoader::QFactoryLoader() looking at "/usr/bin/xfce4-mime-settings"
"Failed to extract plugin meta data from '/usr/bin/xfce4-mime-settings'" 
         not a plugin
QFactoryLoader::QFactoryLoader() looking at "/usr/bin/xfce4-mouse-settings"
"Failed to extract plugin meta data from '/usr/bin/xfce4-mouse-settings'" 
         not a plugin
QFactoryLoader::QFactoryLoader() looking at "/usr/bin/xfce4-notes"
"Failed to extract plugin meta data from '/usr/bin/xfce4-notes'" 
         not a plugin
QFactoryLoader::QFactoryLoader() looking at "/usr/bin/xfce4-notes-settings"
"Failed to extract plugin meta data from '/usr/bin/xfce4-notes-settings'" 
         not a plugin
QFactoryLoader::QFactoryLoader() looking at "/usr/bin/xfce4-notifyd-config"
"Failed to extract plugin meta data from '/usr/bin/xfce4-notifyd-config'" 
         not a plugin
QFactoryLoader::QFactoryLoader() looking at "/usr/bin/xfce4-panel"
"Failed to extract plugin meta data from '/usr/bin/xfce4-panel'" 
         not a plugin
QFactoryLoader::QFactoryLoader() looking at "/usr/bin/xfce4-panel-profiles"
QElfParser: '/usr/bin/xfce4-panel-profiles' is not an ELF object
"'/usr/bin/xfce4-panel-profiles' is not an ELF object" 
         not a plugin
QFactoryLoader::QFactoryLoader() looking at "/usr/bin/xfce4-popup-applicationsmenu"
QElfParser: '/usr/bin/xfce4-popup-applicationsmenu' is not an ELF object
"'/usr/bin/xfce4-popup-applicationsmenu' is not an ELF object" 
         not a plugin
QFactoryLoader::QFactoryLoader() looking at "/usr/bin/xfce4-popup-clipman"
"Failed to extract plugin meta data from '/usr/bin/xfce4-popup-clipman'" 
         not a plugin
QFactoryLoader::QFactoryLoader() looking at "/usr/bin/xfce4-popup-clipman-actions"
"Failed to extract plugin meta data from '/usr/bin/xfce4-popup-clipman'" 
         not a plugin
QFactoryLoader::QFactoryLoader() looking at "/usr/bin/xfce4-popup-directorymenu"
QElfParser: '/usr/bin/xfce4-popup-directorymenu' is not an ELF object
"'/usr/bin/xfce4-popup-directorymenu' is not an ELF object" 
         not a plugin
QFactoryLoader::QFactoryLoader() looking at "/usr/bin/xfce4-popup-notes"
"Failed to extract plugin meta data from '/usr/bin/xfce4-popup-notes'" 
         not a plugin
QFactoryLoader::QFactoryLoader() looking at "/usr/bin/xfce4-popup-places"
QElfParser: '/usr/bin/xfce4-popup-places' is not an ELF object
"'/usr/bin/xfce4-popup-places' is not an ELF object" 
         not a plugin
QFactoryLoader::QFactoryLoader() looking at "/usr/bin/xfce4-popup-whiskermenu"
QElfParser: '/usr/bin/xfce4-popup-whiskermenu' is not an ELF object
"'/usr/bin/xfce4-popup-whiskermenu' is not an ELF object" 
         not a plugin
QFactoryLoader::QFactoryLoader() looking at "/usr/bin/xfce4-popup-windowmenu"
QElfParser: '/usr/bin/xfce4-popup-windowmenu' is not an ELF object
"'/usr/bin/xfce4-popup-windowmenu' is not an ELF object" 
         not a plugin
QFactoryLoader::QFactoryLoader() looking at "/usr/bin/xfce4-power-manager"
"Failed to extract plugin meta data from '/usr/bin/xfce4-power-manager'" 
         not a plugin
QFactoryLoader::QFactoryLoader() looking at "/usr/bin/xfce4-power-manager-settings"
"Failed to extract plugin meta data from '/usr/bin/xfce4-power-manager-settings'" 
         not a plugin
QFactoryLoader::QFactoryLoader() looking at "/usr/bin/xfce4-screensaver"
"Failed to extract plugin meta data from '/usr/bin/xfce4-screensaver'" 
         not a plugin
QFactoryLoader::QFactoryLoader() looking at "/usr/bin/xfce4-screensaver-command"
"Failed to extract plugin meta data from '/usr/bin/xfce4-screensaver-command'" 
         not a plugin
QFactoryLoader::QFactoryLoader() looking at "/usr/bin/xfce4-screensaver-configure"
QElfParser: '/usr/bin/xfce4-screensaver-configure' is not an ELF object
"'/usr/bin/xfce4-screensaver-configure' is not an ELF object" 
         not a plugin
QFactoryLoader::QFactoryLoader() looking at "/usr/bin/xfce4-screensaver-preferences"
"Failed to extract plugin meta data from '/usr/bin/xfce4-screensaver-preferences'" 
         not a plugin
QFactoryLoader::QFactoryLoader() looking at "/usr/bin/xfce4-screenshooter"
"Failed to extract plugin meta data from '/usr/bin/xfce4-screenshooter'" 
         not a plugin
QFactoryLoader::QFactoryLoader() looking at "/usr/bin/xfce4-session"
"Failed to extract plugin meta data from '/usr/bin/xfce4-session'" 
         not a plugin
QFactoryLoader::QFactoryLoader() looking at "/usr/bin/xfce4-session-logout"
"Failed to extract plugin meta data from '/usr/bin/xfce4-session-logout'" 
         not a plugin
QFactoryLoader::QFactoryLoader() looking at "/usr/bin/xfce4-session-settings"
"Failed to extract plugin meta data from '/usr/bin/xfce4-session-settings'" 
         not a plugin
QFactoryLoader::QFactoryLoader() looking at "/usr/bin/xfce4-settings-editor"
"Failed to extract plugin meta data from '/usr/bin/xfce4-settings-editor'" 
         not a plugin
QFactoryLoader::QFactoryLoader() looking at "/usr/bin/xfce4-settings-manager"
"Failed to extract plugin meta data from '/usr/bin/xfce4-settings-manager'" 
         not a plugin
QFactoryLoader::QFactoryLoader() looking at "/usr/bin/xfce4-taskmanager"
"Failed to extract plugin meta data from '/usr/bin/xfce4-taskmanager'" 
         not a plugin
QFactoryLoader::QFactoryLoader() looking at "/usr/bin/xfce4-terminal"
"Failed to extract plugin meta data from '/usr/bin/xfce4-terminal'" 
         not a plugin
QFactoryLoader::QFactoryLoader() looking at "/usr/bin/xfce4-terminal.wrapper"
QElfParser: '/usr/bin/xfce4-terminal.wrapper' is not an ELF object
"'/usr/bin/xfce4-terminal.wrapper' is not an ELF object" 
         not a plugin
QFactoryLoader::QFactoryLoader() looking at "/usr/bin/xfconf-query"
"Failed to extract plugin meta data from '/usr/bin/xfconf-query'" 
         not a plugin
QFactoryLoader::QFactoryLoader() looking at "/usr/bin/xfd"
"Failed to extract plugin meta data from '/usr/bin/xfd'" 
         not a plugin
QFactoryLoader::QFactoryLoader() looking at "/usr/bin/xfdesktop"
"Failed to extract plugin meta data from '/usr/bin/xfdesktop'" 
         not a plugin
QFactoryLoader::QFactoryLoader() looking at "/usr/bin/xfdesktop-settings"
"Failed to extract plugin meta data from '/usr/bin/xfdesktop-settings'" 
         not a plugin
QFactoryLoader::QFactoryLoader() looking at "/usr/bin/xfhelp4"
QElfParser: '/usr/bin/xfhelp4' is not an ELF object
"'/usr/bin/xfhelp4' is not an ELF object" 
         not a plugin
QFactoryLoader::QFactoryLoader() looking at "/usr/bin/xflock4"
QElfParser: '/usr/bin/xflock4' is not an ELF object
"'/usr/bin/xflock4' is not an ELF object" 
         not a plugin
QFactoryLoader::QFactoryLoader() looking at "/usr/bin/xfontsel"
"Failed to extract plugin meta data from '/usr/bin/xfontsel'" 
         not a plugin
QFactoryLoader::QFactoryLoader() looking at "/usr/bin/xfrun4"
"Failed to extract plugin meta data from '/usr/bin/xfce4-appfinder'" 
         not a plugin
QFactoryLoader::QFactoryLoader() looking at "/usr/bin/xfsettingsd"
"Failed to extract plugin meta data from '/usr/bin/xfsettingsd'" 
         not a plugin
QFactoryLoader::QFactoryLoader() looking at "/usr/bin/xfwm4"
"Failed to extract plugin meta data from '/usr/bin/xfwm4'" 
         not a plugin
QFactoryLoader::QFactoryLoader() looking at "/usr/bin/xfwm4-settings"
"Failed to extract plugin meta data from '/usr/bin/xfwm4-settings'" 
         not a plugin
QFactoryLoader::QFactoryLoader() looking at "/usr/bin/xfwm4-tweaks-settings"
"Failed to extract plugin meta data from '/usr/bin/xfwm4-tweaks-settings'" 
         not a plugin
QFactoryLoader::QFactoryLoader() looking at "/usr/bin/xfwm4-workspace-settings"
"Failed to extract plugin meta data from '/usr/bin/xfwm4-workspace-settings'" 
         not a plugin
QFactoryLoader::QFactoryLoader() looking at "/usr/bin/xgamma"
"Failed to extract plugin meta data from '/usr/bin/xgamma'" 
         not a plugin
QFactoryLoader::QFactoryLoader() looking at "/usr/bin/xgc"
"Failed to extract plugin meta data from '/usr/bin/xgc'" 
         not a plugin
QFactoryLoader::QFactoryLoader() looking at "/usr/bin/xgettext"
"Failed to extract plugin meta data from '/usr/bin/xgettext'" 
         not a plugin
QFactoryLoader::QFactoryLoader() looking at "/usr/bin/xhlatex"
QElfParser: '/usr/share/texlive/texmf-dist/scripts/tex4ht/xhlatex.sh' is not an ELF object
"'/usr/share/texlive/texmf-dist/scripts/tex4ht/xhlatex.sh' is not an ELF object" 
         not a plugin
QFactoryLoader::QFactoryLoader() looking at "/usr/bin/xhost"
"Failed to extract plugin meta data from '/usr/bin/xhost'" 
         not a plugin
QFactoryLoader::QFactoryLoader() looking at "/usr/bin/xiccd"
"Failed to extract plugin meta data from '/usr/bin/xiccd'" 
         not a plugin
QFactoryLoader::QFactoryLoader() looking at "/usr/bin/ximtoppm"
"Failed to extract plugin meta data from '/usr/bin/ximtoppm'" 
         not a plugin
QFactoryLoader::QFactoryLoader() looking at "/usr/bin/xindex"
QElfParser: '/usr/share/texlive/texmf-dist/scripts/xindex/xindex.lua' is not an ELF object
"'/usr/share/texlive/texmf-dist/scripts/xindex/xindex.lua' is not an ELF object" 
         not a plugin
QFactoryLoader::QFactoryLoader() looking at "/usr/bin/xinit"
"Failed to extract plugin meta data from '/usr/bin/xinit'" 
         not a plugin
QFactoryLoader::QFactoryLoader() looking at "/usr/bin/xinput"
"Failed to extract plugin meta data from '/usr/bin/xinput'" 
         not a plugin
QFactoryLoader::QFactoryLoader() looking at "/usr/bin/xkbbell"
"Failed to extract plugin meta data from '/usr/bin/xkbbell'" 
         not a plugin
QFactoryLoader::QFactoryLoader() looking at "/usr/bin/xkbcomp"
"Failed to extract plugin meta data from '/usr/bin/xkbcomp'" 
         not a plugin
QFactoryLoader::QFactoryLoader() looking at "/usr/bin/xkbevd"
"Failed to extract plugin meta data from '/usr/bin/xkbevd'" 
         not a plugin
QFactoryLoader::QFactoryLoader() looking at "/usr/bin/xkbprint"
"Failed to extract plugin meta data from '/usr/bin/xkbprint'" 
         not a plugin
QFactoryLoader::QFactoryLoader() looking at "/usr/bin/xkbvleds"
"Failed to extract plugin meta data from '/usr/bin/xkbvleds'" 
         not a plugin
QFactoryLoader::QFactoryLoader() looking at "/usr/bin/xkbwatch"
"Failed to extract plugin meta data from '/usr/bin/xkbwatch'" 
         not a plugin
QFactoryLoader::QFactoryLoader() looking at "/usr/bin/xkeystone"
QElfParser: '/usr/bin/xkeystone' is not an ELF object
"'/usr/bin/xkeystone' is not an ELF object" 
         not a plugin
QFactoryLoader::QFactoryLoader() looking at "/usr/bin/xkill"
"Failed to extract plugin meta data from '/usr/bin/xkill'" 
         not a plugin
QFactoryLoader::QFactoryLoader() looking at "/usr/bin/xload"
"Failed to extract plugin meta data from '/usr/bin/xload'" 
         not a plugin
QFactoryLoader::QFactoryLoader() looking at "/usr/bin/xlogo"
"Failed to extract plugin meta data from '/usr/bin/xlogo'" 
         not a plugin
QFactoryLoader::QFactoryLoader() looking at "/usr/bin/xls2csv"
"Failed to extract plugin meta data from '/usr/bin/xls2csv'" 
         not a plugin
QFactoryLoader::QFactoryLoader() looking at "/usr/bin/xlsatoms"
"Failed to extract plugin meta data from '/usr/bin/xlsatoms'" 
         not a plugin
QFactoryLoader::QFactoryLoader() looking at "/usr/bin/xlsclients"
"Failed to extract plugin meta data from '/usr/bin/xlsclients'" 
         not a plugin
QFactoryLoader::QFactoryLoader() looking at "/usr/bin/xlsfonts"
"Failed to extract plugin meta data from '/usr/bin/xlsfonts'" 
         not a plugin
QFactoryLoader::QFactoryLoader() looking at "/usr/bin/xmag"
"Failed to extract plugin meta data from '/usr/bin/xmag'" 
         not a plugin
QFactoryLoader::QFactoryLoader() looking at "/usr/bin/xman"
"Failed to extract plugin meta data from '/usr/bin/xman'" 
         not a plugin
QFactoryLoader::QFactoryLoader() looking at "/usr/bin/xmessage"
"Failed to extract plugin meta data from '/usr/bin/xmessage'" 
         not a plugin
QFactoryLoader::QFactoryLoader() looking at "/usr/bin/xml2pmx"
"Failed to extract plugin meta data from '/usr/bin/xml2pmx'" 
         not a plugin
QFactoryLoader::QFactoryLoader() looking at "/usr/bin/xmltex"
"Failed to extract plugin meta data from '/usr/bin/pdftex'" 
         not a plugin
QFactoryLoader::QFactoryLoader() looking at "/usr/bin/xmodmap"
"Failed to extract plugin meta data from '/usr/bin/xmodmap'" 
         not a plugin
QFactoryLoader::QFactoryLoader() looking at "/usr/bin/xmore"
"Failed to extract plugin meta data from '/usr/bin/xmore'" 
         not a plugin
QFactoryLoader::QFactoryLoader() looking at "/usr/bin/Xorg"
QElfParser: '/usr/bin/Xorg' is not an ELF object
"'/usr/bin/Xorg' is not an ELF object" 
         not a plugin
QFactoryLoader::QFactoryLoader() looking at "/usr/bin/xpmtoppm"
"Failed to extract plugin meta data from '/usr/bin/xpmtoppm'" 
         not a plugin
QFactoryLoader::QFactoryLoader() looking at "/usr/bin/xprop"
"Failed to extract plugin meta data from '/usr/bin/xprop'" 
         not a plugin
QFactoryLoader::QFactoryLoader() looking at "/usr/bin/xqxdecode"
"Failed to extract plugin meta data from '/usr/bin/xqxdecode'" 
         not a plugin
QFactoryLoader::QFactoryLoader() looking at "/usr/bin/xrandr"
"Failed to extract plugin meta data from '/usr/bin/xrandr'" 
         not a plugin
QFactoryLoader::QFactoryLoader() looking at "/usr/bin/xrdb"
"Failed to extract plugin meta data from '/usr/bin/xrdb'" 
         not a plugin
QFactoryLoader::QFactoryLoader() looking at "/usr/bin/xrefresh"
"Failed to extract plugin meta data from '/usr/bin/xrefresh'" 
         not a plugin
QFactoryLoader::QFactoryLoader() looking at "/usr/bin/xset"
"Failed to extract plugin meta data from '/usr/bin/xset'" 
         not a plugin
QFactoryLoader::QFactoryLoader() looking at "/usr/bin/xsetmode"
"Failed to extract plugin meta data from '/usr/bin/xsetmode'" 
         not a plugin
QFactoryLoader::QFactoryLoader() looking at "/usr/bin/xsetpointer"
"Failed to extract plugin meta data from '/usr/bin/xsetpointer'" 
         not a plugin
QFactoryLoader::QFactoryLoader() looking at "/usr/bin/xsetroot"
"Failed to extract plugin meta data from '/usr/bin/xsetroot'" 
         not a plugin
QFactoryLoader::QFactoryLoader() looking at "/usr/bin/xsetwacom"
"Failed to extract plugin meta data from '/usr/bin/xsetwacom'" 
         not a plugin
QFactoryLoader::QFactoryLoader() looking at "/usr/bin/xsm"
"Failed to extract plugin meta data from '/usr/bin/xsm'" 
         not a plugin
QFactoryLoader::QFactoryLoader() looking at "/usr/bin/xstdcmap"
"Failed to extract plugin meta data from '/usr/bin/xstdcmap'" 
         not a plugin
QFactoryLoader::QFactoryLoader() looking at "/usr/bin/xsubpp"
QElfParser: '/usr/bin/xsubpp' is not an ELF object
"'/usr/bin/xsubpp' is not an ELF object" 
         not a plugin
QFactoryLoader::QFactoryLoader() looking at "/usr/bin/xterm"
"Failed to extract plugin meta data from '/usr/bin/xterm'" 
         not a plugin
QFactoryLoader::QFactoryLoader() looking at "/usr/bin/xubuntu-numlockx"
QElfParser: '/usr/bin/xubuntu-numlockx' is not an ELF object
"'/usr/bin/xubuntu-numlockx' is not an ELF object" 
         not a plugin
QFactoryLoader::QFactoryLoader() looking at "/usr/bin/xvidtune"
"Failed to extract plugin meta data from '/usr/bin/xvidtune'" 
         not a plugin
QFactoryLoader::QFactoryLoader() looking at "/usr/bin/xvinfo"
"Failed to extract plugin meta data from '/usr/bin/xvinfo'" 
         not a plugin
QFactoryLoader::QFactoryLoader() looking at "/usr/bin/xvminitoppm"
"Failed to extract plugin meta data from '/usr/bin/xvminitoppm'" 
         not a plugin
QFactoryLoader::QFactoryLoader() looking at "/usr/bin/xwd"
"Failed to extract plugin meta data from '/usr/bin/xwd'" 
         not a plugin
QFactoryLoader::QFactoryLoader() looking at "/usr/bin/xwdtopnm"
"Failed to extract plugin meta data from '/usr/bin/xwdtopnm'" 
         not a plugin
QFactoryLoader::QFactoryLoader() looking at "/usr/bin/xwininfo"
"Failed to extract plugin meta data from '/usr/bin/xwininfo'" 
         not a plugin
QFactoryLoader::QFactoryLoader() looking at "/usr/bin/xwud"
"Failed to extract plugin meta data from '/usr/bin/xwud'" 
         not a plugin
QFactoryLoader::QFactoryLoader() looking at "/usr/bin/xxd"
"Failed to extract plugin meta data from '/usr/bin/xxd'" 
         not a plugin
QFactoryLoader::QFactoryLoader() looking at "/usr/bin/xz"
"Failed to extract plugin meta data from '/usr/bin/xz'" 
         not a plugin
QFactoryLoader::QFactoryLoader() looking at "/usr/bin/xzcat"
"Failed to extract plugin meta data from '/usr/bin/xz'" 
         not a plugin
QFactoryLoader::QFactoryLoader() looking at "/usr/bin/xzcmp"
QElfParser: '/usr/bin/xzdiff' is not an ELF object
"'/usr/bin/xzdiff' is not an ELF object" 
         not a plugin
QFactoryLoader::QFactoryLoader() looking at "/usr/bin/xzdiff"
QElfParser: '/usr/bin/xzdiff' is not an ELF object
"'/usr/bin/xzdiff' is not an ELF object" 
         not a plugin
QFactoryLoader::QFactoryLoader() looking at "/usr/bin/xzegrep"
QElfParser: '/usr/bin/xzgrep' is not an ELF object
"'/usr/bin/xzgrep' is not an ELF object" 
         not a plugin
QFactoryLoader::QFactoryLoader() looking at "/usr/bin/xzfgrep"
QElfParser: '/usr/bin/xzgrep' is not an ELF object
"'/usr/bin/xzgrep' is not an ELF object" 
         not a plugin
QFactoryLoader::QFactoryLoader() looking at "/usr/bin/xzgrep"
QElfParser: '/usr/bin/xzgrep' is not an ELF object
"'/usr/bin/xzgrep' is not an ELF object" 
         not a plugin
QFactoryLoader::QFactoryLoader() looking at "/usr/bin/xzless"
QElfParser: '/usr/bin/xzless' is not an ELF object
"'/usr/bin/xzless' is not an ELF object" 
         not a plugin
QFactoryLoader::QFactoryLoader() looking at "/usr/bin/xzmore"
QElfParser: '/usr/bin/xzmore' is not an ELF object
"'/usr/bin/xzmore' is not an ELF object" 
         not a plugin
QFactoryLoader::QFactoryLoader() looking at "/usr/bin/ybmtopbm"
"Failed to extract plugin meta data from '/usr/bin/ybmtopbm'" 
         not a plugin
QFactoryLoader::QFactoryLoader() looking at "/usr/bin/yelp"
"Failed to extract plugin meta data from '/usr/bin/yelp'" 
         not a plugin
QFactoryLoader::QFactoryLoader() looking at "/usr/bin/yes"
"Failed to extract plugin meta data from '/usr/bin/yes'" 
         not a plugin
QFactoryLoader::QFactoryLoader() looking at "/usr/bin/ypdomainname"
"Failed to extract plugin meta data from '/usr/bin/hostname'" 
         not a plugin
QFactoryLoader::QFactoryLoader() looking at "/usr/bin/yplan"
QElfParser: '/usr/share/texlive/texmf-dist/scripts/yplan/yplan' is not an ELF object
"'/usr/share/texlive/texmf-dist/scripts/yplan/yplan' is not an ELF object" 
         not a plugin
QFactoryLoader::QFactoryLoader() looking at "/usr/bin/yuvsplittoppm"
"Failed to extract plugin meta data from '/usr/bin/yuvsplittoppm'" 
         not a plugin
QFactoryLoader::QFactoryLoader() looking at "/usr/bin/yuvtoppm"
"Failed to extract plugin meta data from '/usr/bin/yuvtoppm'" 
         not a plugin
QFactoryLoader::QFactoryLoader() looking at "/usr/bin/zcat"
QElfParser: '/usr/bin/zcat' is not an ELF object
"'/usr/bin/zcat' is not an ELF object" 
         not a plugin
QFactoryLoader::QFactoryLoader() looking at "/usr/bin/zcmp"
QElfParser: '/usr/bin/zcmp' is not an ELF object
"'/usr/bin/zcmp' is not an ELF object" 
         not a plugin
QFactoryLoader::QFactoryLoader() looking at "/usr/bin/zdiff"
QElfParser: '/usr/bin/zdiff' is not an ELF object
"'/usr/bin/zdiff' is not an ELF object" 
         not a plugin
QFactoryLoader::QFactoryLoader() looking at "/usr/bin/zdump"
"Failed to extract plugin meta data from '/usr/bin/zdump'" 
         not a plugin
QFactoryLoader::QFactoryLoader() looking at "/usr/bin/zegrep"
QElfParser: '/usr/bin/zegrep' is not an ELF object (file too small)
"'/usr/bin/zegrep' is not an ELF object (file too small)" 
         not a plugin
QFactoryLoader::QFactoryLoader() looking at "/usr/bin/zeisstopnm"
"Failed to extract plugin meta data from '/usr/bin/zeisstopnm'" 
         not a plugin
QFactoryLoader::QFactoryLoader() looking at "/usr/bin/zenity"
"Failed to extract plugin meta data from '/usr/bin/zenity'" 
         not a plugin
QFactoryLoader::QFactoryLoader() looking at "/usr/bin/zfgrep"
QElfParser: '/usr/bin/zfgrep' is not an ELF object (file too small)
"'/usr/bin/zfgrep' is not an ELF object (file too small)" 
         not a plugin
QFactoryLoader::QFactoryLoader() looking at "/usr/bin/zforce"
QElfParser: '/usr/bin/zforce' is not an ELF object
"'/usr/bin/zforce' is not an ELF object" 
         not a plugin
QFactoryLoader::QFactoryLoader() looking at "/usr/bin/zgrep"
QElfParser: '/usr/bin/zgrep' is not an ELF object
"'/usr/bin/zgrep' is not an ELF object" 
         not a plugin
QFactoryLoader::QFactoryLoader() looking at "/usr/bin/zip"
"Failed to extract plugin meta data from '/usr/bin/zip'" 
         not a plugin
QFactoryLoader::QFactoryLoader() looking at "/usr/bin/zipcloak"
"Failed to extract plugin meta data from '/usr/bin/zipcloak'" 
         not a plugin
QFactoryLoader::QFactoryLoader() looking at "/usr/bin/zipdetails"
QElfParser: '/usr/bin/zipdetails' is not an ELF object
"'/usr/bin/zipdetails' is not an ELF object" 
         not a plugin
QFactoryLoader::QFactoryLoader() looking at "/usr/bin/zipgrep"
QElfParser: '/usr/bin/zipgrep' is not an ELF object
"'/usr/bin/zipgrep' is not an ELF object" 
         not a plugin
QFactoryLoader::QFactoryLoader() looking at "/usr/bin/zipinfo"
"Failed to extract plugin meta data from '/usr/bin/zipinfo'" 
         not a plugin
QFactoryLoader::QFactoryLoader() looking at "/usr/bin/zipnote"
"Failed to extract plugin meta data from '/usr/bin/zipnote'" 
         not a plugin
QFactoryLoader::QFactoryLoader() looking at "/usr/bin/zipsplit"
"Failed to extract plugin meta data from '/usr/bin/zipsplit'" 
         not a plugin
QFactoryLoader::QFactoryLoader() looking at "/usr/bin/zjsdecode"
"Failed to extract plugin meta data from '/usr/bin/zjsdecode'" 
         not a plugin
QFactoryLoader::QFactoryLoader() looking at "/usr/bin/zless"
QElfParser: '/usr/bin/zless' is not an ELF object
"'/usr/bin/zless' is not an ELF object" 
         not a plugin
QFactoryLoader::QFactoryLoader() looking at "/usr/bin/zmore"
QElfParser: '/usr/bin/zmore' is not an ELF object
"'/usr/bin/zmore' is not an ELF object" 
         not a plugin
QFactoryLoader::QFactoryLoader() looking at "/usr/bin/znew"
QElfParser: '/usr/bin/znew' is not an ELF object
"'/usr/bin/znew' is not an ELF object" 
         not a plugin
QFactoryLoader::QFactoryLoader() looking at "/usr/bin/zstd"
"Failed to extract plugin meta data from '/usr/bin/zstd'" 
         not a plugin
QFactoryLoader::QFactoryLoader() looking at "/usr/bin/zstdcat"
"Failed to extract plugin meta data from '/usr/bin/zstd'" 
         not a plugin
QFactoryLoader::QFactoryLoader() looking at "/usr/bin/zstdgrep"
QElfParser: '/usr/bin/zstdgrep' is not an ELF object
"'/usr/bin/zstdgrep' is not an ELF object" 
         not a plugin
QFactoryLoader::QFactoryLoader() looking at "/usr/bin/zstdless"
QElfParser: '/usr/bin/zstdless' is not an ELF object (file too small)
"'/usr/bin/zstdless' is not an ELF object (file too small)" 
         not a plugin
QFactoryLoader::QFactoryLoader() looking at "/usr/bin/zstdmt"
"Failed to extract plugin meta data from '/usr/bin/zstd'" 
         not a plugin
QFactoryLoader::QFactoryLoader() checking directory path "/home/ydssj233/文档/Sankteco/.venv/lib/python3.8/site-packages/PySide2/Qt/plugins/platformthemes" ...
QFactoryLoader::QFactoryLoader() looking at "/home/ydssj233/文档/Sankteco/.venv/lib/python3.8/site-packages/PySide2/Qt/plugins/platformthemes/libqgtk3.so"
Found metadata in lib /home/ydssj233/文档/Sankteco/.venv/lib/python3.8/site-packages/PySide2/Qt/plugins/platformthemes/libqgtk3.so, metadata=
{
    "IID": "org.qt-project.Qt.QPA.QPlatformThemeFactoryInterface.5.1",
    "MetaData": {
        "Keys": [
            "gtk3"
        ]
    },
    "archreq": 0,
    "className": "QGtk3ThemePlugin",
    "debug": false,
    "version": 331520
}


Got keys from plugin meta data ("gtk3")
QFactoryLoader::QFactoryLoader() looking at "/home/ydssj233/文档/Sankteco/.venv/lib/python3.8/site-packages/PySide2/Qt/plugins/platformthemes/libqxdgdesktopportal.so"
Found metadata in lib /home/ydssj233/文档/Sankteco/.venv/lib/python3.8/site-packages/PySide2/Qt/plugins/platformthemes/libqxdgdesktopportal.so, metadata=
{
    "IID": "org.qt-project.Qt.QPA.QPlatformThemeFactoryInterface.5.1",
    "MetaData": {
        "Keys": [
            "xdgdesktopportal",
            "flatpak",
            "snap"
        ]
    },
    "archreq": 0,
    "className": "QXdgDesktopPortalThemePlugin",
    "debug": false,
    "version": 331520
}


Got keys from plugin meta data ("xdgdesktopportal", "flatpak", "snap")
QFactoryLoader::QFactoryLoader() checking directory path "/usr/bin/platformthemes" ...
loaded library "/home/ydssj233/文档/Sankteco/.venv/lib/python3.8/site-packages/PySide2/Qt/plugins/platformthemes/libqgtk3.so"
QFactoryLoader::QFactoryLoader() checking directory path "/home/ydssj233/文档/Sankteco/.venv/lib/python3.8/site-packages/PySide2/Qt/plugins/platforminputcontexts" ...
QFactoryLoader::QFactoryLoader() looking at "/home/ydssj233/文档/Sankteco/.venv/lib/python3.8/site-packages/PySide2/Qt/plugins/platforminputcontexts/libcomposeplatforminputcontextplugin.so"
Found metadata in lib /home/ydssj233/文档/Sankteco/.venv/lib/python3.8/site-packages/PySide2/Qt/plugins/platforminputcontexts/libcomposeplatforminputcontextplugin.so, metadata=
{
    "IID": "org.qt-project.Qt.QPlatformInputContextFactoryInterface.5.1",
    "MetaData": {
        "Keys": [
            "compose",
            "xim"
        ]
    },
    "archreq": 0,
    "className": "QComposePlatformInputContextPlugin",
    "debug": false,
    "version": 331520
}


Got keys from plugin meta data ("compose", "xim")
QFactoryLoader::QFactoryLoader() looking at "/home/ydssj233/文档/Sankteco/.venv/lib/python3.8/site-packages/PySide2/Qt/plugins/platforminputcontexts/libibusplatforminputcontextplugin.so"
Found metadata in lib /home/ydssj233/文档/Sankteco/.venv/lib/python3.8/site-packages/PySide2/Qt/plugins/platforminputcontexts/libibusplatforminputcontextplugin.so, metadata=
{
    "IID": "org.qt-project.Qt.QPlatformInputContextFactoryInterface.5.1",
    "MetaData": {
        "Keys": [
            "ibus"
        ]
    },
    "archreq": 0,
    "className": "QIbusPlatformInputContextPlugin",
    "debug": false,
    "version": 331520
}


Got keys from plugin meta data ("ibus")
QFactoryLoader::QFactoryLoader() looking at "/home/ydssj233/文档/Sankteco/.venv/lib/python3.8/site-packages/PySide2/Qt/plugins/platforminputcontexts/libqtvirtualkeyboardplugin.so"
Found metadata in lib /home/ydssj233/文档/Sankteco/.venv/lib/python3.8/site-packages/PySide2/Qt/plugins/platforminputcontexts/libqtvirtualkeyboardplugin.so, metadata=
{
    "IID": "org.qt-project.Qt.QPlatformInputContextFactoryInterface.5.1",
    "MetaData": {
        "Keys": [
            "qtvirtualkeyboard"
        ]
    },
    "archreq": 0,
    "className": "QVirtualKeyboardPlugin",
    "debug": false,
    "version": 331520
}


Got keys from plugin meta data ("qtvirtualkeyboard")
QFactoryLoader::QFactoryLoader() checking directory path "/usr/bin/platforminputcontexts" ...
loaded library "/home/ydssj233/文档/Sankteco/.venv/lib/python3.8/site-packages/PySide2/Qt/plugins/platforminputcontexts/libcomposeplatforminputcontextplugin.so"
QFactoryLoader::QFactoryLoader() checking directory path "/home/ydssj233/文档/Sankteco/.venv/lib/python3.8/site-packages/PySide2/Qt/plugins/styles" ...
QFactoryLoader::QFactoryLoader() checking directory path "/usr/bin/styles" ...
QFactoryLoader::QFactoryLoader() checking directory path "/home/ydssj233/文档/Sankteco/.venv/lib/python3.8/site-packages/PySide2/Qt/plugins/imageformats" ...
QFactoryLoader::QFactoryLoader() looking at "/home/ydssj233/文档/Sankteco/.venv/lib/python3.8/site-packages/PySide2/Qt/plugins/imageformats/libqgif.so"
Found metadata in lib /home/ydssj233/文档/Sankteco/.venv/lib/python3.8/site-packages/PySide2/Qt/plugins/imageformats/libqgif.so, metadata=
{
    "IID": "org.qt-project.Qt.QImageIOHandlerFactoryInterface",
    "MetaData": {
        "Keys": [
            "gif"
        ],
        "MimeTypes": [
            "image/gif"
        ]
    },
    "archreq": 0,
    "className": "QGifPlugin",
    "debug": false,
    "version": 331520
}


Got keys from plugin meta data ("gif")
QFactoryLoader::QFactoryLoader() looking at "/home/ydssj233/文档/Sankteco/.venv/lib/python3.8/site-packages/PySide2/Qt/plugins/imageformats/libqicns.so"
Found metadata in lib /home/ydssj233/文档/Sankteco/.venv/lib/python3.8/site-packages/PySide2/Qt/plugins/imageformats/libqicns.so, metadata=
{
    "IID": "org.qt-project.Qt.QImageIOHandlerFactoryInterface",
    "MetaData": {
        "Keys": [
            "icns"
        ],
        "MimeTypes": [
            "image/x-icns"
        ]
    },
    "archreq": 0,
    "className": "QICNSPlugin",
    "debug": false,
    "version": 331520
}


Got keys from plugin meta data ("icns")
QFactoryLoader::QFactoryLoader() looking at "/home/ydssj233/文档/Sankteco/.venv/lib/python3.8/site-packages/PySide2/Qt/plugins/imageformats/libqico.so"
Found metadata in lib /home/ydssj233/文档/Sankteco/.venv/lib/python3.8/site-packages/PySide2/Qt/plugins/imageformats/libqico.so, metadata=
{
    "IID": "org.qt-project.Qt.QImageIOHandlerFactoryInterface",
    "MetaData": {
        "Keys": [
            "ico",
            "cur"
        ],
        "MimeTypes": [
            "image/vnd.microsoft.icon",
            "image/vnd.microsoft.icon"
        ]
    },
    "archreq": 0,
    "className": "QICOPlugin",
    "debug": false,
    "version": 331520
}


Got keys from plugin meta data ("ico", "cur")
QFactoryLoader::QFactoryLoader() looking at "/home/ydssj233/文档/Sankteco/.venv/lib/python3.8/site-packages/PySide2/Qt/plugins/imageformats/libqjpeg.so"
Found metadata in lib /home/ydssj233/文档/Sankteco/.venv/lib/python3.8/site-packages/PySide2/Qt/plugins/imageformats/libqjpeg.so, metadata=
{
    "IID": "org.qt-project.Qt.QImageIOHandlerFactoryInterface",
    "MetaData": {
        "Keys": [
            "jpg",
            "jpeg"
        ],
        "MimeTypes": [
            "image/jpeg",
            "image/jpeg"
        ]
    },
    "archreq": 0,
    "className": "QJpegPlugin",
    "debug": false,
    "version": 331520
}


Got keys from plugin meta data ("jpg", "jpeg")
QFactoryLoader::QFactoryLoader() looking at "/home/ydssj233/文档/Sankteco/.venv/lib/python3.8/site-packages/PySide2/Qt/plugins/imageformats/libqpdf.so"
Found metadata in lib /home/ydssj233/文档/Sankteco/.venv/lib/python3.8/site-packages/PySide2/Qt/plugins/imageformats/libqpdf.so, metadata=
{
    "IID": "org.qt-project.Qt.QImageIOHandlerFactoryInterface",
    "MetaData": {
        "Keys": [
            "pdf"
        ],
        "MimeTypes": [
            "application/pdf"
        ]
    },
    "archreq": 0,
    "className": "QPdfPlugin",
    "debug": false,
    "version": 331520
}


Got keys from plugin meta data ("pdf")
QFactoryLoader::QFactoryLoader() looking at "/home/ydssj233/文档/Sankteco/.venv/lib/python3.8/site-packages/PySide2/Qt/plugins/imageformats/libqsvg.so"
Found metadata in lib /home/ydssj233/文档/Sankteco/.venv/lib/python3.8/site-packages/PySide2/Qt/plugins/imageformats/libqsvg.so, metadata=
{
    "IID": "org.qt-project.Qt.QImageIOHandlerFactoryInterface",
    "MetaData": {
        "Keys": [
            "svg",
            "svgz"
        ],
        "MimeTypes": [
            "image/svg+xml",
            "image/svg+xml-compressed"
        ]
    },
    "archreq": 0,
    "className": "QSvgPlugin",
    "debug": false,
    "version": 331520
}


Got keys from plugin meta data ("svg", "svgz")
QFactoryLoader::QFactoryLoader() looking at "/home/ydssj233/文档/Sankteco/.venv/lib/python3.8/site-packages/PySide2/Qt/plugins/imageformats/libqtga.so"
Found metadata in lib /home/ydssj233/文档/Sankteco/.venv/lib/python3.8/site-packages/PySide2/Qt/plugins/imageformats/libqtga.so, metadata=
{
    "IID": "org.qt-project.Qt.QImageIOHandlerFactoryInterface",
    "MetaData": {
        "Keys": [
            "tga"
        ],
        "MimeTypes": [
            "image/x-tga"
        ]
    },
    "archreq": 0,
    "className": "QTgaPlugin",
    "debug": false,
    "version": 331520
}


Got keys from plugin meta data ("tga")
QFactoryLoader::QFactoryLoader() looking at "/home/ydssj233/文档/Sankteco/.venv/lib/python3.8/site-packages/PySide2/Qt/plugins/imageformats/libqtiff.so"
Found metadata in lib /home/ydssj233/文档/Sankteco/.venv/lib/python3.8/site-packages/PySide2/Qt/plugins/imageformats/libqtiff.so, metadata=
{
    "IID": "org.qt-project.Qt.QImageIOHandlerFactoryInterface",
    "MetaData": {
        "Keys": [
            "tiff",
            "tif"
        ],
        "MimeTypes": [
            "image/tiff",
            "image/tiff"
        ]
    },
    "archreq": 0,
    "className": "QTiffPlugin",
    "debug": false,
    "version": 331520
}


Got keys from plugin meta data ("tiff", "tif")
QFactoryLoader::QFactoryLoader() looking at "/home/ydssj233/文档/Sankteco/.venv/lib/python3.8/site-packages/PySide2/Qt/plugins/imageformats/libqwbmp.so"
Found metadata in lib /home/ydssj233/文档/Sankteco/.venv/lib/python3.8/site-packages/PySide2/Qt/plugins/imageformats/libqwbmp.so, metadata=
{
    "IID": "org.qt-project.Qt.QImageIOHandlerFactoryInterface",
    "MetaData": {
        "Keys": [
            "wbmp"
        ],
        "MimeTypes": [
            "image/vnd.wap.wbmp"
        ]
    },
    "archreq": 0,
    "className": "QWbmpPlugin",
    "debug": false,
    "version": 331520
}


Got keys from plugin meta data ("wbmp")
QFactoryLoader::QFactoryLoader() looking at "/home/ydssj233/文档/Sankteco/.venv/lib/python3.8/site-packages/PySide2/Qt/plugins/imageformats/libqwebp.so"
Found metadata in lib /home/ydssj233/文档/Sankteco/.venv/lib/python3.8/site-packages/PySide2/Qt/plugins/imageformats/libqwebp.so, metadata=
{
    "IID": "org.qt-project.Qt.QImageIOHandlerFactoryInterface",
    "MetaData": {
        "Keys": [
            "webp"
        ],
        "MimeTypes": [
            "image/webp"
        ]
    },
    "archreq": 0,
    "className": "QWebpPlugin",
    "debug": false,
    "version": 331520
}


Got keys from plugin meta data ("webp")
QFactoryLoader::QFactoryLoader() checking directory path "/usr/bin/imageformats" ...
loaded library "/home/ydssj233/文档/Sankteco/.venv/lib/python3.8/site-packages/PySide2/Qt/plugins/imageformats/libqgif.so"
loaded library "/home/ydssj233/文档/Sankteco/.venv/lib/python3.8/site-packages/PySide2/Qt/plugins/imageformats/libqicns.so"
loaded library "/home/ydssj233/文档/Sankteco/.venv/lib/python3.8/site-packages/PySide2/Qt/plugins/imageformats/libqico.so"
loaded library "/home/ydssj233/文档/Sankteco/.venv/lib/python3.8/site-packages/PySide2/Qt/plugins/imageformats/libqjpeg.so"
loaded library "/home/ydssj233/文档/Sankteco/.venv/lib/python3.8/site-packages/PySide2/Qt/plugins/imageformats/libqpdf.so"
loaded library "/home/ydssj233/文档/Sankteco/.venv/lib/python3.8/site-packages/PySide2/Qt/plugins/imageformats/libqsvg.so"
loaded library "/home/ydssj233/文档/Sankteco/.venv/lib/python3.8/site-packages/PySide2/Qt/plugins/imageformats/libqtga.so"
loaded library "/home/ydssj233/文档/Sankteco/.venv/lib/python3.8/site-packages/PySide2/Qt/plugins/imageformats/libqtiff.so"
loaded library "/home/ydssj233/文档/Sankteco/.venv/lib/python3.8/site-packages/PySide2/Qt/plugins/imageformats/libqwbmp.so"
loaded library "/home/ydssj233/文档/Sankteco/.venv/lib/python3.8/site-packages/PySide2/Qt/plugins/imageformats/libqwebp.so"
QFactoryLoader::QFactoryLoader() checking directory path "/home/ydssj233/文档/Sankteco/.venv/lib/python3.8/site-packages/PySide2/Qt/plugins/accessible" ...
QFactoryLoader::QFactoryLoader() checking directory path "/usr/bin/accessible" ...
QLayout: Attempting to add QLayout "" to PrayQuickSettingGroup "", which already has a layout
QFactoryLoader::QFactoryLoader() checking directory path "/home/ydssj233/文档/Sankteco/.venv/lib/python3.8/site-packages/PySide2/Qt/plugins/iconengines" ...
QFactoryLoader::QFactoryLoader() looking at "/home/ydssj233/文档/Sankteco/.venv/lib/python3.8/site-packages/PySide2/Qt/plugins/iconengines/libqsvgicon.so"
Found metadata in lib /home/ydssj233/文档/Sankteco/.venv/lib/python3.8/site-packages/PySide2/Qt/plugins/iconengines/libqsvgicon.so, metadata=
{
    "IID": "org.qt-project.Qt.QIconEngineFactoryInterface",
    "MetaData": {
        "Keys": [
            "svg",
            "svgz",
            "svg.gz"
        ]
    },
    "archreq": 0,
    "className": "QSvgIconPlugin",
    "debug": false,
    "version": 331520
}


Got keys from plugin meta data ("svg", "svgz", "svg.gz")
QFactoryLoader::QFactoryLoader() checking directory path "/usr/bin/iconengines" ...
QFactoryLoader::QFactoryLoader() checking directory path "/home/ydssj233/文档/Sankteco/.venv/lib/python3.8/site-packages/PySide2/Qt/plugins/xcbglintegrations" ...
QFactoryLoader::QFactoryLoader() looking at "/home/ydssj233/文档/Sankteco/.venv/lib/python3.8/site-packages/PySide2/Qt/plugins/xcbglintegrations/libqxcb-egl-integration.so"
Found metadata in lib /home/ydssj233/文档/Sankteco/.venv/lib/python3.8/site-packages/PySide2/Qt/plugins/xcbglintegrations/libqxcb-egl-integration.so, metadata=
{
    "IID": "org.qt-project.Qt.QPA.Xcb.QXcbGlIntegrationFactoryInterface.5.5",
    "MetaData": {
        "Keys": [
            "xcb_egl"
        ]
    },
    "archreq": 0,
    "className": "QXcbEglIntegrationPlugin",
    "debug": false,
    "version": 331520
}


Got keys from plugin meta data ("xcb_egl")
QFactoryLoader::QFactoryLoader() looking at "/home/ydssj233/文档/Sankteco/.venv/lib/python3.8/site-packages/PySide2/Qt/plugins/xcbglintegrations/libqxcb-glx-integration.so"
Found metadata in lib /home/ydssj233/文档/Sankteco/.venv/lib/python3.8/site-packages/PySide2/Qt/plugins/xcbglintegrations/libqxcb-glx-integration.so, metadata=
{
    "IID": "org.qt-project.Qt.QPA.Xcb.QXcbGlIntegrationFactoryInterface.5.5",
    "MetaData": {
        "Keys": [
            "xcb_glx"
        ]
    },
    "archreq": 0,
    "className": "QXcbGlxIntegrationPlugin",
    "debug": false,
    "version": 331520
}


Got keys from plugin meta data ("xcb_glx")
QFactoryLoader::QFactoryLoader() checking directory path "/usr/bin/xcbglintegrations" ...
loaded library "/home/ydssj233/文档/Sankteco/.venv/lib/python3.8/site-packages/PySide2/Qt/plugins/xcbglintegrations/libqxcb-glx-integration.so"
QFactoryLoader::QFactoryLoader() checking directory path "/home/ydssj233/文档/Sankteco/.venv/lib/python3.8/site-packages/PySide2/Qt/plugins/accessiblebridge" ...
QFactoryLoader::QFactoryLoader() checking directory path "/usr/bin/accessiblebridge" ...

[1;33m📢 Tips:[0m QFluentWidgets Pro is now released. Click [1;96mhttps://qfluentwidgets.com/pages/pro[0m to learn more about it.

插件数据目录: /home/ydssj233/.local/share/start.py/Sankteco/plugins/data/plugin_template
插件 'Sankteco示例插件' 已添加到导航栏
插件信号已连接
QLibraryPrivate::unload succeeded on "/home/ydssj233/文档/Sankteco/.venv/lib/python3.8/site-packages/PySide2/Qt/plugins/xcbglintegrations/libqxcb-glx-integration.so" 
QLibraryPrivate::unload succeeded on "/home/ydssj233/文档/Sankteco/.venv/lib/python3.8/site-packages/PySide2/Qt/plugins/imageformats/libqgif.so" 
QLibraryPrivate::unload succeeded on "/home/ydssj233/文档/Sankteco/.venv/lib/python3.8/site-packages/PySide2/Qt/plugins/imageformats/libqicns.so" 
QLibraryPrivate::unload succeeded on "/home/ydssj233/文档/Sankteco/.venv/lib/python3.8/site-packages/PySide2/Qt/plugins/imageformats/libqico.so" 
QLibraryPrivate::unload succeeded on "/home/ydssj233/文档/Sankteco/.venv/lib/python3.8/site-packages/PySide2/Qt/plugins/imageformats/libqjpeg.so" 
QLibraryPrivate::unload succeeded on "/home/ydssj233/文档/Sankteco/.venv/lib/python3.8/site-packages/PySide2/Qt/plugins/imageformats/libqpdf.so" 
QLibraryPrivate::unload succeeded on "/home/ydssj233/文档/Sankteco/.venv/lib/python3.8/site-packages/PySide2/Qt/plugins/imageformats/libqsvg.so" 
QLibraryPrivate::unload succeeded on "/home/ydssj233/文档/Sankteco/.venv/lib/python3.8/site-packages/PySide2/Qt/plugins/imageformats/libqtga.so" 
QLibraryPrivate::unload succeeded on "/home/ydssj233/文档/Sankteco/.venv/lib/python3.8/site-packages/PySide2/Qt/plugins/imageformats/libqtiff.so" 
QLibraryPrivate::unload succeeded on "/home/ydssj233/文档/Sankteco/.venv/lib/python3.8/site-packages/PySide2/Qt/plugins/imageformats/libqwbmp.so" 
QLibraryPrivate::unload succeeded on "/home/ydssj233/文档/Sankteco/.venv/lib/python3.8/site-packages/PySide2/Qt/plugins/imageformats/libqwebp.so" 
QLibraryPrivate::unload succeeded on "/home/ydssj233/文档/Sankteco/.venv/lib/python3.8/site-packages/PySide2/Qt/plugins/platforminputcontexts/libcomposeplatforminputcontextplugin.so" 
QLibraryPrivate::unload succeeded on "/home/ydssj233/文档/Sankteco/.venv/lib/python3.8/site-packages/PySide2/Qt/plugins/platformthemes/libqgtk3.so" 
QLibraryPrivate::unload succeeded on "/home/ydssj233/文档/Sankteco/.venv/lib/python3.8/site-packages/PySide2/Qt/plugins/platforms/libqxcb.so" 
QLibraryPrivate::unload succeeded on "Xcursor" (faked)
